ResponseId,BuyNewTool
3,Other (please specify):
4,Start a free trial
4,Visit developer communities like Stack Overflow
5,Other (please specify):
6,Start a free trial
6,Visit developer communities like Stack Overflow
7,Start a free trial
9,Ask developers I know/work with
9,Research companies that have advertised on sites I visit
9,Start a free trial
10,Ask developers I know/work with
10,Start a free trial
10,Visit developer communities like Stack Overflow
11,Ask developers I know/work with
11,Start a free trial
12,Visit developer communities like Stack Overflow
13,Ask developers I know/work with
13,Start a free trial
14,Ask developers I know/work with
14,Start a free trial
14,Visit developer communities like Stack Overflow
15,Start a free trial
16,Research companies that have advertised on sites I visit
16,Start a free trial
17,Ask developers I know/work with
17,Start a free trial
18,Ask developers I know/work with
18,Start a free trial
18,Visit developer communities like Stack Overflow
19,Ask developers I know/work with
19,Visit developer communities like Stack Overflow
20,Ask developers I know/work with
20,Start a free trial
20,Visit developer communities like Stack Overflow
21,Start a free trial
22,Ask developers I know/work with
22,Start a free trial
23,Other (please specify):
23,Research companies that have advertised on sites I visit
23,Start a free trial
24,Start a free trial
25,Ask developers I know/work with
26,Start a free trial
27,Read ratings or reviews on third party sites like G2 Crowd
27,Start a free trial
27,Visit developer communities like Stack Overflow
28,Ask developers I know/work with
28,Other (please specify):
29,Ask developers I know/work with
29,Start a free trial
29,Visit developer communities like Stack Overflow
31,Other (please specify):
32,Ask developers I know/work with
32,Read ratings or reviews on third party sites like G2 Crowd
32,Start a free trial
32,Visit developer communities like Stack Overflow
33,Read ratings or reviews on third party sites like G2 Crowd
33,Visit developer communities like Stack Overflow
34,Ask developers I know/work with
34,Start a free trial
35,Ask developers I know/work with
35,Start a free trial
35,Visit developer communities like Stack Overflow
36,Ask developers I know/work with
36,Start a free trial
36,Visit developer communities like Stack Overflow
37,Ask developers I know/work with
37,Read ratings or reviews on third party sites like G2 Crowd
37,Start a free trial
38,Read ratings or reviews on third party sites like G2 Crowd
38,Visit developer communities like Stack Overflow
39,Ask developers I know/work with
39,Start a free trial
39,Visit developer communities like Stack Overflow
40,Ask developers I know/work with
40,Read ratings or reviews on third party sites like G2 Crowd
40,Research companies that have advertised on sites I visit
40,Start a free trial
40,Visit developer communities like Stack Overflow
41,Ask developers I know/work with
41,Read ratings or reviews on third party sites like G2 Crowd
41,Visit developer communities like Stack Overflow
42,Ask developers I know/work with
42,Start a free trial
42,Visit developer communities like Stack Overflow
43,Other (please specify):
43,Visit developer communities like Stack Overflow
44,Start a free trial
44,Visit developer communities like Stack Overflow
45,Start a free trial
46,Other (please specify):
47,Ask developers I know/work with
47,Start a free trial
47,Visit developer communities like Stack Overflow
48,Start a free trial
48,Visit developer communities like Stack Overflow
49,Visit developer communities like Stack Overflow
51,Research companies that have emailed me
51,Start a free trial
51,Visit developer communities like Stack Overflow
52,Ask developers I know/work with
52,Other (please specify):
52,Research companies that have advertised on sites I visit
52,Visit developer communities like Stack Overflow
53,Start a free trial
53,Visit developer communities like Stack Overflow
54,Ask developers I know/work with
54,Start a free trial
54,Visit developer communities like Stack Overflow
55,Ask developers I know/work with
55,Start a free trial
57,Ask developers I know/work with
57,Start a free trial
57,Visit developer communities like Stack Overflow
58,Ask developers I know/work with
59,Ask developers I know/work with
59,Read ratings or reviews on third party sites like G2 Crowd
59,Start a free trial
59,Visit developer communities like Stack Overflow
60,Ask developers I know/work with
60,Visit developer communities like Stack Overflow
61,Visit developer communities like Stack Overflow
62,Ask developers I know/work with
62,Read ratings or reviews on third party sites like G2 Crowd
62,Start a free trial
62,Visit developer communities like Stack Overflow
63,Ask developers I know/work with
63,Start a free trial
63,Visit developer communities like Stack Overflow
64,Ask developers I know/work with
64,Read ratings or reviews on third party sites like G2 Crowd
64,Visit developer communities like Stack Overflow
65,Read ratings or reviews on third party sites like G2 Crowd
65,Start a free trial
65,Visit developer communities like Stack Overflow
66,Read ratings or reviews on third party sites like G2 Crowd
66,Research companies that have advertised on sites I visit
66,Visit developer communities like Stack Overflow
67,Read ratings or reviews on third party sites like G2 Crowd
67,Start a free trial
68,Ask developers I know/work with
68,Visit developer communities like Stack Overflow
69,Research companies that have advertised on sites I visit
69,Start a free trial
69,Visit developer communities like Stack Overflow
70,Start a free trial
71,Start a free trial
72,Ask developers I know/work with
72,Start a free trial
72,Visit developer communities like Stack Overflow
73,Ask developers I know/work with
73,Start a free trial
74,Ask developers I know/work with
74,Start a free trial
74,Visit developer communities like Stack Overflow
75,Start a free trial
75,Visit developer communities like Stack Overflow
76,Ask developers I know/work with
76,Read ratings or reviews on third party sites like G2 Crowd
76,Research companies that have advertised on sites I visit
76,Start a free trial
76,Visit developer communities like Stack Overflow
78,Ask developers I know/work with
78,Start a free trial
79,Ask developers I know/work with
79,Other (please specify):
79,Start a free trial
80,Start a free trial
81,Start a free trial
81,Visit developer communities like Stack Overflow
82,Ask developers I know/work with
83,Ask developers I know/work with
83,Start a free trial
83,Visit developer communities like Stack Overflow
84,Ask developers I know/work with
84,Start a free trial
85,Read ratings or reviews on third party sites like G2 Crowd
85,Visit developer communities like Stack Overflow
87,Ask developers I know/work with
87,Start a free trial
87,Visit developer communities like Stack Overflow
88,Ask developers I know/work with
88,Start a free trial
89,Ask developers I know/work with
90,Start a free trial
91,Ask developers I know/work with
91,Start a free trial
91,Visit developer communities like Stack Overflow
93,Ask developers I know/work with
93,Start a free trial
95,Ask developers I know/work with
95,Read ratings or reviews on third party sites like G2 Crowd
95,Start a free trial
95,Visit developer communities like Stack Overflow
96,Ask developers I know/work with
96,Start a free trial
97,Ask developers I know/work with
97,Read ratings or reviews on third party sites like G2 Crowd
97,Start a free trial
97,Visit developer communities like Stack Overflow
99,Start a free trial
99,Visit developer communities like Stack Overflow
101,Start a free trial
102,Ask developers I know/work with
102,Start a free trial
103,Ask developers I know/work with
103,Start a free trial
103,Visit developer communities like Stack Overflow
104,Ask developers I know/work with
104,Read ratings or reviews on third party sites like G2 Crowd
104,Research companies that have advertised on sites I visit
104,Start a free trial
104,Visit developer communities like Stack Overflow
105,Ask developers I know/work with
105,Read ratings or reviews on third party sites like G2 Crowd
105,Start a free trial
105,Visit developer communities like Stack Overflow
106,Ask developers I know/work with
106,Read ratings or reviews on third party sites like G2 Crowd
106,Visit developer communities like Stack Overflow
107,Ask developers I know/work with
107,Read ratings or reviews on third party sites like G2 Crowd
107,Start a free trial
107,Visit developer communities like Stack Overflow
108,Start a free trial
108,Visit developer communities like Stack Overflow
109,Ask developers I know/work with
109,Read ratings or reviews on third party sites like G2 Crowd
109,Research companies that have advertised on sites I visit
109,Research companies that have emailed me
109,Start a free trial
109,Visit developer communities like Stack Overflow
110,Visit developer communities like Stack Overflow
111,Ask developers I know/work with
111,Start a free trial
112,Ask developers I know/work with
112,Start a free trial
113,Ask developers I know/work with
113,Start a free trial
113,Visit developer communities like Stack Overflow
114,Ask developers I know/work with
114,Read ratings or reviews on third party sites like G2 Crowd
114,Research companies that have advertised on sites I visit
114,Research companies that have emailed me
114,Start a free trial
114,Visit developer communities like Stack Overflow
115,Ask developers I know/work with
115,Start a free trial
115,Visit developer communities like Stack Overflow
116,Ask developers I know/work with
116,Start a free trial
116,Visit developer communities like Stack Overflow
117,Ask developers I know/work with
117,Start a free trial
117,Visit developer communities like Stack Overflow
119,Visit developer communities like Stack Overflow
120,Ask developers I know/work with
120,Start a free trial
120,Visit developer communities like Stack Overflow
121,Start a free trial
121,Visit developer communities like Stack Overflow
122,Ask developers I know/work with
122,Start a free trial
123,Research companies that have emailed me
123,Start a free trial
123,Visit developer communities like Stack Overflow
124,Read ratings or reviews on third party sites like G2 Crowd
124,Start a free trial
124,Visit developer communities like Stack Overflow
125,Ask developers I know/work with
125,Visit developer communities like Stack Overflow
126,Ask developers I know/work with
126,Start a free trial
126,Visit developer communities like Stack Overflow
127,Ask developers I know/work with
127,Read ratings or reviews on third party sites like G2 Crowd
127,Start a free trial
127,Visit developer communities like Stack Overflow
128,Read ratings or reviews on third party sites like G2 Crowd
128,Start a free trial
128,Visit developer communities like Stack Overflow
130,Read ratings or reviews on third party sites like G2 Crowd
130,Start a free trial
131,Ask developers I know/work with
131,Start a free trial
131,Visit developer communities like Stack Overflow
132,Ask developers I know/work with
132,Visit developer communities like Stack Overflow
133,Start a free trial
134,Ask developers I know/work with
134,Start a free trial
134,Visit developer communities like Stack Overflow
135,Ask developers I know/work with
135,Start a free trial
136,Read ratings or reviews on third party sites like G2 Crowd
136,Visit developer communities like Stack Overflow
137,Ask developers I know/work with
137,Start a free trial
137,Visit developer communities like Stack Overflow
138,Start a free trial
139,Ask developers I know/work with
139,Start a free trial
139,Visit developer communities like Stack Overflow
140,Ask developers I know/work with
140,Start a free trial
140,Visit developer communities like Stack Overflow
141,Ask developers I know/work with
141,Other (please specify):
141,Visit developer communities like Stack Overflow
142,Ask developers I know/work with
142,Read ratings or reviews on third party sites like G2 Crowd
142,Research companies that have advertised on sites I visit
142,Start a free trial
142,Visit developer communities like Stack Overflow
143,Start a free trial
144,Start a free trial
144,Visit developer communities like Stack Overflow
145,Ask developers I know/work with
145,Start a free trial
147,Ask developers I know/work with
147,Start a free trial
148,Ask developers I know/work with
148,Start a free trial
148,Visit developer communities like Stack Overflow
149,Start a free trial
149,Visit developer communities like Stack Overflow
150,Ask developers I know/work with
150,Start a free trial
150,Visit developer communities like Stack Overflow
151,Ask developers I know/work with
151,Research companies that have advertised on sites I visit
152,Ask developers I know/work with
152,Start a free trial
153,Ask developers I know/work with
153,Start a free trial
154,Ask developers I know/work with
154,Start a free trial
155,Start a free trial
155,Visit developer communities like Stack Overflow
156,Ask developers I know/work with
156,Read ratings or reviews on third party sites like G2 Crowd
156,Visit developer communities like Stack Overflow
157,Other (please specify):
157,Read ratings or reviews on third party sites like G2 Crowd
157,Start a free trial
157,Visit developer communities like Stack Overflow
158,Ask developers I know/work with
159,Ask developers I know/work with
159,Start a free trial
160,Ask developers I know/work with
160,Read ratings or reviews on third party sites like G2 Crowd
160,Visit developer communities like Stack Overflow
161,Ask developers I know/work with
161,Start a free trial
161,Visit developer communities like Stack Overflow
162,Start a free trial
162,Visit developer communities like Stack Overflow
163,Start a free trial
164,Other (please specify):
164,Start a free trial
164,Visit developer communities like Stack Overflow
165,Ask developers I know/work with
166,Ask developers I know/work with
166,Visit developer communities like Stack Overflow
167,Read ratings or reviews on third party sites like G2 Crowd
167,Start a free trial
167,Visit developer communities like Stack Overflow
169,Ask developers I know/work with
169,Read ratings or reviews on third party sites like G2 Crowd
169,Start a free trial
169,Visit developer communities like Stack Overflow
170,Ask developers I know/work with
170,Read ratings or reviews on third party sites like G2 Crowd
170,Visit developer communities like Stack Overflow
171,Read ratings or reviews on third party sites like G2 Crowd
171,Visit developer communities like Stack Overflow
172,Ask developers I know/work with
172,Start a free trial
173,Read ratings or reviews on third party sites like G2 Crowd
173,Visit developer communities like Stack Overflow
174,Other (please specify):
174,Research companies that have advertised on sites I visit
174,Start a free trial
175,Read ratings or reviews on third party sites like G2 Crowd
175,Start a free trial
175,Visit developer communities like Stack Overflow
176,Ask developers I know/work with
176,Start a free trial
177,Start a free trial
177,Visit developer communities like Stack Overflow
178,Ask developers I know/work with
178,Start a free trial
178,Visit developer communities like Stack Overflow
179,Start a free trial
180,Start a free trial
182,Ask developers I know/work with
182,Start a free trial
183,Ask developers I know/work with
183,Start a free trial
184,Ask developers I know/work with
184,Read ratings or reviews on third party sites like G2 Crowd
184,Research companies that have advertised on sites I visit
184,Start a free trial
184,Visit developer communities like Stack Overflow
185,Ask developers I know/work with
185,Start a free trial
185,Visit developer communities like Stack Overflow
187,Ask developers I know/work with
187,Start a free trial
188,Ask developers I know/work with
188,Read ratings or reviews on third party sites like G2 Crowd
188,Start a free trial
188,Visit developer communities like Stack Overflow
189,Ask developers I know/work with
189,Start a free trial
191,Ask developers I know/work with
191,Read ratings or reviews on third party sites like G2 Crowd
191,Research companies that have advertised on sites I visit
191,Visit developer communities like Stack Overflow
192,Ask developers I know/work with
192,Read ratings or reviews on third party sites like G2 Crowd
192,Start a free trial
193,Ask developers I know/work with
193,Read ratings or reviews on third party sites like G2 Crowd
193,Start a free trial
194,Research companies that have advertised on sites I visit
194,Start a free trial
194,Visit developer communities like Stack Overflow
196,Ask developers I know/work with
196,Start a free trial
196,Visit developer communities like Stack Overflow
197,Ask developers I know/work with
197,Start a free trial
197,Visit developer communities like Stack Overflow
198,Ask developers I know/work with
199,Ask developers I know/work with
199,Start a free trial
200,Read ratings or reviews on third party sites like G2 Crowd
200,Start a free trial
200,Visit developer communities like Stack Overflow
201,Ask developers I know/work with
201,Read ratings or reviews on third party sites like G2 Crowd
201,Research companies that have advertised on sites I visit
201,Research companies that have emailed me
201,Start a free trial
201,Visit developer communities like Stack Overflow
202,Ask developers I know/work with
202,Start a free trial
202,Visit developer communities like Stack Overflow
203,Ask developers I know/work with
203,Visit developer communities like Stack Overflow
204,Other (please specify):
204,Read ratings or reviews on third party sites like G2 Crowd
204,Research companies that have advertised on sites I visit
204,Start a free trial
204,Visit developer communities like Stack Overflow
205,Ask developers I know/work with
205,Visit developer communities like Stack Overflow
206,Ask developers I know/work with
206,Start a free trial
206,Visit developer communities like Stack Overflow
207,Ask developers I know/work with
207,Read ratings or reviews on third party sites like G2 Crowd
207,Start a free trial
208,Ask developers I know/work with
208,Start a free trial
209,Ask developers I know/work with
209,Start a free trial
209,Visit developer communities like Stack Overflow
210,Research companies that have advertised on sites I visit
210,Start a free trial
210,Visit developer communities like Stack Overflow
211,Read ratings or reviews on third party sites like G2 Crowd
211,Research companies that have advertised on sites I visit
211,Start a free trial
211,Visit developer communities like Stack Overflow
212,Ask developers I know/work with
212,Start a free trial
212,Visit developer communities like Stack Overflow
213,Ask developers I know/work with
213,Read ratings or reviews on third party sites like G2 Crowd
213,Start a free trial
214,Start a free trial
214,Visit developer communities like Stack Overflow
215,Ask developers I know/work with
215,Start a free trial
215,Visit developer communities like Stack Overflow
216,Read ratings or reviews on third party sites like G2 Crowd
216,Visit developer communities like Stack Overflow
217,Start a free trial
218,Ask developers I know/work with
218,Other (please specify):
218,Read ratings or reviews on third party sites like G2 Crowd
218,Start a free trial
219,Ask developers I know/work with
219,Start a free trial
219,Visit developer communities like Stack Overflow
220,Ask developers I know/work with
220,Read ratings or reviews on third party sites like G2 Crowd
220,Research companies that have advertised on sites I visit
220,Visit developer communities like Stack Overflow
221,Ask developers I know/work with
221,Start a free trial
221,Visit developer communities like Stack Overflow
222,Ask developers I know/work with
222,Read ratings or reviews on third party sites like G2 Crowd
222,Start a free trial
222,Visit developer communities like Stack Overflow
223,Ask developers I know/work with
223,Visit developer communities like Stack Overflow
225,Ask developers I know/work with
225,Read ratings or reviews on third party sites like G2 Crowd
225,Start a free trial
226,Ask developers I know/work with
226,Start a free trial
227,Other (please specify):
228,Ask developers I know/work with
228,Other (please specify):
228,Start a free trial
228,Visit developer communities like Stack Overflow
229,Start a free trial
231,Ask developers I know/work with
231,Read ratings or reviews on third party sites like G2 Crowd
231,Visit developer communities like Stack Overflow
232,Ask developers I know/work with
232,Start a free trial
233,Ask developers I know/work with
233,Read ratings or reviews on third party sites like G2 Crowd
233,Start a free trial
233,Visit developer communities like Stack Overflow
235,Ask developers I know/work with
235,Read ratings or reviews on third party sites like G2 Crowd
235,Start a free trial
235,Visit developer communities like Stack Overflow
236,Read ratings or reviews on third party sites like G2 Crowd
236,Research companies that have advertised on sites I visit
236,Start a free trial
237,Ask developers I know/work with
237,Start a free trial
237,Visit developer communities like Stack Overflow
238,Start a free trial
239,Ask developers I know/work with
239,Start a free trial
239,Visit developer communities like Stack Overflow
240,Ask developers I know/work with
240,Read ratings or reviews on third party sites like G2 Crowd
240,Start a free trial
240,Visit developer communities like Stack Overflow
241,Ask developers I know/work with
241,Read ratings or reviews on third party sites like G2 Crowd
241,Start a free trial
241,Visit developer communities like Stack Overflow
242,Start a free trial
243,Ask developers I know/work with
243,Start a free trial
243,Visit developer communities like Stack Overflow
244,Ask developers I know/work with
244,Read ratings or reviews on third party sites like G2 Crowd
244,Start a free trial
244,Visit developer communities like Stack Overflow
245,Ask developers I know/work with
245,Read ratings or reviews on third party sites like G2 Crowd
245,Start a free trial
245,Visit developer communities like Stack Overflow
246,Ask developers I know/work with
246,Other (please specify):
246,Start a free trial
247,Ask developers I know/work with
247,Other (please specify):
247,Visit developer communities like Stack Overflow
248,Ask developers I know/work with
248,Start a free trial
250,Ask developers I know/work with
250,Start a free trial
251,Ask developers I know/work with
251,Start a free trial
252,Start a free trial
253,Ask developers I know/work with
253,Read ratings or reviews on third party sites like G2 Crowd
253,Start a free trial
254,Ask developers I know/work with
254,Read ratings or reviews on third party sites like G2 Crowd
254,Research companies that have advertised on sites I visit
254,Research companies that have emailed me
254,Start a free trial
254,Visit developer communities like Stack Overflow
255,Other (please specify):
255,Start a free trial
256,Ask developers I know/work with
256,Start a free trial
257,Read ratings or reviews on third party sites like G2 Crowd
257,Start a free trial
257,Visit developer communities like Stack Overflow
258,Read ratings or reviews on third party sites like G2 Crowd
258,Visit developer communities like Stack Overflow
259,Ask developers I know/work with
259,Visit developer communities like Stack Overflow
260,Ask developers I know/work with
260,Read ratings or reviews on third party sites like G2 Crowd
260,Start a free trial
260,Visit developer communities like Stack Overflow
261,Ask developers I know/work with
261,Research companies that have advertised on sites I visit
261,Research companies that have emailed me
261,Start a free trial
262,Ask developers I know/work with
262,Visit developer communities like Stack Overflow
263,Ask developers I know/work with
263,Start a free trial
263,Visit developer communities like Stack Overflow
265,Start a free trial
265,Visit developer communities like Stack Overflow
266,Ask developers I know/work with
266,Start a free trial
267,Ask developers I know/work with
267,Start a free trial
268,Ask developers I know/work with
268,Read ratings or reviews on third party sites like G2 Crowd
268,Start a free trial
268,Visit developer communities like Stack Overflow
269,Ask developers I know/work with
269,Start a free trial
269,Visit developer communities like Stack Overflow
271,Ask developers I know/work with
271,Start a free trial
272,Ask developers I know/work with
272,Start a free trial
272,Visit developer communities like Stack Overflow
273,Ask developers I know/work with
273,Other (please specify):
273,Research companies that have advertised on sites I visit
273,Start a free trial
273,Visit developer communities like Stack Overflow
274,Ask developers I know/work with
274,Read ratings or reviews on third party sites like G2 Crowd
274,Research companies that have advertised on sites I visit
275,Ask developers I know/work with
275,Read ratings or reviews on third party sites like G2 Crowd
275,Start a free trial
276,Ask developers I know/work with
276,Research companies that have advertised on sites I visit
276,Research companies that have emailed me
276,Start a free trial
276,Visit developer communities like Stack Overflow
277,Ask developers I know/work with
278,Other (please specify):
279,Ask developers I know/work with
279,Start a free trial
279,Visit developer communities like Stack Overflow
280,Ask developers I know/work with
280,Read ratings or reviews on third party sites like G2 Crowd
280,Start a free trial
280,Visit developer communities like Stack Overflow
281,Ask developers I know/work with
281,Start a free trial
281,Visit developer communities like Stack Overflow
282,Ask developers I know/work with
282,Start a free trial
282,Visit developer communities like Stack Overflow
283,Ask developers I know/work with
283,Read ratings or reviews on third party sites like G2 Crowd
283,Start a free trial
283,Visit developer communities like Stack Overflow
284,Ask developers I know/work with
284,Start a free trial
284,Visit developer communities like Stack Overflow
285,Start a free trial
285,Visit developer communities like Stack Overflow
286,Ask developers I know/work with
286,Start a free trial
287,Ask developers I know/work with
287,Visit developer communities like Stack Overflow
288,Start a free trial
289,Ask developers I know/work with
289,Read ratings or reviews on third party sites like G2 Crowd
289,Start a free trial
289,Visit developer communities like Stack Overflow
290,Ask developers I know/work with
290,Visit developer communities like Stack Overflow
291,Ask developers I know/work with
291,Read ratings or reviews on third party sites like G2 Crowd
291,Visit developer communities like Stack Overflow
292,Ask developers I know/work with
292,Visit developer communities like Stack Overflow
293,Start a free trial
293,Visit developer communities like Stack Overflow
294,Start a free trial
295,Ask developers I know/work with
295,Read ratings or reviews on third party sites like G2 Crowd
295,Start a free trial
296,Ask developers I know/work with
296,Start a free trial
297,Ask developers I know/work with
297,Read ratings or reviews on third party sites like G2 Crowd
297,Start a free trial
298,Ask developers I know/work with
298,Start a free trial
299,Ask developers I know/work with
299,Start a free trial
299,Visit developer communities like Stack Overflow
300,Ask developers I know/work with
301,Read ratings or reviews on third party sites like G2 Crowd
303,Other (please specify):
303,Start a free trial
304,Start a free trial
305,Ask developers I know/work with
305,Start a free trial
306,Ask developers I know/work with
306,Visit developer communities like Stack Overflow
307,Ask developers I know/work with
307,Start a free trial
307,Visit developer communities like Stack Overflow
308,Ask developers I know/work with
308,Read ratings or reviews on third party sites like G2 Crowd
308,Start a free trial
309,Ask developers I know/work with
309,Visit developer communities like Stack Overflow
310,Ask developers I know/work with
311,Ask developers I know/work with
311,Start a free trial
312,Ask developers I know/work with
312,Read ratings or reviews on third party sites like G2 Crowd
313,Ask developers I know/work with
314,Other (please specify):
315,Ask developers I know/work with
315,Start a free trial
316,Ask developers I know/work with
316,Start a free trial
316,Visit developer communities like Stack Overflow
317,Ask developers I know/work with
317,Read ratings or reviews on third party sites like G2 Crowd
317,Visit developer communities like Stack Overflow
318,Ask developers I know/work with
318,Read ratings or reviews on third party sites like G2 Crowd
318,Research companies that have advertised on sites I visit
318,Start a free trial
318,Visit developer communities like Stack Overflow
320,Ask developers I know/work with
320,Read ratings or reviews on third party sites like G2 Crowd
320,Start a free trial
320,Visit developer communities like Stack Overflow
321,Start a free trial
321,Visit developer communities like Stack Overflow
322,Ask developers I know/work with
322,Start a free trial
323,Ask developers I know/work with
323,Start a free trial
324,Ask developers I know/work with
324,Visit developer communities like Stack Overflow
325,Start a free trial
326,Start a free trial
327,Ask developers I know/work with
327,Read ratings or reviews on third party sites like G2 Crowd
327,Start a free trial
327,Visit developer communities like Stack Overflow
328,Ask developers I know/work with
328,Start a free trial
328,Visit developer communities like Stack Overflow
329,Ask developers I know/work with
329,Read ratings or reviews on third party sites like G2 Crowd
329,Start a free trial
329,Visit developer communities like Stack Overflow
330,Ask developers I know/work with
331,Ask developers I know/work with
331,Other (please specify):
331,Visit developer communities like Stack Overflow
332,Start a free trial
334,Ask developers I know/work with
334,Start a free trial
334,Visit developer communities like Stack Overflow
337,Ask developers I know/work with
337,Research companies that have advertised on sites I visit
337,Start a free trial
337,Visit developer communities like Stack Overflow
338,Ask developers I know/work with
338,Start a free trial
338,Visit developer communities like Stack Overflow
339,Ask developers I know/work with
340,Ask developers I know/work with
340,Read ratings or reviews on third party sites like G2 Crowd
340,Research companies that have advertised on sites I visit
340,Research companies that have emailed me
340,Start a free trial
340,Visit developer communities like Stack Overflow
341,Ask developers I know/work with
341,Start a free trial
342,Read ratings or reviews on third party sites like G2 Crowd
342,Start a free trial
342,Visit developer communities like Stack Overflow
343,Ask developers I know/work with
343,Start a free trial
344,Ask developers I know/work with
344,Read ratings or reviews on third party sites like G2 Crowd
344,Start a free trial
344,Visit developer communities like Stack Overflow
345,Read ratings or reviews on third party sites like G2 Crowd
345,Start a free trial
346,Research companies that have advertised on sites I visit
346,Start a free trial
347,Ask developers I know/work with
347,Start a free trial
347,Visit developer communities like Stack Overflow
348,Start a free trial
348,Visit developer communities like Stack Overflow
351,Ask developers I know/work with
351,Start a free trial
352,Ask developers I know/work with
352,Start a free trial
352,Visit developer communities like Stack Overflow
353,Research companies that have advertised on sites I visit
354,Start a free trial
354,Visit developer communities like Stack Overflow
355,Ask developers I know/work with
355,Start a free trial
355,Visit developer communities like Stack Overflow
356,Start a free trial
357,Ask developers I know/work with
357,Read ratings or reviews on third party sites like G2 Crowd
358,Read ratings or reviews on third party sites like G2 Crowd
358,Start a free trial
359,Ask developers I know/work with
359,Research companies that have advertised on sites I visit
359,Start a free trial
360,Ask developers I know/work with
360,Start a free trial
361,Ask developers I know/work with
361,Start a free trial
361,Visit developer communities like Stack Overflow
362,Ask developers I know/work with
362,Visit developer communities like Stack Overflow
363,Ask developers I know/work with
363,Read ratings or reviews on third party sites like G2 Crowd
363,Start a free trial
363,Visit developer communities like Stack Overflow
364,Start a free trial
365,Ask developers I know/work with
365,Read ratings or reviews on third party sites like G2 Crowd
365,Start a free trial
365,Visit developer communities like Stack Overflow
366,Ask developers I know/work with
366,Research companies that have advertised on sites I visit
366,Research companies that have emailed me
366,Start a free trial
368,Ask developers I know/work with
368,Start a free trial
369,Ask developers I know/work with
369,Start a free trial
370,Ask developers I know/work with
370,Start a free trial
370,Visit developer communities like Stack Overflow
372,Start a free trial
373,Ask developers I know/work with
373,Start a free trial
374,Ask developers I know/work with
374,Start a free trial
375,Read ratings or reviews on third party sites like G2 Crowd
375,Visit developer communities like Stack Overflow
376,Start a free trial
377,Ask developers I know/work with
377,Other (please specify):
377,Read ratings or reviews on third party sites like G2 Crowd
377,Research companies that have advertised on sites I visit
377,Research companies that have emailed me
378,Start a free trial
379,Ask developers I know/work with
380,Ask developers I know/work with
380,Start a free trial
380,Visit developer communities like Stack Overflow
381,Read ratings or reviews on third party sites like G2 Crowd
381,Research companies that have advertised on sites I visit
381,Start a free trial
381,Visit developer communities like Stack Overflow
382,Ask developers I know/work with
382,Other (please specify):
383,Ask developers I know/work with
383,Start a free trial
384,Visit developer communities like Stack Overflow
385,Ask developers I know/work with
385,Start a free trial
386,Ask developers I know/work with
386,Start a free trial
387,Ask developers I know/work with
387,Start a free trial
388,Ask developers I know/work with
388,Start a free trial
388,Visit developer communities like Stack Overflow
389,Ask developers I know/work with
389,Other (please specify):
389,Read ratings or reviews on third party sites like G2 Crowd
389,Start a free trial
390,Start a free trial
391,Ask developers I know/work with
391,Read ratings or reviews on third party sites like G2 Crowd
391,Start a free trial
391,Visit developer communities like Stack Overflow
393,Read ratings or reviews on third party sites like G2 Crowd
394,Ask developers I know/work with
395,Ask developers I know/work with
395,Visit developer communities like Stack Overflow
396,Read ratings or reviews on third party sites like G2 Crowd
396,Start a free trial
396,Visit developer communities like Stack Overflow
397,Ask developers I know/work with
397,Visit developer communities like Stack Overflow
398,Ask developers I know/work with
398,Start a free trial
399,Ask developers I know/work with
399,Visit developer communities like Stack Overflow
400,Ask developers I know/work with
400,Start a free trial
401,Ask developers I know/work with
401,Read ratings or reviews on third party sites like G2 Crowd
401,Start a free trial
402,Ask developers I know/work with
402,Start a free trial
402,Visit developer communities like Stack Overflow
403,Ask developers I know/work with
403,Visit developer communities like Stack Overflow
404,Ask developers I know/work with
404,Read ratings or reviews on third party sites like G2 Crowd
404,Start a free trial
404,Visit developer communities like Stack Overflow
406,Ask developers I know/work with
406,Start a free trial
406,Visit developer communities like Stack Overflow
407,Ask developers I know/work with
407,Read ratings or reviews on third party sites like G2 Crowd
407,Research companies that have advertised on sites I visit
408,Ask developers I know/work with
408,Start a free trial
409,Research companies that have advertised on sites I visit
409,Visit developer communities like Stack Overflow
410,Ask developers I know/work with
410,Start a free trial
411,Ask developers I know/work with
411,Read ratings or reviews on third party sites like G2 Crowd
411,Start a free trial
411,Visit developer communities like Stack Overflow
412,Ask developers I know/work with
412,Start a free trial
413,Start a free trial
414,Research companies that have advertised on sites I visit
414,Research companies that have emailed me
414,Start a free trial
414,Visit developer communities like Stack Overflow
415,Ask developers I know/work with
415,Visit developer communities like Stack Overflow
416,Ask developers I know/work with
416,Visit developer communities like Stack Overflow
417,Read ratings or reviews on third party sites like G2 Crowd
417,Start a free trial
417,Visit developer communities like Stack Overflow
418,Visit developer communities like Stack Overflow
419,Ask developers I know/work with
419,Start a free trial
421,Start a free trial
422,Ask developers I know/work with
422,Other (please specify):
423,Other (please specify):
424,Ask developers I know/work with
424,Other (please specify):
424,Start a free trial
426,Ask developers I know/work with
426,Read ratings or reviews on third party sites like G2 Crowd
426,Visit developer communities like Stack Overflow
427,Ask developers I know/work with
427,Start a free trial
427,Visit developer communities like Stack Overflow
428,Ask developers I know/work with
428,Read ratings or reviews on third party sites like G2 Crowd
428,Research companies that have advertised on sites I visit
428,Start a free trial
428,Visit developer communities like Stack Overflow
429,Ask developers I know/work with
429,Read ratings or reviews on third party sites like G2 Crowd
429,Start a free trial
429,Visit developer communities like Stack Overflow
430,Other (please specify):
431,Ask developers I know/work with
431,Start a free trial
431,Visit developer communities like Stack Overflow
432,Ask developers I know/work with
432,Visit developer communities like Stack Overflow
433,Ask developers I know/work with
433,Start a free trial
433,Visit developer communities like Stack Overflow
434,Ask developers I know/work with
435,Ask developers I know/work with
435,Visit developer communities like Stack Overflow
436,Ask developers I know/work with
436,Start a free trial
436,Visit developer communities like Stack Overflow
437,Ask developers I know/work with
437,Visit developer communities like Stack Overflow
438,Ask developers I know/work with
439,Ask developers I know/work with
439,Start a free trial
439,Visit developer communities like Stack Overflow
440,Ask developers I know/work with
440,Start a free trial
440,Visit developer communities like Stack Overflow
441,Ask developers I know/work with
441,Read ratings or reviews on third party sites like G2 Crowd
441,Start a free trial
442,Start a free trial
443,Ask developers I know/work with
443,Research companies that have advertised on sites I visit
443,Research companies that have emailed me
443,Start a free trial
443,Visit developer communities like Stack Overflow
444,Visit developer communities like Stack Overflow
445,Ask developers I know/work with
445,Visit developer communities like Stack Overflow
446,Ask developers I know/work with
446,Start a free trial
447,Ask developers I know/work with
447,Read ratings or reviews on third party sites like G2 Crowd
447,Visit developer communities like Stack Overflow
448,Ask developers I know/work with
448,Read ratings or reviews on third party sites like G2 Crowd
448,Start a free trial
448,Visit developer communities like Stack Overflow
449,Start a free trial
449,Visit developer communities like Stack Overflow
450,Ask developers I know/work with
450,Visit developer communities like Stack Overflow
451,Visit developer communities like Stack Overflow
452,Start a free trial
453,Ask developers I know/work with
453,Visit developer communities like Stack Overflow
454,Research companies that have advertised on sites I visit
454,Start a free trial
455,Start a free trial
456,Ask developers I know/work with
456,Start a free trial
457,Ask developers I know/work with
458,Ask developers I know/work with
458,Start a free trial
459,Ask developers I know/work with
459,Read ratings or reviews on third party sites like G2 Crowd
459,Start a free trial
460,Ask developers I know/work with
460,Start a free trial
461,Visit developer communities like Stack Overflow
462,Other (please specify):
463,Ask developers I know/work with
463,Start a free trial
464,Ask developers I know/work with
464,Research companies that have advertised on sites I visit
464,Visit developer communities like Stack Overflow
465,Ask developers I know/work with
466,Ask developers I know/work with
466,Visit developer communities like Stack Overflow
467,Start a free trial
468,Start a free trial
468,Visit developer communities like Stack Overflow
469,Ask developers I know/work with
469,Start a free trial
469,Visit developer communities like Stack Overflow
470,Ask developers I know/work with
470,Research companies that have advertised on sites I visit
470,Start a free trial
470,Visit developer communities like Stack Overflow
472,Ask developers I know/work with
472,Visit developer communities like Stack Overflow
473,Ask developers I know/work with
473,Start a free trial
474,Ask developers I know/work with
474,Start a free trial
475,Ask developers I know/work with
475,Visit developer communities like Stack Overflow
476,Ask developers I know/work with
476,Other (please specify):
476,Read ratings or reviews on third party sites like G2 Crowd
476,Start a free trial
477,Read ratings or reviews on third party sites like G2 Crowd
477,Research companies that have advertised on sites I visit
477,Start a free trial
477,Visit developer communities like Stack Overflow
478,Start a free trial
479,Read ratings or reviews on third party sites like G2 Crowd
479,Start a free trial
479,Visit developer communities like Stack Overflow
481,Other (please specify):
482,Read ratings or reviews on third party sites like G2 Crowd
482,Start a free trial
482,Visit developer communities like Stack Overflow
483,Ask developers I know/work with
483,Start a free trial
483,Visit developer communities like Stack Overflow
484,Ask developers I know/work with
484,Start a free trial
486,Ask developers I know/work with
486,Read ratings or reviews on third party sites like G2 Crowd
486,Start a free trial
486,Visit developer communities like Stack Overflow
487,Ask developers I know/work with
487,Start a free trial
488,Ask developers I know/work with
488,Start a free trial
488,Visit developer communities like Stack Overflow
489,Ask developers I know/work with
489,Start a free trial
489,Visit developer communities like Stack Overflow
490,Ask developers I know/work with
490,Start a free trial
491,Ask developers I know/work with
491,Start a free trial
492,Ask developers I know/work with
492,Read ratings or reviews on third party sites like G2 Crowd
492,Research companies that have advertised on sites I visit
492,Visit developer communities like Stack Overflow
493,Ask developers I know/work with
493,Start a free trial
493,Visit developer communities like Stack Overflow
494,Ask developers I know/work with
494,Read ratings or reviews on third party sites like G2 Crowd
494,Start a free trial
494,Visit developer communities like Stack Overflow
495,Start a free trial
496,Ask developers I know/work with
496,Start a free trial
496,Visit developer communities like Stack Overflow
497,Ask developers I know/work with
497,Research companies that have advertised on sites I visit
497,Research companies that have emailed me
497,Start a free trial
498,Ask developers I know/work with
498,Read ratings or reviews on third party sites like G2 Crowd
498,Research companies that have advertised on sites I visit
498,Start a free trial
498,Visit developer communities like Stack Overflow
499,Ask developers I know/work with
499,Start a free trial
500,Ask developers I know/work with
500,Start a free trial
500,Visit developer communities like Stack Overflow
501,Ask developers I know/work with
501,Start a free trial
502,Ask developers I know/work with
502,Start a free trial
502,Visit developer communities like Stack Overflow
503,Ask developers I know/work with
503,Visit developer communities like Stack Overflow
504,Read ratings or reviews on third party sites like G2 Crowd
504,Start a free trial
505,Ask developers I know/work with
505,Visit developer communities like Stack Overflow
506,Read ratings or reviews on third party sites like G2 Crowd
506,Research companies that have advertised on sites I visit
506,Research companies that have emailed me
506,Start a free trial
506,Visit developer communities like Stack Overflow
507,Ask developers I know/work with
508,Ask developers I know/work with
508,Start a free trial
508,Visit developer communities like Stack Overflow
509,Ask developers I know/work with
509,Start a free trial
509,Visit developer communities like Stack Overflow
510,Ask developers I know/work with
510,Start a free trial
510,Visit developer communities like Stack Overflow
511,Ask developers I know/work with
511,Read ratings or reviews on third party sites like G2 Crowd
511,Research companies that have advertised on sites I visit
511,Start a free trial
513,Ask developers I know/work with
514,Ask developers I know/work with
514,Start a free trial
515,Ask developers I know/work with
515,Start a free trial
515,Visit developer communities like Stack Overflow
516,Read ratings or reviews on third party sites like G2 Crowd
516,Start a free trial
516,Visit developer communities like Stack Overflow
517,Ask developers I know/work with
517,Read ratings or reviews on third party sites like G2 Crowd
517,Visit developer communities like Stack Overflow
518,Other (please specify):
520,Other (please specify):
520,Start a free trial
521,Ask developers I know/work with
522,Ask developers I know/work with
522,Research companies that have advertised on sites I visit
522,Start a free trial
523,Other (please specify):
523,Visit developer communities like Stack Overflow
524,Ask developers I know/work with
524,Start a free trial
524,Visit developer communities like Stack Overflow
525,Ask developers I know/work with
525,Start a free trial
525,Visit developer communities like Stack Overflow
526,Ask developers I know/work with
526,Read ratings or reviews on third party sites like G2 Crowd
527,Ask developers I know/work with
528,Ask developers I know/work with
528,Start a free trial
529,Start a free trial
529,Visit developer communities like Stack Overflow
530,Ask developers I know/work with
530,Other (please specify):
530,Visit developer communities like Stack Overflow
531,Ask developers I know/work with
531,Start a free trial
532,Ask developers I know/work with
532,Visit developer communities like Stack Overflow
533,Other (please specify):
534,Ask developers I know/work with
534,Start a free trial
536,Ask developers I know/work with
536,Start a free trial
536,Visit developer communities like Stack Overflow
537,Ask developers I know/work with
537,Research companies that have advertised on sites I visit
537,Start a free trial
537,Visit developer communities like Stack Overflow
538,Ask developers I know/work with
538,Start a free trial
538,Visit developer communities like Stack Overflow
539,Ask developers I know/work with
539,Start a free trial
539,Visit developer communities like Stack Overflow
540,Start a free trial
541,Ask developers I know/work with
541,Start a free trial
541,Visit developer communities like Stack Overflow
543,Ask developers I know/work with
543,Start a free trial
543,Visit developer communities like Stack Overflow
544,Ask developers I know/work with
544,Start a free trial
544,Visit developer communities like Stack Overflow
545,Ask developers I know/work with
545,Start a free trial
545,Visit developer communities like Stack Overflow
546,Visit developer communities like Stack Overflow
547,Ask developers I know/work with
547,Start a free trial
547,Visit developer communities like Stack Overflow
548,Start a free trial
548,Visit developer communities like Stack Overflow
549,Ask developers I know/work with
549,Start a free trial
549,Visit developer communities like Stack Overflow
550,Ask developers I know/work with
550,Start a free trial
551,Ask developers I know/work with
551,Start a free trial
551,Visit developer communities like Stack Overflow
552,Read ratings or reviews on third party sites like G2 Crowd
552,Visit developer communities like Stack Overflow
553,Ask developers I know/work with
553,Read ratings or reviews on third party sites like G2 Crowd
553,Research companies that have advertised on sites I visit
553,Visit developer communities like Stack Overflow
554,Ask developers I know/work with
554,Start a free trial
554,Visit developer communities like Stack Overflow
555,Ask developers I know/work with
555,Start a free trial
556,Ask developers I know/work with
556,Start a free trial
557,Ask developers I know/work with
557,Visit developer communities like Stack Overflow
558,Ask developers I know/work with
558,Research companies that have advertised on sites I visit
559,Read ratings or reviews on third party sites like G2 Crowd
559,Visit developer communities like Stack Overflow
560,Visit developer communities like Stack Overflow
561,Ask developers I know/work with
561,Start a free trial
562,Ask developers I know/work with
562,Read ratings or reviews on third party sites like G2 Crowd
562,Start a free trial
562,Visit developer communities like Stack Overflow
563,Ask developers I know/work with
563,Start a free trial
563,Visit developer communities like Stack Overflow
564,Ask developers I know/work with
564,Start a free trial
564,Visit developer communities like Stack Overflow
565,Ask developers I know/work with
565,Visit developer communities like Stack Overflow
566,Start a free trial
566,Visit developer communities like Stack Overflow
567,Ask developers I know/work with
567,Visit developer communities like Stack Overflow
568,Ask developers I know/work with
568,Start a free trial
568,Visit developer communities like Stack Overflow
570,Ask developers I know/work with
570,Visit developer communities like Stack Overflow
571,Ask developers I know/work with
571,Visit developer communities like Stack Overflow
572,Ask developers I know/work with
572,Research companies that have advertised on sites I visit
573,Ask developers I know/work with
573,Start a free trial
573,Visit developer communities like Stack Overflow
574,Ask developers I know/work with
574,Other (please specify):
574,Visit developer communities like Stack Overflow
575,Visit developer communities like Stack Overflow
576,Ask developers I know/work with
576,Start a free trial
576,Visit developer communities like Stack Overflow
577,Ask developers I know/work with
577,Start a free trial
578,Ask developers I know/work with
578,Start a free trial
579,Ask developers I know/work with
579,Start a free trial
579,Visit developer communities like Stack Overflow
580,Ask developers I know/work with
580,Read ratings or reviews on third party sites like G2 Crowd
580,Start a free trial
581,Ask developers I know/work with
581,Start a free trial
581,Visit developer communities like Stack Overflow
582,Ask developers I know/work with
582,Start a free trial
583,Ask developers I know/work with
583,Read ratings or reviews on third party sites like G2 Crowd
583,Visit developer communities like Stack Overflow
584,Ask developers I know/work with
584,Start a free trial
584,Visit developer communities like Stack Overflow
585,Ask developers I know/work with
585,Start a free trial
585,Visit developer communities like Stack Overflow
586,Read ratings or reviews on third party sites like G2 Crowd
586,Start a free trial
586,Visit developer communities like Stack Overflow
588,Ask developers I know/work with
588,Other (please specify):
588,Read ratings or reviews on third party sites like G2 Crowd
588,Start a free trial
588,Visit developer communities like Stack Overflow
590,Ask developers I know/work with
590,Read ratings or reviews on third party sites like G2 Crowd
590,Visit developer communities like Stack Overflow
591,Read ratings or reviews on third party sites like G2 Crowd
591,Start a free trial
592,Ask developers I know/work with
592,Start a free trial
593,Ask developers I know/work with
593,Start a free trial
593,Visit developer communities like Stack Overflow
594,Start a free trial
595,Ask developers I know/work with
595,Read ratings or reviews on third party sites like G2 Crowd
595,Start a free trial
595,Visit developer communities like Stack Overflow
596,Read ratings or reviews on third party sites like G2 Crowd
596,Start a free trial
596,Visit developer communities like Stack Overflow
597,Visit developer communities like Stack Overflow
598,Read ratings or reviews on third party sites like G2 Crowd
598,Start a free trial
598,Visit developer communities like Stack Overflow
599,Ask developers I know/work with
599,Read ratings or reviews on third party sites like G2 Crowd
599,Research companies that have advertised on sites I visit
599,Start a free trial
599,Visit developer communities like Stack Overflow
601,Other (please specify):
602,Ask developers I know/work with
602,Read ratings or reviews on third party sites like G2 Crowd
602,Start a free trial
602,Visit developer communities like Stack Overflow
603,Start a free trial
604,Ask developers I know/work with
604,Start a free trial
604,Visit developer communities like Stack Overflow
605,Ask developers I know/work with
605,Visit developer communities like Stack Overflow
606,Ask developers I know/work with
606,Start a free trial
607,Ask developers I know/work with
608,Ask developers I know/work with
608,Start a free trial
609,Ask developers I know/work with
609,Other (please specify):
609,Read ratings or reviews on third party sites like G2 Crowd
609,Visit developer communities like Stack Overflow
610,Other (please specify):
611,Start a free trial
612,Ask developers I know/work with
612,Start a free trial
613,Ask developers I know/work with
613,Start a free trial
614,Ask developers I know/work with
614,Other (please specify):
614,Read ratings or reviews on third party sites like G2 Crowd
614,Research companies that have emailed me
614,Start a free trial
614,Visit developer communities like Stack Overflow
615,Ask developers I know/work with
616,Ask developers I know/work with
616,Start a free trial
616,Visit developer communities like Stack Overflow
617,Start a free trial
618,Ask developers I know/work with
618,Read ratings or reviews on third party sites like G2 Crowd
618,Research companies that have advertised on sites I visit
618,Start a free trial
618,Visit developer communities like Stack Overflow
619,Ask developers I know/work with
619,Read ratings or reviews on third party sites like G2 Crowd
620,Ask developers I know/work with
621,Ask developers I know/work with
621,Other (please specify):
621,Read ratings or reviews on third party sites like G2 Crowd
621,Start a free trial
621,Visit developer communities like Stack Overflow
622,Visit developer communities like Stack Overflow
623,Research companies that have advertised on sites I visit
623,Start a free trial
624,Research companies that have advertised on sites I visit
624,Start a free trial
624,Visit developer communities like Stack Overflow
625,Start a free trial
626,Start a free trial
627,Start a free trial
628,Other (please specify):
629,Ask developers I know/work with
629,Start a free trial
630,Ask developers I know/work with
630,Start a free trial
630,Visit developer communities like Stack Overflow
631,Read ratings or reviews on third party sites like G2 Crowd
631,Start a free trial
631,Visit developer communities like Stack Overflow
632,Ask developers I know/work with
632,Read ratings or reviews on third party sites like G2 Crowd
633,Ask developers I know/work with
633,Start a free trial
634,Ask developers I know/work with
634,Read ratings or reviews on third party sites like G2 Crowd
634,Start a free trial
635,Ask developers I know/work with
635,Read ratings or reviews on third party sites like G2 Crowd
635,Start a free trial
635,Visit developer communities like Stack Overflow
636,Ask developers I know/work with
636,Start a free trial
636,Visit developer communities like Stack Overflow
637,Ask developers I know/work with
638,Ask developers I know/work with
638,Read ratings or reviews on third party sites like G2 Crowd
638,Start a free trial
639,Ask developers I know/work with
639,Read ratings or reviews on third party sites like G2 Crowd
639,Visit developer communities like Stack Overflow
640,Ask developers I know/work with
640,Read ratings or reviews on third party sites like G2 Crowd
641,Ask developers I know/work with
641,Read ratings or reviews on third party sites like G2 Crowd
641,Start a free trial
641,Visit developer communities like Stack Overflow
642,Research companies that have advertised on sites I visit
642,Start a free trial
643,Ask developers I know/work with
644,Ask developers I know/work with
644,Visit developer communities like Stack Overflow
645,Ask developers I know/work with
645,Read ratings or reviews on third party sites like G2 Crowd
645,Start a free trial
645,Visit developer communities like Stack Overflow
646,Ask developers I know/work with
646,Start a free trial
647,Ask developers I know/work with
647,Other (please specify):
647,Research companies that have advertised on sites I visit
647,Start a free trial
647,Visit developer communities like Stack Overflow
649,Ask developers I know/work with
649,Visit developer communities like Stack Overflow
650,Ask developers I know/work with
650,Start a free trial
650,Visit developer communities like Stack Overflow
651,Ask developers I know/work with
651,Start a free trial
652,Ask developers I know/work with
652,Read ratings or reviews on third party sites like G2 Crowd
652,Start a free trial
652,Visit developer communities like Stack Overflow
653,Other (please specify):
654,Ask developers I know/work with
654,Start a free trial
654,Visit developer communities like Stack Overflow
655,Research companies that have emailed me
655,Start a free trial
657,Ask developers I know/work with
657,Start a free trial
658,Ask developers I know/work with
658,Start a free trial
659,Ask developers I know/work with
659,Read ratings or reviews on third party sites like G2 Crowd
659,Start a free trial
659,Visit developer communities like Stack Overflow
660,Ask developers I know/work with
660,Start a free trial
661,Start a free trial
662,Ask developers I know/work with
663,Ask developers I know/work with
663,Start a free trial
663,Visit developer communities like Stack Overflow
665,Ask developers I know/work with
665,Read ratings or reviews on third party sites like G2 Crowd
665,Start a free trial
667,Read ratings or reviews on third party sites like G2 Crowd
667,Start a free trial
667,Visit developer communities like Stack Overflow
668,Ask developers I know/work with
668,Start a free trial
668,Visit developer communities like Stack Overflow
669,Ask developers I know/work with
669,Visit developer communities like Stack Overflow
670,Other (please specify):
671,Ask developers I know/work with
671,Start a free trial
672,Ask developers I know/work with
672,Start a free trial
673,Ask developers I know/work with
673,Start a free trial
673,Visit developer communities like Stack Overflow
674,Ask developers I know/work with
674,Start a free trial
674,Visit developer communities like Stack Overflow
675,Ask developers I know/work with
675,Start a free trial
676,Ask developers I know/work with
676,Read ratings or reviews on third party sites like G2 Crowd
676,Start a free trial
676,Visit developer communities like Stack Overflow
679,Ask developers I know/work with
679,Visit developer communities like Stack Overflow
680,Ask developers I know/work with
680,Start a free trial
680,Visit developer communities like Stack Overflow
682,Start a free trial
682,Visit developer communities like Stack Overflow
683,Ask developers I know/work with
684,Ask developers I know/work with
684,Research companies that have advertised on sites I visit
684,Research companies that have emailed me
684,Start a free trial
684,Visit developer communities like Stack Overflow
685,Ask developers I know/work with
685,Other (please specify):
686,Ask developers I know/work with
686,Start a free trial
686,Visit developer communities like Stack Overflow
687,Visit developer communities like Stack Overflow
688,Start a free trial
688,Visit developer communities like Stack Overflow
690,Start a free trial
690,Visit developer communities like Stack Overflow
691,Start a free trial
691,Visit developer communities like Stack Overflow
692,Ask developers I know/work with
692,Start a free trial
692,Visit developer communities like Stack Overflow
693,Read ratings or reviews on third party sites like G2 Crowd
693,Start a free trial
694,Ask developers I know/work with
694,Visit developer communities like Stack Overflow
695,Ask developers I know/work with
695,Start a free trial
695,Visit developer communities like Stack Overflow
696,Ask developers I know/work with
696,Read ratings or reviews on third party sites like G2 Crowd
696,Research companies that have advertised on sites I visit
696,Start a free trial
696,Visit developer communities like Stack Overflow
697,Ask developers I know/work with
697,Start a free trial
697,Visit developer communities like Stack Overflow
698,Start a free trial
698,Visit developer communities like Stack Overflow
699,Ask developers I know/work with
699,Read ratings or reviews on third party sites like G2 Crowd
699,Start a free trial
699,Visit developer communities like Stack Overflow
700,Ask developers I know/work with
700,Start a free trial
700,Visit developer communities like Stack Overflow
701,Ask developers I know/work with
701,Start a free trial
702,Ask developers I know/work with
702,Research companies that have advertised on sites I visit
702,Start a free trial
703,Start a free trial
703,Visit developer communities like Stack Overflow
704,Start a free trial
706,Start a free trial
706,Visit developer communities like Stack Overflow
707,Ask developers I know/work with
707,Visit developer communities like Stack Overflow
708,Ask developers I know/work with
708,Start a free trial
709,Ask developers I know/work with
709,Research companies that have advertised on sites I visit
709,Start a free trial
710,Read ratings or reviews on third party sites like G2 Crowd
711,Ask developers I know/work with
711,Start a free trial
712,Ask developers I know/work with
712,Read ratings or reviews on third party sites like G2 Crowd
712,Start a free trial
712,Visit developer communities like Stack Overflow
713,Start a free trial
713,Visit developer communities like Stack Overflow
714,Ask developers I know/work with
714,Visit developer communities like Stack Overflow
715,Start a free trial
715,Visit developer communities like Stack Overflow
716,Read ratings or reviews on third party sites like G2 Crowd
716,Research companies that have advertised on sites I visit
716,Visit developer communities like Stack Overflow
717,Ask developers I know/work with
717,Start a free trial
718,Other (please specify):
718,Start a free trial
719,Ask developers I know/work with
719,Read ratings or reviews on third party sites like G2 Crowd
719,Visit developer communities like Stack Overflow
720,Other (please specify):
721,Other (please specify):
721,Start a free trial
721,Visit developer communities like Stack Overflow
722,Ask developers I know/work with
722,Start a free trial
723,Ask developers I know/work with
723,Start a free trial
723,Visit developer communities like Stack Overflow
724,Ask developers I know/work with
724,Start a free trial
724,Visit developer communities like Stack Overflow
725,Ask developers I know/work with
726,Ask developers I know/work with
726,Start a free trial
726,Visit developer communities like Stack Overflow
727,Visit developer communities like Stack Overflow
728,Ask developers I know/work with
728,Research companies that have emailed me
729,Ask developers I know/work with
729,Start a free trial
730,Ask developers I know/work with
730,Start a free trial
731,Start a free trial
731,Visit developer communities like Stack Overflow
732,Ask developers I know/work with
732,Start a free trial
733,Ask developers I know/work with
733,Read ratings or reviews on third party sites like G2 Crowd
734,Ask developers I know/work with
734,Start a free trial
736,Ask developers I know/work with
736,Research companies that have advertised on sites I visit
736,Research companies that have emailed me
736,Start a free trial
736,Visit developer communities like Stack Overflow
737,Ask developers I know/work with
738,Start a free trial
738,Visit developer communities like Stack Overflow
739,Visit developer communities like Stack Overflow
740,Ask developers I know/work with
740,Read ratings or reviews on third party sites like G2 Crowd
740,Start a free trial
741,Ask developers I know/work with
741,Start a free trial
741,Visit developer communities like Stack Overflow
742,Other (please specify):
743,Ask developers I know/work with
743,Read ratings or reviews on third party sites like G2 Crowd
743,Research companies that have emailed me
743,Visit developer communities like Stack Overflow
744,Other (please specify):
744,Visit developer communities like Stack Overflow
745,Ask developers I know/work with
745,Visit developer communities like Stack Overflow
746,Visit developer communities like Stack Overflow
747,Ask developers I know/work with
748,Ask developers I know/work with
748,Read ratings or reviews on third party sites like G2 Crowd
748,Start a free trial
748,Visit developer communities like Stack Overflow
749,Ask developers I know/work with
749,Start a free trial
749,Visit developer communities like Stack Overflow
750,Ask developers I know/work with
750,Visit developer communities like Stack Overflow
751,Ask developers I know/work with
751,Start a free trial
751,Visit developer communities like Stack Overflow
752,Ask developers I know/work with
752,Start a free trial
752,Visit developer communities like Stack Overflow
753,Ask developers I know/work with
753,Start a free trial
755,Ask developers I know/work with
755,Other (please specify):
755,Visit developer communities like Stack Overflow
756,Ask developers I know/work with
756,Start a free trial
756,Visit developer communities like Stack Overflow
757,Start a free trial
758,Ask developers I know/work with
758,Start a free trial
759,Ask developers I know/work with
759,Read ratings or reviews on third party sites like G2 Crowd
759,Visit developer communities like Stack Overflow
760,Ask developers I know/work with
760,Research companies that have advertised on sites I visit
760,Research companies that have emailed me
760,Visit developer communities like Stack Overflow
761,Start a free trial
762,Visit developer communities like Stack Overflow
763,Ask developers I know/work with
763,Read ratings or reviews on third party sites like G2 Crowd
763,Start a free trial
763,Visit developer communities like Stack Overflow
765,Ask developers I know/work with
766,Ask developers I know/work with
766,Start a free trial
766,Visit developer communities like Stack Overflow
767,Ask developers I know/work with
767,Read ratings or reviews on third party sites like G2 Crowd
767,Start a free trial
767,Visit developer communities like Stack Overflow
768,Ask developers I know/work with
768,Start a free trial
768,Visit developer communities like Stack Overflow
769,Ask developers I know/work with
769,Other (please specify):
769,Start a free trial
769,Visit developer communities like Stack Overflow
770,Start a free trial
770,Visit developer communities like Stack Overflow
771,Ask developers I know/work with
771,Start a free trial
771,Visit developer communities like Stack Overflow
772,Ask developers I know/work with
772,Start a free trial
773,Ask developers I know/work with
773,Other (please specify):
773,Start a free trial
774,Ask developers I know/work with
775,Ask developers I know/work with
775,Start a free trial
775,Visit developer communities like Stack Overflow
776,Start a free trial
776,Visit developer communities like Stack Overflow
777,Ask developers I know/work with
777,Other (please specify):
778,Read ratings or reviews on third party sites like G2 Crowd
778,Research companies that have advertised on sites I visit
778,Visit developer communities like Stack Overflow
779,Ask developers I know/work with
779,Read ratings or reviews on third party sites like G2 Crowd
779,Start a free trial
780,Ask developers I know/work with
780,Start a free trial
780,Visit developer communities like Stack Overflow
781,Ask developers I know/work with
781,Visit developer communities like Stack Overflow
782,Ask developers I know/work with
782,Visit developer communities like Stack Overflow
783,Visit developer communities like Stack Overflow
784,Start a free trial
785,Ask developers I know/work with
785,Start a free trial
785,Visit developer communities like Stack Overflow
786,Other (please specify):
788,Ask developers I know/work with
788,Start a free trial
789,Ask developers I know/work with
789,Start a free trial
790,Ask developers I know/work with
790,Start a free trial
790,Visit developer communities like Stack Overflow
791,Other (please specify):
791,Research companies that have emailed me
791,Visit developer communities like Stack Overflow
792,Ask developers I know/work with
792,Visit developer communities like Stack Overflow
793,Start a free trial
794,Other (please specify):
795,Ask developers I know/work with
795,Start a free trial
795,Visit developer communities like Stack Overflow
796,Read ratings or reviews on third party sites like G2 Crowd
796,Start a free trial
796,Visit developer communities like Stack Overflow
797,Ask developers I know/work with
797,Read ratings or reviews on third party sites like G2 Crowd
797,Visit developer communities like Stack Overflow
798,Read ratings or reviews on third party sites like G2 Crowd
798,Research companies that have advertised on sites I visit
798,Visit developer communities like Stack Overflow
799,Start a free trial
799,Visit developer communities like Stack Overflow
800,Start a free trial
801,Ask developers I know/work with
801,Read ratings or reviews on third party sites like G2 Crowd
801,Start a free trial
802,Ask developers I know/work with
802,Read ratings or reviews on third party sites like G2 Crowd
802,Start a free trial
802,Visit developer communities like Stack Overflow
803,Ask developers I know/work with
803,Visit developer communities like Stack Overflow
804,Ask developers I know/work with
805,Visit developer communities like Stack Overflow
806,Read ratings or reviews on third party sites like G2 Crowd
806,Start a free trial
806,Visit developer communities like Stack Overflow
807,Ask developers I know/work with
807,Other (please specify):
807,Start a free trial
807,Visit developer communities like Stack Overflow
809,Ask developers I know/work with
809,Start a free trial
809,Visit developer communities like Stack Overflow
810,Ask developers I know/work with
810,Start a free trial
810,Visit developer communities like Stack Overflow
811,Ask developers I know/work with
811,Start a free trial
812,Ask developers I know/work with
812,Start a free trial
812,Visit developer communities like Stack Overflow
813,Start a free trial
814,Research companies that have advertised on sites I visit
814,Visit developer communities like Stack Overflow
815,Start a free trial
816,Ask developers I know/work with
816,Other (please specify):
816,Start a free trial
816,Visit developer communities like Stack Overflow
817,Ask developers I know/work with
817,Start a free trial
818,Ask developers I know/work with
818,Read ratings or reviews on third party sites like G2 Crowd
818,Start a free trial
819,Ask developers I know/work with
819,Start a free trial
819,Visit developer communities like Stack Overflow
820,Ask developers I know/work with
820,Start a free trial
820,Visit developer communities like Stack Overflow
821,Ask developers I know/work with
821,Start a free trial
821,Visit developer communities like Stack Overflow
822,Ask developers I know/work with
822,Start a free trial
822,Visit developer communities like Stack Overflow
823,Ask developers I know/work with
823,Research companies that have advertised on sites I visit
823,Start a free trial
823,Visit developer communities like Stack Overflow
824,Ask developers I know/work with
824,Visit developer communities like Stack Overflow
825,Ask developers I know/work with
825,Other (please specify):
826,Ask developers I know/work with
826,Start a free trial
826,Visit developer communities like Stack Overflow
827,Ask developers I know/work with
827,Visit developer communities like Stack Overflow
828,Ask developers I know/work with
828,Visit developer communities like Stack Overflow
829,Ask developers I know/work with
829,Research companies that have emailed me
829,Start a free trial
830,Ask developers I know/work with
830,Read ratings or reviews on third party sites like G2 Crowd
830,Start a free trial
830,Visit developer communities like Stack Overflow
831,Ask developers I know/work with
831,Start a free trial
832,Ask developers I know/work with
832,Other (please specify):
832,Start a free trial
833,Ask developers I know/work with
833,Visit developer communities like Stack Overflow
834,Research companies that have advertised on sites I visit
834,Start a free trial
834,Visit developer communities like Stack Overflow
835,Ask developers I know/work with
835,Visit developer communities like Stack Overflow
836,Ask developers I know/work with
836,Visit developer communities like Stack Overflow
837,Ask developers I know/work with
837,Research companies that have advertised on sites I visit
837,Start a free trial
838,Ask developers I know/work with
838,Start a free trial
839,Ask developers I know/work with
839,Visit developer communities like Stack Overflow
840,Ask developers I know/work with
840,Research companies that have advertised on sites I visit
841,Ask developers I know/work with
841,Start a free trial
841,Visit developer communities like Stack Overflow
842,Ask developers I know/work with
842,Visit developer communities like Stack Overflow
843,Ask developers I know/work with
843,Other (please specify):
843,Visit developer communities like Stack Overflow
844,Ask developers I know/work with
844,Start a free trial
844,Visit developer communities like Stack Overflow
845,Ask developers I know/work with
845,Read ratings or reviews on third party sites like G2 Crowd
845,Start a free trial
845,Visit developer communities like Stack Overflow
846,Ask developers I know/work with
846,Start a free trial
846,Visit developer communities like Stack Overflow
847,Visit developer communities like Stack Overflow
848,Visit developer communities like Stack Overflow
849,Ask developers I know/work with
849,Read ratings or reviews on third party sites like G2 Crowd
849,Research companies that have advertised on sites I visit
849,Research companies that have emailed me
849,Start a free trial
849,Visit developer communities like Stack Overflow
850,Ask developers I know/work with
850,Read ratings or reviews on third party sites like G2 Crowd
850,Start a free trial
851,Ask developers I know/work with
851,Start a free trial
852,Ask developers I know/work with
852,Start a free trial
853,Ask developers I know/work with
853,Start a free trial
854,Read ratings or reviews on third party sites like G2 Crowd
854,Visit developer communities like Stack Overflow
855,Ask developers I know/work with
855,Read ratings or reviews on third party sites like G2 Crowd
855,Start a free trial
855,Visit developer communities like Stack Overflow
856,Ask developers I know/work with
856,Read ratings or reviews on third party sites like G2 Crowd
856,Start a free trial
857,Ask developers I know/work with
858,Ask developers I know/work with
858,Start a free trial
858,Visit developer communities like Stack Overflow
859,Start a free trial
860,Ask developers I know/work with
860,Other (please specify):
860,Start a free trial
861,Other (please specify):
862,Ask developers I know/work with
862,Research companies that have advertised on sites I visit
862,Start a free trial
862,Visit developer communities like Stack Overflow
864,Ask developers I know/work with
864,Visit developer communities like Stack Overflow
865,Start a free trial
866,Ask developers I know/work with
866,Visit developer communities like Stack Overflow
867,Ask developers I know/work with
868,Start a free trial
869,Ask developers I know/work with
869,Visit developer communities like Stack Overflow
870,Ask developers I know/work with
870,Start a free trial
870,Visit developer communities like Stack Overflow
871,Ask developers I know/work with
871,Start a free trial
871,Visit developer communities like Stack Overflow
872,Visit developer communities like Stack Overflow
873,Ask developers I know/work with
873,Start a free trial
874,Ask developers I know/work with
874,Read ratings or reviews on third party sites like G2 Crowd
874,Start a free trial
875,Ask developers I know/work with
875,Visit developer communities like Stack Overflow
876,Ask developers I know/work with
876,Read ratings or reviews on third party sites like G2 Crowd
876,Research companies that have advertised on sites I visit
877,Ask developers I know/work with
877,Visit developer communities like Stack Overflow
878,Ask developers I know/work with
879,Ask developers I know/work with
879,Visit developer communities like Stack Overflow
880,Ask developers I know/work with
880,Read ratings or reviews on third party sites like G2 Crowd
880,Start a free trial
881,Visit developer communities like Stack Overflow
882,Ask developers I know/work with
882,Read ratings or reviews on third party sites like G2 Crowd
882,Start a free trial
883,Ask developers I know/work with
883,Start a free trial
883,Visit developer communities like Stack Overflow
884,Ask developers I know/work with
884,Start a free trial
884,Visit developer communities like Stack Overflow
885,Ask developers I know/work with
885,Read ratings or reviews on third party sites like G2 Crowd
885,Visit developer communities like Stack Overflow
886,Read ratings or reviews on third party sites like G2 Crowd
886,Research companies that have advertised on sites I visit
886,Start a free trial
886,Visit developer communities like Stack Overflow
887,Research companies that have advertised on sites I visit
887,Research companies that have emailed me
887,Start a free trial
887,Visit developer communities like Stack Overflow
888,Start a free trial
889,Ask developers I know/work with
889,Start a free trial
889,Visit developer communities like Stack Overflow
890,Ask developers I know/work with
890,Start a free trial
890,Visit developer communities like Stack Overflow
891,Start a free trial
892,Ask developers I know/work with
892,Start a free trial
892,Visit developer communities like Stack Overflow
893,Start a free trial
894,Ask developers I know/work with
894,Visit developer communities like Stack Overflow
895,Ask developers I know/work with
895,Read ratings or reviews on third party sites like G2 Crowd
895,Start a free trial
895,Visit developer communities like Stack Overflow
896,Read ratings or reviews on third party sites like G2 Crowd
897,Ask developers I know/work with
897,Start a free trial
897,Visit developer communities like Stack Overflow
898,Ask developers I know/work with
898,Start a free trial
898,Visit developer communities like Stack Overflow
899,Visit developer communities like Stack Overflow
900,Start a free trial
901,Other (please specify):
902,Ask developers I know/work with
902,Start a free trial
903,Ask developers I know/work with
903,Read ratings or reviews on third party sites like G2 Crowd
904,Visit developer communities like Stack Overflow
905,Ask developers I know/work with
905,Start a free trial
905,Visit developer communities like Stack Overflow
906,Start a free trial
907,Ask developers I know/work with
907,Other (please specify):
907,Visit developer communities like Stack Overflow
908,Other (please specify):
909,Ask developers I know/work with
909,Other (please specify):
910,Visit developer communities like Stack Overflow
912,Start a free trial
913,Ask developers I know/work with
913,Read ratings or reviews on third party sites like G2 Crowd
913,Visit developer communities like Stack Overflow
914,Ask developers I know/work with
915,Research companies that have advertised on sites I visit
915,Start a free trial
915,Visit developer communities like Stack Overflow
917,Ask developers I know/work with
917,Other (please specify):
917,Start a free trial
919,Ask developers I know/work with
920,Ask developers I know/work with
920,Start a free trial
922,Read ratings or reviews on third party sites like G2 Crowd
922,Start a free trial
923,Start a free trial
924,Ask developers I know/work with
925,Ask developers I know/work with
925,Start a free trial
925,Visit developer communities like Stack Overflow
926,Ask developers I know/work with
926,Other (please specify):
927,Ask developers I know/work with
927,Read ratings or reviews on third party sites like G2 Crowd
927,Start a free trial
928,Ask developers I know/work with
928,Start a free trial
928,Visit developer communities like Stack Overflow
929,Ask developers I know/work with
929,Start a free trial
930,Ask developers I know/work with
930,Start a free trial
930,Visit developer communities like Stack Overflow
931,Ask developers I know/work with
931,Read ratings or reviews on third party sites like G2 Crowd
931,Research companies that have advertised on sites I visit
931,Start a free trial
932,Ask developers I know/work with
932,Visit developer communities like Stack Overflow
933,Ask developers I know/work with
933,Start a free trial
933,Visit developer communities like Stack Overflow
935,Ask developers I know/work with
935,Research companies that have advertised on sites I visit
935,Start a free trial
936,Ask developers I know/work with
936,Start a free trial
937,Ask developers I know/work with
937,Start a free trial
937,Visit developer communities like Stack Overflow
938,Ask developers I know/work with
938,Start a free trial
939,Ask developers I know/work with
939,Read ratings or reviews on third party sites like G2 Crowd
939,Start a free trial
939,Visit developer communities like Stack Overflow
940,Ask developers I know/work with
940,Read ratings or reviews on third party sites like G2 Crowd
940,Research companies that have advertised on sites I visit
940,Start a free trial
940,Visit developer communities like Stack Overflow
941,Ask developers I know/work with
941,Start a free trial
942,Read ratings or reviews on third party sites like G2 Crowd
942,Start a free trial
942,Visit developer communities like Stack Overflow
943,Read ratings or reviews on third party sites like G2 Crowd
944,Ask developers I know/work with
944,Start a free trial
945,Ask developers I know/work with
945,Read ratings or reviews on third party sites like G2 Crowd
945,Start a free trial
946,Ask developers I know/work with
946,Visit developer communities like Stack Overflow
948,Ask developers I know/work with
948,Start a free trial
948,Visit developer communities like Stack Overflow
950,Ask developers I know/work with
951,Start a free trial
952,Ask developers I know/work with
952,Start a free trial
952,Visit developer communities like Stack Overflow
953,Ask developers I know/work with
953,Start a free trial
953,Visit developer communities like Stack Overflow
954,Read ratings or reviews on third party sites like G2 Crowd
954,Start a free trial
955,Start a free trial
956,Ask developers I know/work with
956,Read ratings or reviews on third party sites like G2 Crowd
956,Research companies that have advertised on sites I visit
956,Start a free trial
956,Visit developer communities like Stack Overflow
957,Other (please specify):
957,Start a free trial
958,Ask developers I know/work with
958,Read ratings or reviews on third party sites like G2 Crowd
958,Visit developer communities like Stack Overflow
959,Ask developers I know/work with
959,Start a free trial
959,Visit developer communities like Stack Overflow
960,Ask developers I know/work with
960,Other (please specify):
960,Visit developer communities like Stack Overflow
961,Ask developers I know/work with
961,Start a free trial
961,Visit developer communities like Stack Overflow
962,Ask developers I know/work with
962,Start a free trial
962,Visit developer communities like Stack Overflow
963,Ask developers I know/work with
963,Visit developer communities like Stack Overflow
964,Ask developers I know/work with
964,Start a free trial
964,Visit developer communities like Stack Overflow
965,Read ratings or reviews on third party sites like G2 Crowd
965,Start a free trial
965,Visit developer communities like Stack Overflow
966,Read ratings or reviews on third party sites like G2 Crowd
966,Start a free trial
966,Visit developer communities like Stack Overflow
967,Read ratings or reviews on third party sites like G2 Crowd
967,Research companies that have advertised on sites I visit
967,Research companies that have emailed me
967,Start a free trial
967,Visit developer communities like Stack Overflow
968,Ask developers I know/work with
968,Visit developer communities like Stack Overflow
969,Ask developers I know/work with
969,Start a free trial
969,Visit developer communities like Stack Overflow
970,Ask developers I know/work with
970,Read ratings or reviews on third party sites like G2 Crowd
970,Start a free trial
971,Ask developers I know/work with
971,Other (please specify):
972,Start a free trial
973,Start a free trial
974,Ask developers I know/work with
974,Start a free trial
975,Ask developers I know/work with
975,Start a free trial
975,Visit developer communities like Stack Overflow
976,Ask developers I know/work with
976,Start a free trial
977,Ask developers I know/work with
977,Start a free trial
977,Visit developer communities like Stack Overflow
978,Ask developers I know/work with
978,Start a free trial
978,Visit developer communities like Stack Overflow
979,Ask developers I know/work with
980,Ask developers I know/work with
980,Read ratings or reviews on third party sites like G2 Crowd
980,Start a free trial
980,Visit developer communities like Stack Overflow
981,Other (please specify):
982,Ask developers I know/work with
983,Ask developers I know/work with
983,Read ratings or reviews on third party sites like G2 Crowd
983,Research companies that have advertised on sites I visit
983,Start a free trial
983,Visit developer communities like Stack Overflow
984,Ask developers I know/work with
984,Start a free trial
984,Visit developer communities like Stack Overflow
985,Ask developers I know/work with
985,Start a free trial
986,Start a free trial
987,Research companies that have advertised on sites I visit
987,Research companies that have emailed me
987,Start a free trial
987,Visit developer communities like Stack Overflow
988,Ask developers I know/work with
988,Research companies that have advertised on sites I visit
988,Start a free trial
988,Visit developer communities like Stack Overflow
989,Other (please specify):
990,Ask developers I know/work with
990,Visit developer communities like Stack Overflow
991,Other (please specify):
992,Ask developers I know/work with
992,Start a free trial
992,Visit developer communities like Stack Overflow
993,Other (please specify):
993,Read ratings or reviews on third party sites like G2 Crowd
993,Visit developer communities like Stack Overflow
994,Ask developers I know/work with
994,Start a free trial
994,Visit developer communities like Stack Overflow
995,Ask developers I know/work with
995,Read ratings or reviews on third party sites like G2 Crowd
995,Start a free trial
995,Visit developer communities like Stack Overflow
996,Ask developers I know/work with
996,Start a free trial
997,Other (please specify):
997,Research companies that have emailed me
997,Start a free trial
998,Other (please specify):
1000,Ask developers I know/work with
1000,Start a free trial
1000,Visit developer communities like Stack Overflow
1001,Ask developers I know/work with
1001,Start a free trial
1002,Ask developers I know/work with
1002,Read ratings or reviews on third party sites like G2 Crowd
1002,Research companies that have advertised on sites I visit
1002,Research companies that have emailed me
1002,Start a free trial
1002,Visit developer communities like Stack Overflow
1003,Ask developers I know/work with
1003,Start a free trial
1003,Visit developer communities like Stack Overflow
1004,Ask developers I know/work with
1004,Start a free trial
1004,Visit developer communities like Stack Overflow
1005,Ask developers I know/work with
1005,Read ratings or reviews on third party sites like G2 Crowd
1005,Visit developer communities like Stack Overflow
1006,Ask developers I know/work with
1006,Visit developer communities like Stack Overflow
1007,Ask developers I know/work with
1007,Start a free trial
1007,Visit developer communities like Stack Overflow
1008,Ask developers I know/work with
1008,Start a free trial
1009,Ask developers I know/work with
1009,Read ratings or reviews on third party sites like G2 Crowd
1009,Research companies that have advertised on sites I visit
1009,Research companies that have emailed me
1009,Visit developer communities like Stack Overflow
1010,Ask developers I know/work with
1010,Visit developer communities like Stack Overflow
1011,Read ratings or reviews on third party sites like G2 Crowd
1011,Research companies that have advertised on sites I visit
1011,Visit developer communities like Stack Overflow
1012,Ask developers I know/work with
1012,Other (please specify):
1012,Visit developer communities like Stack Overflow
1013,Ask developers I know/work with
1013,Visit developer communities like Stack Overflow
1014,Ask developers I know/work with
1014,Start a free trial
1014,Visit developer communities like Stack Overflow
1015,Ask developers I know/work with
1015,Read ratings or reviews on third party sites like G2 Crowd
1015,Start a free trial
1015,Visit developer communities like Stack Overflow
1016,Start a free trial
1017,Ask developers I know/work with
1017,Start a free trial
1017,Visit developer communities like Stack Overflow
1019,Ask developers I know/work with
1019,Start a free trial
1020,Ask developers I know/work with
1020,Other (please specify):
1020,Start a free trial
1021,Read ratings or reviews on third party sites like G2 Crowd
1021,Research companies that have advertised on sites I visit
1021,Start a free trial
1022,Ask developers I know/work with
1022,Other (please specify):
1022,Start a free trial
1023,Ask developers I know/work with
1023,Visit developer communities like Stack Overflow
1024,Ask developers I know/work with
1024,Start a free trial
1024,Visit developer communities like Stack Overflow
1025,Ask developers I know/work with
1025,Start a free trial
1025,Visit developer communities like Stack Overflow
1026,Start a free trial
1026,Visit developer communities like Stack Overflow
1027,Visit developer communities like Stack Overflow
1028,Ask developers I know/work with
1028,Start a free trial
1029,Ask developers I know/work with
1029,Start a free trial
1030,Ask developers I know/work with
1030,Read ratings or reviews on third party sites like G2 Crowd
1030,Start a free trial
1030,Visit developer communities like Stack Overflow
1031,Research companies that have advertised on sites I visit
1031,Start a free trial
1031,Visit developer communities like Stack Overflow
1032,Ask developers I know/work with
1032,Visit developer communities like Stack Overflow
1033,Start a free trial
1033,Visit developer communities like Stack Overflow
1034,Ask developers I know/work with
1034,Visit developer communities like Stack Overflow
1035,Visit developer communities like Stack Overflow
1036,Ask developers I know/work with
1036,Read ratings or reviews on third party sites like G2 Crowd
1036,Visit developer communities like Stack Overflow
1037,Ask developers I know/work with
1037,Start a free trial
1038,Ask developers I know/work with
1038,Start a free trial
1038,Visit developer communities like Stack Overflow
1039,Visit developer communities like Stack Overflow
1040,Ask developers I know/work with
1040,Visit developer communities like Stack Overflow
1041,Ask developers I know/work with
1041,Start a free trial
1041,Visit developer communities like Stack Overflow
1042,Ask developers I know/work with
1042,Start a free trial
1042,Visit developer communities like Stack Overflow
1043,Ask developers I know/work with
1043,Start a free trial
1043,Visit developer communities like Stack Overflow
1044,Start a free trial
1044,Visit developer communities like Stack Overflow
1046,Ask developers I know/work with
1046,Start a free trial
1047,Ask developers I know/work with
1047,Start a free trial
1048,Ask developers I know/work with
1048,Research companies that have advertised on sites I visit
1048,Start a free trial
1048,Visit developer communities like Stack Overflow
1049,Ask developers I know/work with
1049,Start a free trial
1049,Visit developer communities like Stack Overflow
1050,Ask developers I know/work with
1050,Start a free trial
1050,Visit developer communities like Stack Overflow
1051,Start a free trial
1052,Read ratings or reviews on third party sites like G2 Crowd
1052,Start a free trial
1053,Other (please specify):
1054,Ask developers I know/work with
1054,Start a free trial
1055,Ask developers I know/work with
1055,Start a free trial
1056,Ask developers I know/work with
1056,Visit developer communities like Stack Overflow
1057,Ask developers I know/work with
1057,Read ratings or reviews on third party sites like G2 Crowd
1057,Start a free trial
1057,Visit developer communities like Stack Overflow
1058,Ask developers I know/work with
1058,Start a free trial
1058,Visit developer communities like Stack Overflow
1059,Ask developers I know/work with
1059,Read ratings or reviews on third party sites like G2 Crowd
1059,Research companies that have advertised on sites I visit
1059,Start a free trial
1059,Visit developer communities like Stack Overflow
1060,Ask developers I know/work with
1060,Other (please specify):
1061,Start a free trial
1062,Ask developers I know/work with
1062,Other (please specify):
1062,Research companies that have advertised on sites I visit
1062,Start a free trial
1063,Ask developers I know/work with
1063,Start a free trial
1063,Visit developer communities like Stack Overflow
1066,Ask developers I know/work with
1066,Visit developer communities like Stack Overflow
1067,Ask developers I know/work with
1067,Visit developer communities like Stack Overflow
1069,Ask developers I know/work with
1070,Ask developers I know/work with
1070,Read ratings or reviews on third party sites like G2 Crowd
1070,Visit developer communities like Stack Overflow
1071,Ask developers I know/work with
1071,Visit developer communities like Stack Overflow
1072,Start a free trial
1073,Ask developers I know/work with
1073,Start a free trial
1074,Ask developers I know/work with
1074,Visit developer communities like Stack Overflow
1075,Ask developers I know/work with
1075,Start a free trial
1076,Ask developers I know/work with
1077,Ask developers I know/work with
1077,Read ratings or reviews on third party sites like G2 Crowd
1077,Visit developer communities like Stack Overflow
1078,Read ratings or reviews on third party sites like G2 Crowd
1078,Visit developer communities like Stack Overflow
