ResponseId,Employment
1,"Employed, full-time"
2,"Employed, full-time"
3,"Employed, full-time"
4,"Employed, full-time"
5,"Student, full-time"
6,"Student, part-time"
7,"Not employed, but looking for work"
8,"Employed, full-time"
9,"Independent contractor, freelancer, or self-employed"
10,"Employed, full-time"
11,"Employed, full-time"
11,"Independent contractor, freelancer, or self-employed"
12,"Employed, full-time"
13,"Employed, part-time"
14,"Employed, full-time"
14,"Independent contractor, freelancer, or self-employed"
15,"Independent contractor, freelancer, or self-employed"
16,"Employed, full-time"
17,"Employed, full-time"
18,"Employed, full-time"
19,"Student, full-time"
20,"Employed, part-time"
20,"Student, part-time"
21,"Employed, full-time"
22,"Employed, full-time"
23,"Employed, full-time"
24,"Independent contractor, freelancer, or self-employed"
25,"Employed, full-time"
26,"Employed, full-time"
27,"Not employed, and not looking for work"
28,"Employed, full-time"
29,"Employed, full-time"
29,"Independent contractor, freelancer, or self-employed"
31,"Employed, full-time"
32,"Employed, part-time"
32,"Student, full-time"
33,"Employed, part-time"
33,"Student, part-time"
34,"Independent contractor, freelancer, or self-employed"
35,"Student, full-time"
36,"Employed, full-time"
37,"Independent contractor, freelancer, or self-employed"
38,"Student, full-time"
39,"Employed, full-time"
40,"Employed, full-time"
41,"Employed, full-time"
42,"Not employed, but looking for work"
43,"Employed, full-time"
43,"Student, part-time"
44,"Student, full-time"
45,"Employed, full-time"
46,"Student, full-time"
47,"Employed, full-time"
48,"Employed, full-time"
49,"Employed, full-time"
50,"Employed, full-time"
50,"Student, full-time"
51,"Employed, full-time"
52,"Employed, part-time"
52,"Student, full-time"
53,"Employed, full-time"
54,"Employed, full-time"
55,"Employed, full-time"
56,"Employed, full-time"
57,"Employed, full-time"
58,"Employed, full-time"
59,"Employed, full-time"
60,"Employed, full-time"
61,"Independent contractor, freelancer, or self-employed"
61,"Student, part-time"
62,"Employed, full-time"
63,"Employed, full-time"
64,"Student, full-time"
65,"Employed, full-time"
66,"Employed, full-time"
67,"Not employed, but looking for work"
68,"Independent contractor, freelancer, or self-employed"
68,"Student, part-time"
69,"Employed, full-time"
70,"Employed, full-time"
71,"Employed, part-time"
71,"Student, full-time"
72,"Employed, full-time"
73,"Employed, full-time"
74,"Employed, full-time"
75,"Employed, part-time"
75,"Student, part-time"
76,"Employed, full-time"
77,Retired
78,"Employed, full-time"
79,"Employed, full-time"
80,"Independent contractor, freelancer, or self-employed"
81,"Employed, full-time"
82,"Student, full-time"
83,"Employed, full-time"
84,"Employed, full-time"
85,"Employed, full-time"
87,"Employed, full-time"
88,"Employed, full-time"
89,"Employed, full-time"
90,"Employed, full-time"
91,"Employed, full-time"
92,"Employed, full-time"
93,"Employed, full-time"
94,"Employed, full-time"
95,"Employed, full-time"
96,"Employed, full-time"
97,"Independent contractor, freelancer, or self-employed"
99,"Employed, full-time"
100,"Student, full-time"
101,"Employed, full-time"
101,"Independent contractor, freelancer, or self-employed"
102,"Employed, full-time"
103,"Employed, full-time"
104,"Employed, full-time"
105,"Employed, full-time"
106,"Student, full-time"
107,"Employed, full-time"
108,"Employed, full-time"
109,"Employed, full-time"
110,"Not employed, but looking for work"
110,"Student, full-time"
111,"Employed, full-time"
112,"Employed, full-time"
113,"Employed, full-time"
113,"Independent contractor, freelancer, or self-employed"
114,"Employed, full-time"
115,"Employed, full-time"
116,"Not employed, but looking for work"
117,"Employed, full-time"
117,"Independent contractor, freelancer, or self-employed"
118,"Employed, part-time"
118,"Student, full-time"
119,"Employed, full-time"
119,"Student, part-time"
120,"Employed, full-time"
121,"Employed, full-time"
122,"Employed, full-time"
122,"Independent contractor, freelancer, or self-employed"
123,"Employed, full-time"
124,"Employed, full-time"
124,"Student, full-time"
125,I prefer not to say
126,"Employed, full-time"
127,"Independent contractor, freelancer, or self-employed"
128,"Independent contractor, freelancer, or self-employed"
128,"Student, full-time"
129,"Student, full-time"
130,"Employed, full-time"
131,"Employed, full-time"
132,"Employed, full-time"
133,"Employed, full-time"
134,"Employed, full-time"
134,"Student, part-time"
135,"Employed, full-time"
137,"Employed, full-time"
138,"Employed, full-time"
139,"Employed, full-time"
140,"Employed, full-time"
141,"Employed, full-time"
142,"Employed, full-time"
143,"Employed, full-time"
143,"Independent contractor, freelancer, or self-employed"
144,"Employed, full-time"
145,"Employed, full-time"
147,"Employed, full-time"
148,"Employed, full-time"
149,"Not employed, and not looking for work"
150,"Employed, full-time"
151,"Employed, full-time"
152,"Employed, full-time"
153,"Employed, full-time"
154,"Employed, full-time"
155,"Employed, full-time"
156,"Employed, full-time"
157,"Employed, full-time"
158,"Employed, full-time"
159,"Employed, full-time"
160,"Employed, full-time"
161,"Employed, full-time"
162,"Employed, full-time"
163,"Employed, full-time"
164,"Employed, full-time"
165,"Employed, full-time"
166,"Student, full-time"
167,"Employed, full-time"
168,"Employed, part-time"
168,"Student, full-time"
169,"Independent contractor, freelancer, or self-employed"
170,"Employed, full-time"
171,"Employed, full-time"
172,"Employed, full-time"
173,"Not employed, and not looking for work"
174,"Student, full-time"
175,"Employed, full-time"
176,"Student, full-time"
177,"Employed, full-time"
178,"Employed, full-time"
179,"Employed, full-time"
180,"Employed, full-time"
181,"Employed, full-time"
182,"Employed, full-time"
183,"Employed, full-time"
184,"Employed, full-time"
185,"Employed, full-time"
186,"Employed, full-time"
187,"Independent contractor, freelancer, or self-employed"
188,"Employed, full-time"
189,"Employed, full-time"
191,"Employed, full-time"
192,"Employed, full-time"
193,"Employed, full-time"
194,"Employed, full-time"
195,"Employed, full-time"
196,"Employed, full-time"
197,"Not employed, and not looking for work"
197,"Student, full-time"
198,"Employed, full-time"
199,Retired
200,"Employed, full-time"
201,"Employed, full-time"
202,"Employed, full-time"
202,"Independent contractor, freelancer, or self-employed"
203,"Employed, full-time"
204,"Employed, full-time"
205,"Employed, full-time"
206,"Employed, full-time"
207,"Employed, full-time"
208,"Employed, full-time"
208,"Independent contractor, freelancer, or self-employed"
209,"Employed, full-time"
210,"Employed, full-time"
211,"Employed, part-time"
212,"Employed, full-time"
213,"Independent contractor, freelancer, or self-employed"
214,"Employed, full-time"
215,"Employed, full-time"
216,"Student, full-time"
217,"Employed, full-time"
218,"Employed, full-time"
219,"Employed, full-time"
220,"Employed, full-time"
221,"Employed, full-time"
222,"Employed, full-time"
223,"Employed, full-time"
224,"Employed, full-time"
225,"Employed, full-time"
226,"Employed, full-time"
227,"Student, full-time"
228,"Employed, full-time"
229,"Employed, full-time"
231,"Employed, part-time"
231,"Student, full-time"
232,"Employed, full-time"
233,"Employed, full-time"
234,"Employed, full-time"
235,"Employed, full-time"
236,"Employed, full-time"
237,"Employed, full-time"
238,"Employed, full-time"
239,"Employed, full-time"
240,"Employed, full-time"
241,"Employed, full-time"
242,"Employed, full-time"
243,"Employed, full-time"
244,"Employed, full-time"
245,"Employed, full-time"
246,"Employed, full-time"
247,"Employed, full-time"
248,"Employed, full-time"
249,"Independent contractor, freelancer, or self-employed"
249,"Not employed, but looking for work"
250,"Independent contractor, freelancer, or self-employed"
251,"Employed, full-time"
252,"Independent contractor, freelancer, or self-employed"
252,"Student, full-time"
253,"Employed, full-time"
254,"Employed, full-time"
255,"Employed, full-time"
256,"Employed, full-time"
257,"Independent contractor, freelancer, or self-employed"
258,"Employed, full-time"
259,"Employed, full-time"
260,"Employed, full-time"
261,"Employed, full-time"
262,"Employed, full-time"
263,"Employed, full-time"
264,"Employed, full-time"
265,"Not employed, but looking for work"
266,"Employed, full-time"
267,"Employed, full-time"
268,"Employed, part-time"
269,"Employed, full-time"
270,"Employed, part-time"
270,"Student, part-time"
271,"Employed, full-time"
272,"Employed, full-time"
273,"Employed, full-time"
274,"Employed, full-time"
274,"Independent contractor, freelancer, or self-employed"
275,"Employed, full-time"
276,"Employed, full-time"
277,"Employed, full-time"
278,"Employed, full-time"
279,"Employed, full-time"
280,"Employed, full-time"
281,"Employed, full-time"
282,"Employed, full-time"
283,"Employed, full-time"
284,"Employed, full-time"
284,"Independent contractor, freelancer, or self-employed"
285,"Employed, full-time"
286,"Employed, full-time"
287,"Employed, full-time"
288,"Employed, full-time"
289,"Employed, part-time"
289,"Student, full-time"
290,"Employed, full-time"
291,"Employed, full-time"
292,"Employed, full-time"
293,"Employed, part-time"
293,"Student, full-time"
294,"Employed, full-time"
295,"Not employed, but looking for work"
296,"Employed, full-time"
297,"Employed, full-time"
298,"Employed, full-time"
299,"Employed, full-time"
300,"Employed, full-time"
301,"Employed, full-time"
302,"Employed, full-time"
303,"Employed, full-time"
304,"Employed, full-time"
305,"Employed, full-time"
306,"Student, full-time"
307,"Employed, full-time"
308,"Employed, full-time"
309,"Employed, part-time"
309,"Student, full-time"
310,"Employed, part-time"
310,"Student, part-time"
311,"Employed, full-time"
312,"Employed, full-time"
313,"Employed, full-time"
314,I prefer not to say
315,"Employed, full-time"
316,"Employed, full-time"
317,"Employed, full-time"
318,"Employed, full-time"
319,"Independent contractor, freelancer, or self-employed"
320,"Employed, full-time"
321,"Employed, full-time"
321,"Student, full-time"
322,"Employed, full-time"
323,"Employed, full-time"
324,"Employed, full-time"
325,"Employed, full-time"
326,"Employed, full-time"
327,"Employed, full-time"
328,"Employed, full-time"
329,"Employed, full-time"
329,"Student, full-time"
330,"Employed, full-time"
331,"Employed, full-time"
332,"Student, full-time"
333,"Employed, full-time"
334,"Employed, full-time"
335,"Employed, full-time"
336,"Employed, full-time"
336,"Student, full-time"
337,"Employed, full-time"
338,"Employed, full-time"
339,"Employed, part-time"
339,"Student, full-time"
340,"Employed, full-time"
341,"Independent contractor, freelancer, or self-employed"
342,"Employed, full-time"
343,"Employed, full-time"
344,"Employed, full-time"
345,"Employed, full-time"
346,"Employed, full-time"
347,"Employed, full-time"
348,"Employed, full-time"
349,"Employed, full-time"
350,"Student, full-time"
351,"Employed, full-time"
352,"Employed, part-time"
353,"Employed, full-time"
354,"Employed, full-time"
355,"Student, part-time"
356,"Employed, full-time"
357,"Employed, full-time"
358,"Employed, full-time"
359,"Employed, full-time"
360,"Employed, full-time"
361,"Employed, full-time"
362,"Employed, full-time"
363,"Employed, full-time"
364,"Employed, full-time"
365,"Employed, full-time"
365,"Independent contractor, freelancer, or self-employed"
366,"Employed, full-time"
367,"Employed, full-time"
368,"Employed, full-time"
369,"Student, full-time"
370,"Employed, full-time"
371,"Employed, full-time"
372,"Employed, full-time"
373,"Employed, full-time"
374,"Employed, full-time"
375,"Employed, full-time"
376,"Employed, full-time"
376,"Independent contractor, freelancer, or self-employed"
376,"Student, part-time"
377,"Not employed, and not looking for work"
377,"Student, full-time"
378,"Employed, full-time"
379,"Independent contractor, freelancer, or self-employed"
380,"Employed, full-time"
380,"Student, full-time"
381,"Employed, full-time"
382,"Employed, full-time"
383,"Employed, full-time"
384,"Not employed, and not looking for work"
385,"Employed, full-time"
386,"Employed, full-time"
387,"Employed, full-time"
388,"Employed, full-time"
389,"Employed, full-time"
390,"Employed, full-time"
391,"Employed, full-time"
392,"Employed, full-time"
393,"Employed, full-time"
394,"Employed, full-time"
395,"Independent contractor, freelancer, or self-employed"
396,"Employed, part-time"
396,"Independent contractor, freelancer, or self-employed"
397,"Employed, full-time"
398,"Independent contractor, freelancer, or self-employed"
399,"Employed, full-time"
399,"Independent contractor, freelancer, or self-employed"
400,"Employed, full-time"
401,"Employed, full-time"
402,"Employed, full-time"
403,"Employed, full-time"
404,"Employed, full-time"
405,"Employed, full-time"
406,"Employed, full-time"
407,"Employed, full-time"
407,"Student, part-time"
408,"Employed, full-time"
408,"Independent contractor, freelancer, or self-employed"
409,"Employed, full-time"
409,"Student, part-time"
410,"Employed, full-time"
411,"Employed, full-time"
412,"Independent contractor, freelancer, or self-employed"
413,"Employed, full-time"
414,"Employed, full-time"
415,"Student, full-time"
416,"Employed, part-time"
416,"Independent contractor, freelancer, or self-employed"
416,"Student, part-time"
417,"Employed, full-time"
418,"Student, full-time"
419,"Employed, full-time"
420,"Student, full-time"
421,"Employed, full-time"
422,"Employed, full-time"
423,"Independent contractor, freelancer, or self-employed"
424,"Employed, full-time"
425,"Student, full-time"
426,"Employed, full-time"
427,"Employed, full-time"
428,"Student, full-time"
429,"Employed, full-time"
430,"Independent contractor, freelancer, or self-employed"
431,"Employed, full-time"
432,"Employed, full-time"
433,"Independent contractor, freelancer, or self-employed"
434,"Student, full-time"
435,"Employed, full-time"
436,"Employed, full-time"
437,"Not employed, but looking for work"
437,"Student, full-time"
438,"Independent contractor, freelancer, or self-employed"
439,"Employed, full-time"
440,"Employed, full-time"
441,"Employed, full-time"
442,"Independent contractor, freelancer, or self-employed"
443,"Employed, full-time"
444,"Student, full-time"
445,"Employed, full-time"
446,"Employed, full-time"
447,"Employed, full-time"
448,"Employed, full-time"
449,"Employed, full-time"
449,"Independent contractor, freelancer, or self-employed"
450,"Student, full-time"
451,I prefer not to say
452,"Student, full-time"
453,"Employed, full-time"
453,"Independent contractor, freelancer, or self-employed"
454,"Employed, full-time"
455,"Employed, full-time"
456,"Not employed, but looking for work"
457,"Student, part-time"
458,"Employed, full-time"
459,"Employed, full-time"
459,"Independent contractor, freelancer, or self-employed"
460,"Employed, full-time"
461,"Not employed, but looking for work"
461,"Student, full-time"
462,"Employed, full-time"
462,"Independent contractor, freelancer, or self-employed"
463,"Employed, full-time"
464,"Employed, full-time"
465,"Employed, full-time"
466,"Employed, full-time"
467,"Employed, full-time"
468,"Employed, full-time"
469,"Employed, full-time"
470,"Employed, full-time"
471,"Employed, part-time"
471,"Student, full-time"
472,"Employed, full-time"
472,"Student, part-time"
473,"Employed, full-time"
474,"Employed, full-time"
475,"Employed, full-time"
476,"Student, full-time"
477,"Student, full-time"
478,"Employed, part-time"
479,"Independent contractor, freelancer, or self-employed"
480,"Student, full-time"
481,"Employed, full-time"
482,"Employed, full-time"
482,"Student, part-time"
483,"Employed, full-time"
484,"Employed, full-time"
485,"Employed, full-time"
486,"Employed, full-time"
487,"Employed, full-time"
487,"Student, full-time"
488,"Employed, full-time"
489,"Employed, part-time"
489,"Student, full-time"
490,"Employed, full-time"
491,"Employed, full-time"
491,"Independent contractor, freelancer, or self-employed"
492,"Employed, full-time"
493,"Employed, full-time"
494,"Employed, full-time"
495,"Employed, full-time"
496,"Employed, full-time"
497,"Employed, full-time"
498,"Employed, full-time"
499,"Employed, full-time"
500,"Employed, full-time"
501,"Employed, full-time"
502,"Not employed, but looking for work"
503,"Employed, part-time"
503,"Student, full-time"
504,I prefer not to say
505,"Independent contractor, freelancer, or self-employed"
506,"Student, full-time"
507,"Employed, full-time"
508,"Independent contractor, freelancer, or self-employed"
509,"Employed, full-time"
510,"Employed, full-time"
511,"Employed, part-time"
511,"Student, part-time"
512,"Employed, full-time"
513,"Employed, full-time"
513,"Student, part-time"
514,"Employed, full-time"
515,"Employed, full-time"
517,"Employed, full-time"
518,"Student, full-time"
519,"Employed, part-time"
519,"Student, full-time"
520,"Employed, full-time"
522,"Employed, full-time"
523,"Independent contractor, freelancer, or self-employed"
524,"Employed, full-time"
525,"Employed, full-time"
526,"Student, full-time"
527,"Employed, full-time"
528,"Employed, full-time"
529,"Independent contractor, freelancer, or self-employed"
530,"Employed, full-time"
531,"Independent contractor, freelancer, or self-employed"
532,"Student, full-time"
533,"Student, full-time"
534,"Employed, full-time"
535,"Employed, full-time"
536,"Employed, full-time"
537,"Employed, full-time"
538,"Employed, full-time"
539,"Employed, full-time"
540,"Employed, full-time"
541,"Employed, full-time"
543,"Employed, full-time"
544,"Employed, full-time"
545,"Not employed, but looking for work"
545,"Student, full-time"
546,"Employed, full-time"
547,"Employed, full-time"
548,"Employed, part-time"
549,"Employed, full-time"
550,"Employed, full-time"
551,"Employed, part-time"
551,"Student, part-time"
552,"Employed, full-time"
553,"Employed, full-time"
554,"Employed, full-time"
555,"Student, full-time"
556,"Employed, full-time"
557,"Employed, full-time"
558,"Employed, full-time"
559,"Employed, full-time"
560,"Employed, full-time"
560,"Employed, part-time"
560,"Independent contractor, freelancer, or self-employed"
561,"Employed, full-time"
562,"Employed, full-time"
563,"Employed, full-time"
564,"Employed, full-time"
565,"Employed, full-time"
566,"Employed, part-time"
566,"Student, full-time"
567,"Employed, part-time"
567,"Student, full-time"
568,"Independent contractor, freelancer, or self-employed"
568,"Not employed, but looking for work"
569,Retired
570,"Employed, full-time"
571,"Employed, full-time"
572,"Employed, full-time"
572,"Independent contractor, freelancer, or self-employed"
573,"Employed, part-time"
573,"Independent contractor, freelancer, or self-employed"
574,"Employed, full-time"
575,"Employed, full-time"
576,"Employed, full-time"
577,"Employed, full-time"
578,"Employed, full-time"
579,"Employed, full-time"
580,"Employed, full-time"
581,"Employed, full-time"
582,"Employed, full-time"
583,"Employed, full-time"
584,"Employed, full-time"
585,"Employed, full-time"
586,"Employed, full-time"
587,"Employed, full-time"
588,"Student, full-time"
589,"Employed, full-time"
590,"Employed, full-time"
590,"Student, part-time"
591,"Employed, full-time"
592,"Employed, full-time"
593,"Student, full-time"
594,"Employed, full-time"
595,"Employed, full-time"
596,"Employed, full-time"
597,"Student, full-time"
598,"Independent contractor, freelancer, or self-employed"
599,"Employed, full-time"
599,"Independent contractor, freelancer, or self-employed"
600,"Not employed, but looking for work"
601,"Employed, full-time"
601,"Student, full-time"
602,"Employed, full-time"
603,"Student, full-time"
604,"Employed, full-time"
605,"Employed, full-time"
606,"Employed, full-time"
607,"Not employed, but looking for work"
608,"Employed, full-time"
609,"Employed, full-time"
610,"Employed, full-time"
611,"Employed, full-time"
612,"Employed, full-time"
613,"Employed, full-time"
614,"Employed, full-time"
615,"Employed, full-time"
616,"Independent contractor, freelancer, or self-employed"
617,"Employed, full-time"
618,"Employed, full-time"
619,"Employed, full-time"
620,"Employed, full-time"
621,"Employed, full-time"
622,"Employed, full-time"
623,"Employed, part-time"
623,"Student, part-time"
624,"Employed, full-time"
624,"Independent contractor, freelancer, or self-employed"
625,"Employed, full-time"
626,"Student, full-time"
627,"Independent contractor, freelancer, or self-employed"
627,Retired
628,"Employed, full-time"
629,"Employed, full-time"
630,"Employed, full-time"
631,"Employed, full-time"
632,"Employed, full-time"
633,"Employed, full-time"
634,"Employed, full-time"
635,"Employed, full-time"
635,"Student, part-time"
636,"Employed, full-time"
636,"Independent contractor, freelancer, or self-employed"
637,"Employed, full-time"
638,"Independent contractor, freelancer, or self-employed"
639,"Not employed, and not looking for work"
639,"Student, full-time"
640,"Employed, full-time"
641,"Independent contractor, freelancer, or self-employed"
642,"Employed, full-time"
643,"Employed, full-time"
644,"Student, full-time"
645,"Employed, full-time"
646,"Independent contractor, freelancer, or self-employed"
647,"Employed, full-time"
647,"Independent contractor, freelancer, or self-employed"
648,"Employed, part-time"
648,"Student, part-time"
649,"Not employed, and not looking for work"
650,"Employed, full-time"
651,"Employed, full-time"
651,"Student, part-time"
652,"Employed, full-time"
653,"Employed, full-time"
654,"Employed, full-time"
655,"Employed, full-time"
656,I prefer not to say
657,"Employed, full-time"
658,"Employed, full-time"
659,"Employed, part-time"
659,"Student, full-time"
660,"Employed, full-time"
661,"Employed, full-time"
661,"Student, part-time"
662,"Employed, full-time"
663,"Employed, full-time"
664,"Employed, full-time"
665,"Employed, full-time"
666,"Student, full-time"
667,"Employed, full-time"
668,"Employed, full-time"
669,"Employed, full-time"
670,Retired
671,"Employed, full-time"
672,"Employed, full-time"
673,"Employed, full-time"
674,"Employed, full-time"
675,"Employed, full-time"
676,"Employed, full-time"
677,"Employed, full-time"
677,"Student, part-time"
678,"Employed, full-time"
679,"Employed, full-time"
680,"Not employed, but looking for work"
681,"Student, full-time"
682,"Employed, full-time"
682,"Student, part-time"
683,"Employed, full-time"
684,"Employed, full-time"
685,"Employed, full-time"
686,"Employed, part-time"
686,"Student, full-time"
687,"Student, full-time"
688,"Independent contractor, freelancer, or self-employed"
689,"Employed, full-time"
690,"Not employed, and not looking for work"
691,"Employed, full-time"
692,"Student, full-time"
693,"Employed, full-time"
694,"Student, full-time"
695,"Employed, full-time"
696,"Employed, full-time"
697,"Student, full-time"
698,"Employed, full-time"
699,"Employed, full-time"
700,"Employed, full-time"
701,"Employed, full-time"
702,"Employed, full-time"
703,"Student, full-time"
704,"Employed, full-time"
706,"Employed, full-time"
707,"Employed, full-time"
708,"Employed, full-time"
709,"Employed, full-time"
710,"Student, full-time"
711,"Employed, full-time"
711,"Independent contractor, freelancer, or self-employed"
712,"Employed, full-time"
713,"Student, full-time"
714,"Student, full-time"
715,"Employed, part-time"
715,"Student, full-time"
716,"Student, part-time"
717,"Employed, full-time"
718,"Employed, full-time"
719,"Employed, part-time"
719,"Student, full-time"
720,"Employed, part-time"
720,"Student, full-time"
721,"Employed, full-time"
722,"Employed, full-time"
723,"Employed, full-time"
724,"Employed, full-time"
725,"Student, full-time"
726,"Employed, full-time"
726,"Employed, part-time"
726,"Independent contractor, freelancer, or self-employed"
726,"Student, full-time"
726,"Student, part-time"
727,"Employed, full-time"
728,"Employed, full-time"
729,"Employed, full-time"
730,"Employed, full-time"
731,"Student, full-time"
732,"Employed, part-time"
732,"Student, full-time"
733,"Independent contractor, freelancer, or self-employed"
734,"Employed, full-time"
735,"Not employed, but looking for work"
736,"Employed, full-time"
737,"Employed, full-time"
738,"Employed, full-time"
739,"Employed, full-time"
740,"Employed, full-time"
741,"Independent contractor, freelancer, or self-employed"
741,"Not employed, but looking for work"
742,"Independent contractor, freelancer, or self-employed"
742,"Student, part-time"
743,"Independent contractor, freelancer, or self-employed"
743,"Student, part-time"
744,"Employed, part-time"
744,"Student, part-time"
745,"Employed, full-time"
746,"Employed, full-time"
746,"Independent contractor, freelancer, or self-employed"
747,"Employed, full-time"
748,"Student, full-time"
749,"Employed, full-time"
750,"Not employed, and not looking for work"
751,"Employed, full-time"
752,"Employed, full-time"
752,"Student, part-time"
753,"Employed, full-time"
754,"Employed, full-time"
755,"Not employed, but looking for work"
756,"Employed, full-time"
757,"Employed, full-time"
758,"Employed, full-time"
759,"Employed, full-time"
760,"Employed, full-time"
761,"Independent contractor, freelancer, or self-employed"
762,"Employed, full-time"
763,"Employed, full-time"
764,"Employed, full-time"
765,"Employed, full-time"
766,"Employed, full-time"
767,"Employed, full-time"
768,"Independent contractor, freelancer, or self-employed"
769,"Employed, full-time"
769,"Independent contractor, freelancer, or self-employed"
770,"Not employed, but looking for work"
770,"Student, full-time"
771,"Employed, full-time"
772,"Employed, full-time"
773,"Employed, full-time"
774,"Employed, full-time"
775,"Employed, full-time"
776,"Independent contractor, freelancer, or self-employed"
777,"Employed, full-time"
778,"Employed, full-time"
778,"Student, full-time"
779,"Employed, full-time"
780,"Employed, full-time"
781,"Employed, full-time"
782,"Employed, full-time"
783,"Employed, full-time"
783,"Employed, part-time"
783,"Student, part-time"
784,"Employed, full-time"
785,"Not employed, and not looking for work"
786,"Employed, full-time"
786,"Independent contractor, freelancer, or self-employed"
787,"Employed, full-time"
788,"Employed, full-time"
789,"Student, full-time"
789,"Student, part-time"
790,"Employed, full-time"
791,"Employed, full-time"
792,"Independent contractor, freelancer, or self-employed"
793,"Student, full-time"
794,"Employed, part-time"
795,"Employed, full-time"
796,"Employed, full-time"
797,"Employed, full-time"
798,"Employed, full-time"
798,"Student, full-time"
799,"Employed, full-time"
800,"Employed, full-time"
801,"Employed, full-time"
802,"Independent contractor, freelancer, or self-employed"
803,"Employed, full-time"
803,"Independent contractor, freelancer, or self-employed"
803,"Student, full-time"
804,"Employed, full-time"
805,"Employed, full-time"
806,"Employed, full-time"
806,"Independent contractor, freelancer, or self-employed"
807,"Employed, full-time"
808,"Employed, full-time"
809,"Employed, full-time"
810,"Independent contractor, freelancer, or self-employed"
811,"Employed, full-time"
812,"Employed, full-time"
813,"Student, full-time"
814,"Independent contractor, freelancer, or self-employed"
815,"Employed, full-time"
816,"Employed, full-time"
817,"Employed, full-time"
818,"Employed, full-time"
819,"Employed, full-time"
820,"Employed, full-time"
821,"Employed, full-time"
822,"Student, full-time"
823,"Independent contractor, freelancer, or self-employed"
824,"Student, full-time"
825,"Student, full-time"
826,"Employed, part-time"
827,"Student, full-time"
828,"Employed, full-time"
829,"Employed, full-time"
830,"Student, full-time"
831,"Student, full-time"
832,"Employed, full-time"
833,"Employed, full-time"
834,"Employed, full-time"
835,"Employed, full-time"
835,"Student, part-time"
836,"Not employed, and not looking for work"
837,"Student, full-time"
838,"Employed, full-time"
839,"Employed, full-time"
840,"Independent contractor, freelancer, or self-employed"
841,"Employed, full-time"
842,"Employed, full-time"
843,"Employed, full-time"
844,"Employed, full-time"
844,"Independent contractor, freelancer, or self-employed"
845,"Employed, full-time"
846,"Independent contractor, freelancer, or self-employed"
847,"Student, full-time"
848,I prefer not to say
849,"Employed, full-time"
850,"Student, full-time"
851,"Employed, full-time"
851,"Student, part-time"
852,"Employed, full-time"
853,"Employed, full-time"
854,"Employed, full-time"
855,"Employed, full-time"
856,"Not employed, and not looking for work"
857,"Employed, full-time"
858,"Employed, full-time"
859,"Independent contractor, freelancer, or self-employed"
859,"Student, full-time"
860,"Employed, full-time"
861,Retired
862,"Employed, full-time"
863,"Student, full-time"
864,"Employed, full-time"
865,"Employed, full-time"
866,"Employed, full-time"
866,"Student, full-time"
867,"Not employed, but looking for work"
868,"Employed, full-time"
869,"Employed, full-time"
870,"Employed, full-time"
871,"Employed, full-time"
872,"Not employed, but looking for work"
873,"Employed, full-time"
874,"Employed, full-time"
874,"Independent contractor, freelancer, or self-employed"
875,"Student, full-time"
876,"Student, full-time"
877,"Employed, full-time"
878,"Employed, full-time"
879,"Employed, full-time"
880,"Not employed, but looking for work"
880,"Student, full-time"
881,"Independent contractor, freelancer, or self-employed"
882,"Employed, full-time"
883,"Employed, full-time"
884,"Employed, full-time"
885,"Student, full-time"
886,"Employed, full-time"
887,"Employed, full-time"
888,I prefer not to say
889,"Employed, full-time"
890,"Student, full-time"
891,"Employed, full-time"
892,"Employed, full-time"
893,"Employed, full-time"
894,"Not employed, and not looking for work"
895,"Employed, full-time"
896,"Employed, full-time"
897,"Employed, full-time"
898,"Employed, full-time"
898,"Student, full-time"
899,"Employed, full-time"
900,"Student, full-time"
901,"Student, full-time"
901,"Student, part-time"
902,"Employed, full-time"
903,"Student, full-time"
904,"Employed, part-time"
904,"Student, part-time"
905,"Employed, full-time"
906,"Student, full-time"
907,I prefer not to say
908,"Employed, full-time"
909,"Student, full-time"
910,"Student, full-time"
911,"Independent contractor, freelancer, or self-employed"
912,"Employed, full-time"
912,"Student, full-time"
913,"Employed, full-time"
914,"Student, full-time"
915,"Employed, full-time"
916,"Employed, full-time"
917,"Employed, full-time"
918,"Employed, part-time"
918,"Student, full-time"
919,"Employed, full-time"
920,"Employed, full-time"
921,I prefer not to say
922,"Employed, part-time"
922,"Independent contractor, freelancer, or self-employed"
922,"Student, part-time"
923,"Employed, full-time"
924,"Not employed, and not looking for work"
925,"Employed, full-time"
926,"Employed, part-time"
927,"Employed, full-time"
928,"Employed, full-time"
929,"Student, full-time"
930,"Employed, full-time"
931,"Employed, part-time"
931,"Student, part-time"
932,"Employed, part-time"
932,"Student, full-time"
933,"Student, full-time"
935,"Employed, full-time"
936,"Employed, full-time"
937,"Student, full-time"
938,"Employed, full-time"
938,"Independent contractor, freelancer, or self-employed"
939,"Employed, full-time"
940,"Employed, full-time"
941,"Employed, full-time"
942,"Employed, full-time"
942,"Student, part-time"
943,"Employed, full-time"
944,"Employed, full-time"
945,"Employed, full-time"
946,"Student, full-time"
947,"Employed, full-time"
948,"Employed, full-time"
949,"Employed, full-time"
950,"Employed, full-time"
951,"Employed, full-time"
952,"Student, full-time"
953,"Employed, full-time"
954,"Employed, full-time"
955,"Employed, full-time"
956,"Employed, full-time"
956,"Independent contractor, freelancer, or self-employed"
957,"Employed, part-time"
958,"Employed, full-time"
959,"Employed, full-time"
960,"Student, part-time"
961,"Employed, full-time"
962,"Employed, part-time"
962,"Student, full-time"
963,"Employed, full-time"
964,"Student, full-time"
965,"Employed, full-time"
966,"Employed, full-time"
967,"Employed, full-time"
967,"Independent contractor, freelancer, or self-employed"
968,"Employed, full-time"
969,"Employed, full-time"
970,"Employed, full-time"
971,"Employed, full-time"
971,"Independent contractor, freelancer, or self-employed"
972,"Not employed, but looking for work"
973,"Employed, full-time"
974,"Employed, full-time"
974,"Student, part-time"
975,"Student, full-time"
976,"Employed, full-time"
977,"Employed, full-time"
978,"Employed, full-time"
979,"Employed, full-time"
980,"Employed, full-time"
981,"Employed, full-time"
982,"Not employed, but looking for work"
983,"Employed, full-time"
984,"Employed, full-time"
985,"Employed, full-time"
986,"Student, full-time"
987,"Employed, full-time"
988,"Employed, full-time"
989,"Employed, full-time"
990,"Employed, part-time"
990,"Independent contractor, freelancer, or self-employed"
990,"Student, full-time"
991,"Not employed, and not looking for work"
992,"Independent contractor, freelancer, or self-employed"
993,"Independent contractor, freelancer, or self-employed"
994,"Independent contractor, freelancer, or self-employed"
995,"Employed, full-time"
996,"Employed, full-time"
997,"Employed, full-time"
998,"Employed, full-time"
999,"Student, full-time"
1000,"Employed, full-time"
1001,"Student, full-time"
1002,"Independent contractor, freelancer, or self-employed"
1003,"Employed, full-time"
1004,"Employed, full-time"
1005,"Employed, full-time"
1006,"Employed, full-time"
1007,"Employed, full-time"
1007,"Independent contractor, freelancer, or self-employed"
1008,"Independent contractor, freelancer, or self-employed"
1009,"Employed, full-time"
1010,"Employed, full-time"
1011,"Employed, full-time"
1012,"Employed, full-time"
