ResponseId,NEWSOSite
1,Collectives on Stack Overflow
1,Stack Exchange
1,Stack Overflow
1,Stack Overflow for Teams (private knowledge sharing & collaboration platform for companies)
2,Collectives on Stack Overflow
2,Stack Exchange
2,Stack Overflow
3,Collectives on Stack Overflow
3,Stack Exchange
3,Stack Overflow
3,Stack Overflow for Teams (private knowledge sharing & collaboration platform for companies)
4,Collectives on Stack Overflow
4,Stack Exchange
4,Stack Overflow
4,Stack Overflow for Teams (private knowledge sharing & collaboration platform for companies)
5,Stack Exchange
5,Stack Overflow
6,Stack Overflow
7,Collectives on Stack Overflow
7,Stack Exchange
7,Stack Overflow
8,Stack Exchange
8,Stack Overflow
8,Stack Overflow for Teams (private knowledge sharing & collaboration platform for companies)
9,Collectives on Stack Overflow
9,Stack Exchange
9,Stack Overflow
10,Stack Exchange
10,Stack Overflow
11,Stack Exchange
11,Stack Overflow
12,Stack Exchange
12,Stack Overflow
13,Stack Exchange
13,Stack Overflow
14,Stack Exchange
14,Stack Overflow
15,Stack Exchange
15,Stack Overflow
16,Stack Exchange
16,Stack Overflow
17,Stack Exchange
17,Stack Overflow
17,Stack Overflow for Teams (private knowledge sharing & collaboration platform for companies)
18,Stack Exchange
18,Stack Overflow
19,Stack Overflow
20,Stack Exchange
20,Stack Overflow
21,Stack Exchange
21,Stack Overflow
22,Stack Overflow
23,Stack Exchange
23,Stack Overflow
24,Stack Overflow
25,Stack Exchange
25,Stack Overflow
26,Stack Exchange
26,Stack Overflow
27,Stack Exchange
27,Stack Overflow
28,Stack Exchange
28,Stack Overflow
29,Stack Exchange
29,Stack Overflow
31,Stack Exchange
31,Stack Overflow
32,Stack Exchange
32,Stack Overflow
33,Stack Exchange
33,Stack Overflow
34,Stack Exchange
34,Stack Overflow
35,Stack Exchange
35,Stack Overflow
36,Stack Exchange
36,Stack Overflow
37,Collectives on Stack Overflow
37,Stack Exchange
37,Stack Overflow
38,Stack Exchange
38,Stack Overflow
39,Stack Overflow
40,Stack Exchange
40,Stack Overflow
41,Stack Exchange
41,Stack Overflow
42,Stack Exchange
42,Stack Overflow
43,Stack Overflow
44,Collectives on Stack Overflow
44,Stack Exchange
44,Stack Overflow
44,Stack Overflow for Teams (private knowledge sharing & collaboration platform for companies)
45,Stack Overflow
46,Collectives on Stack Overflow
46,Stack Exchange
46,Stack Overflow
46,Stack Overflow for Teams (private knowledge sharing & collaboration platform for companies)
47,Stack Exchange
47,Stack Overflow
48,Stack Exchange
48,Stack Overflow
49,Collectives on Stack Overflow
49,Stack Exchange
49,Stack Overflow
50,Stack Exchange
50,Stack Overflow
51,Stack Overflow
52,Stack Exchange
52,Stack Overflow
53,Collectives on Stack Overflow
53,Stack Overflow
53,Stack Overflow for Teams (private knowledge sharing & collaboration platform for companies)
54,Stack Exchange
54,Stack Overflow
55,Stack Exchange
55,Stack Overflow
55,Stack Overflow for Teams (private knowledge sharing & collaboration platform for companies)
56,Stack Exchange
56,Stack Overflow
57,Stack Exchange
57,Stack Overflow
57,Stack Overflow for Teams (private knowledge sharing & collaboration platform for companies)
58,Stack Overflow
59,Stack Overflow
60,Stack Exchange
60,Stack Overflow
61,I have never visited Stack Overflow or the Stack Exchange network
61,Stack Exchange
61,Stack Overflow
62,Stack Exchange
62,Stack Overflow
63,Stack Exchange
63,Stack Overflow
64,Stack Exchange
64,Stack Overflow
65,Stack Exchange
65,Stack Overflow
66,Stack Overflow
67,Stack Overflow
68,Stack Exchange
68,Stack Overflow
69,Stack Exchange
69,Stack Overflow
70,Stack Exchange
70,Stack Overflow
71,Stack Exchange
71,Stack Overflow
72,Stack Overflow
73,Stack Exchange
73,Stack Overflow
73,Stack Overflow for Teams (private knowledge sharing & collaboration platform for companies)
74,Stack Exchange
74,Stack Overflow
75,Stack Exchange
75,Stack Overflow
76,Stack Exchange
76,Stack Overflow
77,Stack Exchange
77,Stack Overflow
78,Stack Overflow
79,Stack Exchange
79,Stack Overflow
80,Stack Overflow
81,Stack Overflow
82,Stack Overflow
83,Collectives on Stack Overflow
83,Stack Exchange
83,Stack Overflow
84,Stack Exchange
84,Stack Overflow
85,Stack Overflow
87,Stack Exchange
87,Stack Overflow
88,Stack Exchange
88,Stack Overflow
89,Stack Exchange
89,Stack Overflow
90,Stack Exchange
90,Stack Overflow
91,Stack Exchange
91,Stack Overflow
92,Stack Exchange
92,Stack Overflow
93,Stack Exchange
93,Stack Overflow
93,Stack Overflow for Teams (private knowledge sharing & collaboration platform for companies)
94,Stack Overflow
95,Stack Exchange
95,Stack Overflow
96,Stack Exchange
96,Stack Overflow
97,Stack Exchange
97,Stack Overflow
99,Collectives on Stack Overflow
99,Stack Overflow
100,Stack Exchange
100,Stack Overflow
101,Stack Exchange
101,Stack Overflow
102,Stack Exchange
102,Stack Overflow
103,Stack Exchange
103,Stack Overflow
104,Stack Exchange
104,Stack Overflow
104,Stack Overflow for Teams (private knowledge sharing & collaboration platform for companies)
105,Collectives on Stack Overflow
105,Stack Exchange
105,Stack Overflow
105,Stack Overflow for Teams (private knowledge sharing & collaboration platform for companies)
106,Collectives on Stack Overflow
106,Stack Exchange
106,Stack Overflow
107,Stack Exchange
107,Stack Overflow
108,Stack Exchange
108,Stack Overflow
109,Stack Exchange
109,Stack Overflow
110,Stack Overflow
111,Collectives on Stack Overflow
111,Stack Overflow
112,Stack Exchange
112,Stack Overflow
113,Stack Exchange
113,Stack Overflow
114,Stack Exchange
114,Stack Overflow
115,Stack Overflow
116,Stack Overflow
117,Stack Exchange
117,Stack Overflow
118,Stack Exchange
118,Stack Overflow
119,Stack Exchange
119,Stack Overflow
120,Stack Exchange
120,Stack Overflow
121,Stack Exchange
121,Stack Overflow
122,Stack Exchange
122,Stack Overflow
123,Stack Overflow
124,Stack Exchange
124,Stack Overflow
125,Stack Exchange
125,Stack Overflow
126,Stack Exchange
126,Stack Overflow
127,Stack Exchange
127,Stack Overflow
128,Stack Exchange
128,Stack Overflow
129,Stack Exchange
129,Stack Overflow
130,Stack Overflow
131,Stack Exchange
131,Stack Overflow
132,Stack Exchange
132,Stack Overflow
133,Stack Overflow
134,Stack Overflow
135,Stack Exchange
135,Stack Overflow
136,Stack Overflow
137,Stack Exchange
137,Stack Overflow
138,Stack Overflow
138,Stack Overflow for Teams (private knowledge sharing & collaboration platform for companies)
139,Stack Overflow
140,Stack Overflow
141,Stack Exchange
141,Stack Overflow
142,Stack Exchange
142,Stack Overflow
143,Stack Exchange
143,Stack Overflow
144,Stack Exchange
144,Stack Overflow
145,Stack Exchange
145,Stack Overflow
147,Stack Exchange
147,Stack Overflow
148,Stack Exchange
148,Stack Overflow
149,Stack Exchange
149,Stack Overflow
149,Stack Overflow for Teams (private knowledge sharing & collaboration platform for companies)
150,Collectives on Stack Overflow
150,Stack Exchange
150,Stack Overflow
150,Stack Overflow for Teams (private knowledge sharing & collaboration platform for companies)
151,Stack Overflow
152,Collectives on Stack Overflow
152,Stack Exchange
152,Stack Overflow
153,Collectives on Stack Overflow
153,Stack Exchange
153,Stack Overflow
153,Stack Overflow for Teams (private knowledge sharing & collaboration platform for companies)
154,Stack Exchange
154,Stack Overflow
155,Stack Overflow
156,Stack Exchange
156,Stack Overflow
157,Stack Exchange
157,Stack Overflow
158,Stack Exchange
158,Stack Overflow
159,Stack Exchange
159,Stack Overflow
160,Stack Exchange
160,Stack Overflow
161,Stack Overflow
162,Stack Exchange
162,Stack Overflow
163,Stack Overflow
164,Stack Exchange
164,Stack Overflow
164,Stack Overflow for Teams (private knowledge sharing & collaboration platform for companies)
165,Stack Exchange
165,Stack Overflow
166,Stack Exchange
166,Stack Overflow
167,Collectives on Stack Overflow
167,Stack Exchange
167,Stack Overflow
168,Stack Exchange
168,Stack Overflow
169,Stack Overflow
170,Stack Overflow
171,Stack Exchange
171,Stack Overflow
172,Stack Exchange
172,Stack Overflow
173,Stack Exchange
173,Stack Overflow
174,Stack Exchange
174,Stack Overflow
175,Stack Overflow
176,Stack Overflow
177,Stack Overflow
178,Stack Exchange
178,Stack Overflow
179,Collectives on Stack Overflow
179,Stack Overflow
180,Stack Overflow
181,Collectives on Stack Overflow
181,Stack Exchange
181,Stack Overflow
182,Stack Overflow
183,Stack Exchange
183,Stack Overflow
184,Stack Exchange
184,Stack Overflow
185,Stack Exchange
185,Stack Overflow
186,Stack Overflow
187,Stack Exchange
187,Stack Overflow
188,Stack Overflow
189,Stack Overflow
191,Stack Exchange
191,Stack Overflow
192,Stack Exchange
192,Stack Overflow
193,Stack Exchange
193,Stack Overflow
194,Stack Overflow
195,Stack Exchange
195,Stack Overflow
196,Stack Exchange
196,Stack Overflow
197,Stack Exchange
197,Stack Overflow
198,Stack Exchange
198,Stack Overflow
199,Stack Exchange
199,Stack Overflow
200,Stack Exchange
200,Stack Overflow
200,Stack Overflow for Teams (private knowledge sharing & collaboration platform for companies)
201,Collectives on Stack Overflow
201,Stack Exchange
201,Stack Overflow
202,Stack Exchange
202,Stack Overflow
203,Collectives on Stack Overflow
203,Stack Exchange
203,Stack Overflow
203,Stack Overflow for Teams (private knowledge sharing & collaboration platform for companies)
204,Stack Exchange
204,Stack Overflow
205,Stack Exchange
205,Stack Overflow
206,Stack Overflow
207,Stack Exchange
207,Stack Overflow
208,Stack Overflow
209,Stack Overflow
210,Stack Exchange
210,Stack Overflow
210,Stack Overflow for Teams (private knowledge sharing & collaboration platform for companies)
211,Stack Exchange
211,Stack Overflow
212,Stack Exchange
212,Stack Overflow
213,Stack Exchange
213,Stack Overflow
214,Stack Overflow
215,Stack Exchange
215,Stack Overflow
216,Stack Exchange
216,Stack Overflow
217,Stack Overflow
218,Stack Exchange
218,Stack Overflow
219,Stack Exchange
219,Stack Overflow
220,Stack Exchange
220,Stack Overflow
221,Stack Exchange
221,Stack Overflow
222,Stack Exchange
222,Stack Overflow
223,Stack Exchange
223,Stack Overflow
224,Stack Exchange
224,Stack Overflow
225,Stack Exchange
225,Stack Overflow
226,Stack Exchange
226,Stack Overflow
227,Collectives on Stack Overflow
227,Stack Exchange
227,Stack Overflow
228,Stack Exchange
228,Stack Overflow
229,Stack Overflow
231,Stack Overflow
232,Stack Exchange
232,Stack Overflow
233,Collectives on Stack Overflow
233,Stack Exchange
233,Stack Overflow
233,Stack Overflow for Teams (private knowledge sharing & collaboration platform for companies)
234,Stack Overflow
234,Stack Overflow for Teams (private knowledge sharing & collaboration platform for companies)
235,Stack Overflow
236,Stack Overflow
237,Stack Exchange
237,Stack Overflow
237,Stack Overflow for Teams (private knowledge sharing & collaboration platform for companies)
238,Stack Exchange
238,Stack Overflow
239,Stack Exchange
239,Stack Overflow
240,Stack Overflow
241,Stack Exchange
241,Stack Overflow
242,Stack Overflow
243,Stack Exchange
243,Stack Overflow
244,Stack Overflow
245,Collectives on Stack Overflow
245,Stack Exchange
245,Stack Overflow
246,Stack Exchange
246,Stack Overflow
247,Stack Exchange
247,Stack Overflow
247,Stack Overflow for Teams (private knowledge sharing & collaboration platform for companies)
248,Collectives on Stack Overflow
248,Stack Overflow
249,Stack Exchange
249,Stack Overflow
250,Stack Exchange
250,Stack Overflow
251,Stack Exchange
251,Stack Overflow
252,Stack Overflow
253,Stack Overflow
254,Stack Exchange
254,Stack Overflow
255,Stack Exchange
255,Stack Overflow
256,Stack Overflow
257,Collectives on Stack Overflow
257,Stack Exchange
257,Stack Overflow
257,Stack Overflow for Teams (private knowledge sharing & collaboration platform for companies)
258,Stack Exchange
258,Stack Overflow
259,Stack Overflow
260,Stack Exchange
260,Stack Overflow
261,Stack Exchange
261,Stack Overflow
262,Stack Exchange
262,Stack Overflow
263,Stack Exchange
263,Stack Overflow
264,Stack Overflow
265,Stack Overflow
266,Stack Exchange
266,Stack Overflow
267,Stack Exchange
267,Stack Overflow
268,Stack Overflow
269,Stack Exchange
269,Stack Overflow
270,Stack Exchange
270,Stack Overflow
271,Stack Exchange
271,Stack Overflow
272,Stack Overflow
273,Stack Exchange
273,Stack Overflow
274,Stack Exchange
274,Stack Overflow
274,Stack Overflow for Teams (private knowledge sharing & collaboration platform for companies)
275,Stack Exchange
275,Stack Overflow
276,Stack Exchange
276,Stack Overflow
277,Stack Exchange
277,Stack Overflow
278,Stack Exchange
278,Stack Overflow
279,Stack Overflow
280,Stack Exchange
280,Stack Overflow
280,Stack Overflow for Teams (private knowledge sharing & collaboration platform for companies)
281,Stack Exchange
281,Stack Overflow
282,Stack Exchange
282,Stack Overflow
283,Stack Exchange
283,Stack Overflow
284,Stack Exchange
284,Stack Overflow
285,Stack Exchange
285,Stack Overflow
286,Stack Exchange
286,Stack Overflow
287,Stack Overflow
287,Stack Overflow for Teams (private knowledge sharing & collaboration platform for companies)
288,Stack Exchange
288,Stack Overflow
289,Stack Exchange
289,Stack Overflow
290,Stack Exchange
290,Stack Overflow
291,Stack Exchange
291,Stack Overflow
291,Stack Overflow for Teams (private knowledge sharing & collaboration platform for companies)
292,Stack Exchange
292,Stack Overflow
293,Stack Exchange
293,Stack Overflow
294,Stack Overflow
295,Stack Exchange
295,Stack Overflow
296,Stack Exchange
296,Stack Overflow
297,Collectives on Stack Overflow
297,Stack Exchange
297,Stack Overflow
298,Stack Exchange
298,Stack Overflow
299,Stack Exchange
299,Stack Overflow
300,Stack Exchange
300,Stack Overflow
301,Collectives on Stack Overflow
301,Stack Exchange
301,Stack Overflow
302,Stack Exchange
302,Stack Overflow
303,Stack Exchange
303,Stack Overflow
304,Stack Exchange
304,Stack Overflow
305,Stack Exchange
305,Stack Overflow
305,Stack Overflow for Teams (private knowledge sharing & collaboration platform for companies)
306,Stack Exchange
306,Stack Overflow
307,Stack Exchange
307,Stack Overflow
308,Stack Exchange
308,Stack Overflow
308,Stack Overflow for Teams (private knowledge sharing & collaboration platform for companies)
309,Stack Exchange
309,Stack Overflow
310,Stack Exchange
310,Stack Overflow
311,Stack Overflow
312,Stack Overflow
313,Stack Exchange
313,Stack Overflow
314,Stack Overflow
315,Stack Exchange
315,Stack Overflow
316,Stack Exchange
316,Stack Overflow
317,Stack Exchange
317,Stack Overflow
318,Stack Exchange
318,Stack Overflow
319,Stack Overflow
320,Stack Exchange
320,Stack Overflow
321,Stack Exchange
321,Stack Overflow
322,Stack Overflow
323,Stack Overflow
324,Stack Exchange
324,Stack Overflow
325,Stack Exchange
325,Stack Overflow
326,Stack Exchange
326,Stack Overflow
327,Stack Overflow
328,Stack Overflow
329,Stack Overflow
330,Stack Overflow
331,Stack Exchange
331,Stack Overflow
331,Stack Overflow for Teams (private knowledge sharing & collaboration platform for companies)
332,Stack Exchange
332,Stack Overflow
333,Stack Exchange
333,Stack Overflow
334,Stack Exchange
334,Stack Overflow
335,Stack Overflow
336,Stack Exchange
336,Stack Overflow
337,Stack Exchange
337,Stack Overflow
338,Stack Overflow
339,Stack Exchange
339,Stack Overflow
340,Stack Exchange
340,Stack Overflow
341,Stack Overflow
342,Stack Exchange
342,Stack Overflow
343,Stack Overflow
344,Stack Exchange
344,Stack Overflow
345,Stack Overflow
346,Stack Exchange
346,Stack Overflow
347,Stack Exchange
347,Stack Overflow
348,Stack Exchange
348,Stack Overflow
349,Stack Exchange
349,Stack Overflow
350,Stack Exchange
350,Stack Overflow
351,Stack Exchange
351,Stack Overflow
352,Stack Exchange
352,Stack Overflow
353,Stack Exchange
353,Stack Overflow
354,Stack Overflow
355,Stack Exchange
355,Stack Overflow
356,Stack Exchange
356,Stack Overflow
357,Stack Exchange
357,Stack Overflow
358,Collectives on Stack Overflow
358,Stack Overflow
359,Stack Exchange
359,Stack Overflow
360,Collectives on Stack Overflow
360,Stack Exchange
360,Stack Overflow
360,Stack Overflow for Teams (private knowledge sharing & collaboration platform for companies)
361,Stack Exchange
361,Stack Overflow
362,Stack Exchange
362,Stack Overflow
363,Stack Exchange
363,Stack Overflow
364,Stack Overflow
365,Stack Exchange
365,Stack Overflow
366,Stack Exchange
366,Stack Overflow
367,Collectives on Stack Overflow
367,Stack Overflow
368,Stack Exchange
368,Stack Overflow
369,Stack Exchange
369,Stack Overflow
370,Stack Exchange
370,Stack Overflow
371,Stack Exchange
371,Stack Overflow
372,Stack Exchange
372,Stack Overflow
373,Stack Exchange
373,Stack Overflow
374,Stack Exchange
374,Stack Overflow
375,Stack Overflow
376,Stack Overflow
377,Stack Exchange
377,Stack Overflow
378,Stack Exchange
378,Stack Overflow
379,Stack Exchange
379,Stack Overflow
380,Stack Exchange
380,Stack Overflow
381,Stack Overflow
382,Stack Exchange
382,Stack Overflow
383,Stack Exchange
383,Stack Overflow
384,Stack Exchange
384,Stack Overflow
385,Stack Exchange
385,Stack Overflow
386,Stack Exchange
386,Stack Overflow
387,Stack Exchange
387,Stack Overflow
388,Stack Exchange
388,Stack Overflow
388,Stack Overflow for Teams (private knowledge sharing & collaboration platform for companies)
389,Stack Exchange
389,Stack Overflow
390,Stack Overflow
391,Stack Exchange
391,Stack Overflow
391,Stack Overflow for Teams (private knowledge sharing & collaboration platform for companies)
392,Stack Exchange
392,Stack Overflow
393,Stack Exchange
393,Stack Overflow
394,Stack Exchange
394,Stack Overflow
395,Stack Overflow
396,Collectives on Stack Overflow
396,Stack Exchange
396,Stack Overflow
397,Stack Overflow
398,Stack Exchange
398,Stack Overflow
399,Stack Exchange
399,Stack Overflow
400,Stack Exchange
400,Stack Overflow
401,Stack Overflow
402,Stack Exchange
402,Stack Overflow
403,Stack Exchange
403,Stack Overflow
404,Stack Exchange
404,Stack Overflow
405,Stack Exchange
405,Stack Overflow
406,Stack Exchange
406,Stack Overflow
407,Stack Overflow
408,Stack Overflow
409,Stack Exchange
409,Stack Overflow
410,Stack Exchange
410,Stack Overflow
411,Stack Exchange
411,Stack Overflow
412,Stack Exchange
412,Stack Overflow
413,Stack Exchange
413,Stack Overflow
414,Stack Exchange
414,Stack Overflow
415,Stack Exchange
415,Stack Overflow
416,Stack Exchange
416,Stack Overflow
417,Stack Exchange
417,Stack Overflow
418,Stack Exchange
418,Stack Overflow
419,Stack Exchange
419,Stack Overflow
420,Stack Exchange
420,Stack Overflow
421,Stack Exchange
421,Stack Overflow
422,Stack Exchange
422,Stack Overflow
423,Stack Overflow
424,Stack Exchange
424,Stack Overflow
425,Stack Exchange
425,Stack Overflow
426,Stack Exchange
426,Stack Overflow
427,Stack Exchange
427,Stack Overflow
428,Stack Exchange
428,Stack Overflow
429,Stack Exchange
429,Stack Overflow
430,Stack Overflow
431,Stack Overflow
432,Stack Overflow
433,Stack Exchange
433,Stack Overflow
434,Stack Exchange
434,Stack Overflow
435,Stack Overflow
436,Stack Exchange
436,Stack Overflow
437,Stack Exchange
437,Stack Overflow
438,Stack Exchange
438,Stack Overflow
439,Stack Overflow
440,Collectives on Stack Overflow
440,Stack Exchange
440,Stack Overflow
440,Stack Overflow for Teams (private knowledge sharing & collaboration platform for companies)
441,Stack Overflow
442,Collectives on Stack Overflow
442,Stack Exchange
442,Stack Overflow
443,Stack Exchange
443,Stack Overflow
444,Stack Exchange
444,Stack Overflow
445,Stack Exchange
445,Stack Overflow
446,Stack Overflow
447,Stack Exchange
447,Stack Overflow
448,Stack Exchange
448,Stack Overflow
449,Stack Overflow
450,Stack Exchange
450,Stack Overflow
451,Stack Overflow
452,Stack Overflow
453,Stack Exchange
453,Stack Overflow
454,Stack Overflow
455,Stack Exchange
455,Stack Overflow
456,Stack Exchange
456,Stack Overflow
457,Stack Exchange
457,Stack Overflow
458,Stack Exchange
458,Stack Overflow
458,Stack Overflow for Teams (private knowledge sharing & collaboration platform for companies)
459,Stack Exchange
459,Stack Overflow
460,Stack Overflow
461,Stack Overflow
462,Stack Exchange
462,Stack Overflow
463,Stack Exchange
463,Stack Overflow
464,Stack Exchange
464,Stack Overflow
465,Stack Overflow
466,Stack Exchange
466,Stack Overflow
467,Stack Exchange
467,Stack Overflow
468,Stack Exchange
468,Stack Overflow
469,Stack Exchange
469,Stack Overflow
470,Stack Exchange
470,Stack Overflow
471,Stack Exchange
471,Stack Overflow
472,Stack Exchange
472,Stack Overflow
473,Stack Exchange
473,Stack Overflow
474,Stack Exchange
474,Stack Overflow
475,Stack Overflow
476,Collectives on Stack Overflow
476,Stack Exchange
476,Stack Overflow
476,Stack Overflow for Teams (private knowledge sharing & collaboration platform for companies)
477,Stack Exchange
477,Stack Overflow
478,Collectives on Stack Overflow
478,Stack Exchange
478,Stack Overflow
479,Stack Exchange
479,Stack Overflow
480,Stack Exchange
480,Stack Overflow
481,Stack Exchange
481,Stack Overflow
482,Stack Exchange
482,Stack Overflow
483,Stack Exchange
483,Stack Overflow
484,Stack Exchange
484,Stack Overflow
485,Stack Overflow
486,Stack Exchange
486,Stack Overflow
487,Collectives on Stack Overflow
487,Stack Exchange
487,Stack Overflow
488,Stack Exchange
488,Stack Overflow
489,Stack Exchange
489,Stack Overflow
490,Collectives on Stack Overflow
490,Stack Exchange
490,Stack Overflow
491,Stack Overflow
492,Stack Overflow
493,Stack Overflow
494,Stack Exchange
494,Stack Overflow
495,I have never visited Stack Overflow or the Stack Exchange network
495,Stack Exchange
495,Stack Overflow
496,Stack Exchange
496,Stack Overflow
497,Stack Exchange
497,Stack Overflow
498,Stack Exchange
498,Stack Overflow
498,Stack Overflow for Teams (private knowledge sharing & collaboration platform for companies)
499,Stack Overflow
499,Stack Overflow for Teams (private knowledge sharing & collaboration platform for companies)
500,Stack Exchange
500,Stack Overflow
501,Stack Exchange
501,Stack Overflow
502,Stack Exchange
502,Stack Overflow
503,Stack Exchange
503,Stack Overflow
504,Collectives on Stack Overflow
504,Stack Overflow
505,Collectives on Stack Overflow
505,Stack Exchange
505,Stack Overflow
505,Stack Overflow for Teams (private knowledge sharing & collaboration platform for companies)
506,Stack Exchange
506,Stack Overflow
507,Stack Overflow
508,Stack Exchange
508,Stack Overflow
509,Stack Exchange
509,Stack Overflow
510,Stack Exchange
510,Stack Overflow
511,Stack Exchange
511,Stack Overflow
512,Stack Overflow
513,Stack Exchange
513,Stack Overflow
514,Stack Exchange
514,Stack Overflow
515,Stack Exchange
515,Stack Overflow
516,Stack Exchange
517,Stack Exchange
517,Stack Overflow
518,Stack Overflow
519,Stack Exchange
519,Stack Overflow
520,Stack Exchange
520,Stack Overflow
522,Stack Exchange
522,Stack Overflow
523,Stack Exchange
523,Stack Overflow
524,Stack Exchange
524,Stack Overflow
525,Stack Exchange
525,Stack Overflow
526,Stack Overflow
527,Stack Exchange
527,Stack Overflow
528,Stack Exchange
528,Stack Overflow
529,Stack Overflow
530,Stack Exchange
530,Stack Overflow
531,Stack Exchange
531,Stack Overflow
532,Stack Exchange
532,Stack Overflow
533,Stack Exchange
533,Stack Overflow
534,Stack Exchange
534,Stack Overflow
535,Stack Exchange
535,Stack Overflow
536,Stack Exchange
536,Stack Overflow
537,Stack Exchange
537,Stack Overflow
538,Stack Exchange
538,Stack Overflow
539,Stack Exchange
539,Stack Overflow
540,Stack Exchange
540,Stack Overflow
541,Stack Exchange
541,Stack Overflow
543,Stack Overflow
544,Stack Overflow
545,Stack Exchange
545,Stack Overflow
546,Stack Exchange
546,Stack Overflow
547,Stack Exchange
547,Stack Overflow
548,Stack Exchange
548,Stack Overflow
549,Stack Overflow
550,Stack Exchange
550,Stack Overflow
551,Stack Exchange
551,Stack Overflow
552,Stack Exchange
552,Stack Overflow
553,Stack Overflow
553,Stack Overflow for Teams (private knowledge sharing & collaboration platform for companies)
554,Stack Exchange
554,Stack Overflow
555,Stack Exchange
555,Stack Overflow
556,Stack Exchange
556,Stack Overflow
557,Collectives on Stack Overflow
557,Stack Exchange
557,Stack Overflow
558,Stack Exchange
558,Stack Overflow
559,Stack Overflow
560,Stack Exchange
560,Stack Overflow
561,Stack Overflow
562,Collectives on Stack Overflow
562,Stack Exchange
562,Stack Overflow
563,Stack Exchange
563,Stack Overflow
564,Stack Overflow
565,Stack Exchange
565,Stack Overflow
565,Stack Overflow for Teams (private knowledge sharing & collaboration platform for companies)
566,Stack Exchange
566,Stack Overflow
567,Stack Exchange
567,Stack Overflow
568,Stack Exchange
568,Stack Overflow
569,Stack Overflow
570,Stack Exchange
570,Stack Overflow
571,Collectives on Stack Overflow
571,Stack Exchange
571,Stack Overflow
571,Stack Overflow for Teams (private knowledge sharing & collaboration platform for companies)
572,Stack Exchange
572,Stack Overflow
573,Stack Exchange
573,Stack Overflow
574,Collectives on Stack Overflow
574,Stack Exchange
574,Stack Overflow
575,Stack Overflow
576,Stack Exchange
576,Stack Overflow
577,Stack Exchange
577,Stack Overflow
577,Stack Overflow for Teams (private knowledge sharing & collaboration platform for companies)
578,Stack Overflow
579,Stack Exchange
579,Stack Overflow
580,Stack Overflow
581,Stack Exchange
581,Stack Overflow
582,Stack Overflow
583,Stack Exchange
583,Stack Overflow
584,Collectives on Stack Overflow
584,Stack Exchange
584,Stack Overflow
584,Stack Overflow for Teams (private knowledge sharing & collaboration platform for companies)
585,Stack Exchange
585,Stack Overflow
586,Stack Overflow
587,Stack Exchange
587,Stack Overflow
588,Stack Exchange
588,Stack Overflow
589,Stack Exchange
589,Stack Overflow
590,Stack Exchange
590,Stack Overflow
591,Stack Exchange
591,Stack Overflow
591,Stack Overflow for Teams (private knowledge sharing & collaboration platform for companies)
592,Stack Exchange
592,Stack Overflow
593,Stack Exchange
593,Stack Overflow
594,Stack Exchange
594,Stack Overflow
594,Stack Overflow for Teams (private knowledge sharing & collaboration platform for companies)
595,Stack Exchange
595,Stack Overflow
596,Stack Exchange
596,Stack Overflow
596,Stack Overflow for Teams (private knowledge sharing & collaboration platform for companies)
597,Stack Exchange
597,Stack Overflow
598,Stack Exchange
598,Stack Overflow
599,Stack Exchange
599,Stack Overflow
601,Stack Overflow
602,Collectives on Stack Overflow
602,Stack Exchange
602,Stack Overflow
603,Stack Exchange
603,Stack Overflow
604,Stack Exchange
604,Stack Overflow
604,Stack Overflow for Teams (private knowledge sharing & collaboration platform for companies)
605,Stack Exchange
605,Stack Overflow
606,Stack Exchange
606,Stack Overflow
606,Stack Overflow for Teams (private knowledge sharing & collaboration platform for companies)
607,Collectives on Stack Overflow
607,Stack Overflow
608,Stack Exchange
608,Stack Overflow
609,Stack Exchange
609,Stack Overflow
609,Stack Overflow for Teams (private knowledge sharing & collaboration platform for companies)
610,Stack Overflow
611,Stack Overflow
612,Stack Exchange
612,Stack Overflow
612,Stack Overflow for Teams (private knowledge sharing & collaboration platform for companies)
613,Stack Exchange
613,Stack Overflow
614,Stack Exchange
614,Stack Overflow
615,Stack Exchange
615,Stack Overflow
616,Stack Exchange
616,Stack Overflow
617,Stack Exchange
617,Stack Overflow
618,Stack Exchange
618,Stack Overflow
619,Stack Exchange
619,Stack Overflow
620,Stack Overflow
621,Stack Exchange
621,Stack Overflow
622,Stack Exchange
622,Stack Overflow
623,Stack Exchange
623,Stack Overflow
624,Stack Exchange
624,Stack Overflow
625,Stack Overflow
626,Stack Exchange
626,Stack Overflow
627,Stack Exchange
627,Stack Overflow
628,Stack Overflow
629,Stack Exchange
629,Stack Overflow
630,Stack Exchange
630,Stack Overflow
631,Stack Overflow
632,Stack Exchange
632,Stack Overflow
633,Stack Exchange
633,Stack Overflow
634,Stack Overflow
635,Stack Exchange
635,Stack Overflow
636,Stack Exchange
636,Stack Overflow
637,Stack Overflow
638,Stack Exchange
638,Stack Overflow
639,Stack Exchange
639,Stack Overflow
640,Stack Exchange
640,Stack Overflow
641,Stack Exchange
641,Stack Overflow
641,Stack Overflow for Teams (private knowledge sharing & collaboration platform for companies)
642,Stack Exchange
642,Stack Overflow
643,Stack Overflow
644,Stack Exchange
644,Stack Overflow
645,Collectives on Stack Overflow
645,Stack Overflow
646,Stack Exchange
646,Stack Overflow
647,Stack Exchange
647,Stack Overflow
648,Stack Exchange
648,Stack Overflow
649,Stack Exchange
649,Stack Overflow
650,Stack Overflow
650,Stack Overflow for Teams (private knowledge sharing & collaboration platform for companies)
651,Stack Exchange
651,Stack Overflow
652,Stack Exchange
652,Stack Overflow
653,Stack Exchange
653,Stack Overflow
654,Stack Exchange
654,Stack Overflow
655,Stack Exchange
655,Stack Overflow
656,Stack Overflow
657,Stack Exchange
657,Stack Overflow
658,Stack Exchange
658,Stack Overflow
659,Stack Exchange
659,Stack Overflow
660,Stack Exchange
660,Stack Overflow
661,Stack Exchange
661,Stack Overflow
662,Stack Exchange
662,Stack Overflow
663,Stack Exchange
663,Stack Overflow
664,Stack Overflow
665,Stack Exchange
665,Stack Overflow
666,Stack Exchange
666,Stack Overflow
667,Stack Exchange
667,Stack Overflow
668,Stack Overflow
669,Stack Overflow
670,Stack Exchange
670,Stack Overflow
671,Stack Exchange
671,Stack Overflow
672,Stack Overflow
673,Stack Exchange
673,Stack Overflow
674,Stack Exchange
674,Stack Overflow
675,Stack Overflow
676,Stack Exchange
676,Stack Overflow
677,Stack Exchange
677,Stack Overflow
678,Stack Exchange
678,Stack Overflow
679,Stack Overflow
680,Stack Exchange
680,Stack Overflow
681,Stack Overflow
682,Stack Overflow
683,Stack Exchange
683,Stack Overflow
684,Stack Exchange
684,Stack Overflow
684,Stack Overflow for Teams (private knowledge sharing & collaboration platform for companies)
685,Stack Exchange
685,Stack Overflow
686,Stack Exchange
686,Stack Overflow
687,Stack Overflow
688,Stack Overflow
689,Stack Exchange
689,Stack Overflow
690,Stack Exchange
690,Stack Overflow
691,Stack Exchange
691,Stack Overflow
692,Stack Exchange
692,Stack Overflow
693,Stack Exchange
693,Stack Overflow
694,Stack Exchange
694,Stack Overflow
695,Stack Exchange
695,Stack Overflow
696,Stack Overflow
697,Stack Exchange
697,Stack Overflow
698,Stack Exchange
698,Stack Overflow
699,Stack Exchange
699,Stack Overflow
700,Stack Exchange
700,Stack Overflow
701,Collectives on Stack Overflow
701,Stack Exchange
701,Stack Overflow
702,Stack Exchange
702,Stack Overflow
702,Stack Overflow for Teams (private knowledge sharing & collaboration platform for companies)
703,Stack Exchange
703,Stack Overflow
704,Stack Exchange
704,Stack Overflow
706,Stack Exchange
706,Stack Overflow
707,Stack Overflow
708,Stack Exchange
708,Stack Overflow
709,Stack Exchange
709,Stack Overflow
710,Stack Exchange
710,Stack Overflow
711,Stack Exchange
711,Stack Overflow
712,Stack Exchange
712,Stack Overflow
713,Stack Exchange
713,Stack Overflow
714,Stack Overflow
715,Collectives on Stack Overflow
715,Stack Exchange
715,Stack Overflow
716,Stack Exchange
716,Stack Overflow
717,Stack Overflow
718,Collectives on Stack Overflow
718,Stack Exchange
718,Stack Overflow
718,Stack Overflow for Teams (private knowledge sharing & collaboration platform for companies)
719,Stack Exchange
719,Stack Overflow
720,Stack Overflow
721,Stack Exchange
721,Stack Overflow
722,Stack Overflow
723,Stack Exchange
723,Stack Overflow
724,Stack Exchange
724,Stack Overflow
725,Stack Exchange
725,Stack Overflow
726,Stack Exchange
726,Stack Overflow
727,Stack Exchange
727,Stack Overflow
728,Stack Exchange
728,Stack Overflow
729,Stack Exchange
729,Stack Overflow
730,Stack Exchange
730,Stack Overflow
731,Stack Exchange
731,Stack Overflow
732,Stack Overflow
733,Stack Exchange
733,Stack Overflow
734,Collectives on Stack Overflow
734,Stack Exchange
734,Stack Overflow
735,Stack Overflow
736,Stack Exchange
736,Stack Overflow
737,Stack Exchange
738,Stack Exchange
738,Stack Overflow
739,Stack Exchange
739,Stack Overflow
740,Stack Exchange
740,Stack Overflow
741,Stack Exchange
741,Stack Overflow
742,Stack Overflow
743,Collectives on Stack Overflow
743,Stack Exchange
743,Stack Overflow
743,Stack Overflow for Teams (private knowledge sharing & collaboration platform for companies)
744,Stack Exchange
744,Stack Overflow
745,Stack Exchange
745,Stack Overflow
746,Stack Exchange
746,Stack Overflow
747,Stack Exchange
747,Stack Overflow
748,Stack Exchange
748,Stack Overflow
749,Stack Overflow
750,Stack Exchange
750,Stack Overflow
751,Stack Exchange
751,Stack Overflow
752,Stack Exchange
752,Stack Overflow
753,Stack Overflow
754,Stack Exchange
754,Stack Overflow
755,Stack Exchange
755,Stack Overflow
756,Stack Exchange
756,Stack Overflow
757,Stack Overflow
758,Stack Exchange
758,Stack Overflow
758,Stack Overflow for Teams (private knowledge sharing & collaboration platform for companies)
759,Stack Exchange
759,Stack Overflow
760,Stack Exchange
760,Stack Overflow
761,Stack Exchange
761,Stack Overflow
762,Stack Exchange
762,Stack Overflow
763,Stack Exchange
763,Stack Overflow
764,Stack Exchange
764,Stack Overflow
765,Stack Overflow
766,Stack Exchange
766,Stack Overflow
767,Stack Exchange
767,Stack Overflow
768,Stack Exchange
768,Stack Overflow
769,Stack Exchange
769,Stack Overflow
770,Stack Exchange
770,Stack Overflow
771,Stack Exchange
771,Stack Overflow
772,Stack Overflow
773,Stack Exchange
773,Stack Overflow
774,Stack Exchange
774,Stack Overflow
775,Stack Exchange
775,Stack Overflow
776,Stack Exchange
776,Stack Overflow
777,Stack Exchange
777,Stack Overflow
778,Stack Exchange
778,Stack Overflow
779,Stack Exchange
779,Stack Overflow
780,Stack Exchange
780,Stack Overflow
781,Stack Exchange
781,Stack Overflow
782,Stack Exchange
782,Stack Overflow
783,Stack Exchange
783,Stack Overflow
784,Stack Overflow
785,Stack Exchange
785,Stack Overflow
786,Stack Exchange
786,Stack Overflow
787,Stack Exchange
787,Stack Overflow
788,Stack Overflow
789,Stack Overflow
790,Stack Overflow
791,Stack Exchange
791,Stack Overflow
792,Stack Exchange
792,Stack Overflow
793,Stack Exchange
793,Stack Overflow
794,Stack Overflow
795,Stack Exchange
795,Stack Overflow
796,Stack Exchange
796,Stack Overflow
797,Stack Overflow
798,Stack Overflow
799,Stack Exchange
799,Stack Overflow
800,Stack Exchange
800,Stack Overflow
801,Stack Overflow
802,Stack Overflow
803,Stack Exchange
803,Stack Overflow
804,Stack Exchange
804,Stack Overflow
805,Stack Exchange
805,Stack Overflow
806,Stack Exchange
806,Stack Overflow
807,Stack Exchange
807,Stack Overflow
809,Collectives on Stack Overflow
809,Stack Overflow
810,Stack Exchange
810,Stack Overflow
811,Stack Overflow
812,Stack Exchange
812,Stack Overflow
813,Stack Exchange
813,Stack Overflow
814,Stack Exchange
814,Stack Overflow
815,Stack Exchange
815,Stack Overflow
816,Stack Overflow
817,Stack Overflow
818,Stack Exchange
818,Stack Overflow
819,Stack Exchange
819,Stack Overflow
820,Stack Overflow
820,Stack Overflow for Teams (private knowledge sharing & collaboration platform for companies)
821,Stack Exchange
821,Stack Overflow
822,Stack Exchange
822,Stack Overflow
823,Stack Exchange
823,Stack Overflow
824,Stack Exchange
824,Stack Overflow
825,Stack Exchange
825,Stack Overflow
826,Stack Exchange
826,Stack Overflow
827,Stack Exchange
827,Stack Overflow
828,Stack Exchange
828,Stack Overflow
829,Stack Exchange
829,Stack Overflow
830,Stack Exchange
830,Stack Overflow
831,Stack Exchange
831,Stack Overflow
832,Stack Exchange
832,Stack Overflow
833,Stack Exchange
833,Stack Overflow
834,Stack Exchange
834,Stack Overflow
835,Stack Exchange
835,Stack Overflow
836,Stack Exchange
836,Stack Overflow
837,Stack Exchange
837,Stack Overflow
838,Stack Exchange
838,Stack Overflow
839,Stack Exchange
839,Stack Overflow
840,Stack Exchange
840,Stack Overflow
841,Stack Exchange
841,Stack Overflow
842,Stack Exchange
842,Stack Overflow
843,Stack Exchange
843,Stack Overflow
844,Stack Exchange
844,Stack Overflow
845,Stack Exchange
845,Stack Overflow
846,Stack Exchange
846,Stack Overflow
847,Stack Exchange
847,Stack Overflow
848,Stack Exchange
848,Stack Overflow
849,Collectives on Stack Overflow
849,Stack Exchange
849,Stack Overflow
850,Stack Exchange
850,Stack Overflow
851,Stack Exchange
851,Stack Overflow
852,Stack Overflow
853,Stack Overflow
854,Stack Exchange
854,Stack Overflow
854,Stack Overflow for Teams (private knowledge sharing & collaboration platform for companies)
855,Stack Exchange
855,Stack Overflow
856,Stack Overflow
857,Stack Overflow
858,Stack Overflow
859,Stack Exchange
859,Stack Overflow
860,Stack Exchange
860,Stack Overflow
861,Stack Overflow
862,Stack Exchange
862,Stack Overflow
863,Stack Exchange
863,Stack Overflow
864,Stack Overflow
865,Stack Overflow
866,Stack Exchange
866,Stack Overflow
867,Stack Exchange
867,Stack Overflow
868,Stack Exchange
868,Stack Overflow
869,Stack Exchange
869,Stack Overflow
870,Stack Exchange
870,Stack Overflow
871,Stack Exchange
871,Stack Overflow
872,Stack Overflow
873,Stack Exchange
873,Stack Overflow
874,Stack Exchange
874,Stack Overflow
875,Stack Exchange
875,Stack Overflow
876,Stack Exchange
876,Stack Overflow
877,Stack Exchange
877,Stack Overflow
878,Stack Overflow
879,Stack Exchange
879,Stack Overflow
880,Stack Exchange
880,Stack Overflow
881,Stack Exchange
881,Stack Overflow
882,Stack Exchange
882,Stack Overflow
883,Stack Overflow
884,Stack Exchange
884,Stack Overflow
885,Stack Exchange
885,Stack Overflow
886,Stack Exchange
886,Stack Overflow
887,Stack Exchange
887,Stack Overflow
888,Stack Exchange
888,Stack Overflow
889,Stack Exchange
889,Stack Overflow
890,Stack Exchange
890,Stack Overflow
891,Stack Overflow
892,Stack Exchange
892,Stack Overflow
892,Stack Overflow for Teams (private knowledge sharing & collaboration platform for companies)
893,Stack Overflow
894,Collectives on Stack Overflow
894,Stack Exchange
894,Stack Overflow
894,Stack Overflow for Teams (private knowledge sharing & collaboration platform for companies)
895,Stack Exchange
895,Stack Overflow
895,Stack Overflow for Teams (private knowledge sharing & collaboration platform for companies)
896,Stack Overflow
897,Stack Overflow
898,Stack Exchange
898,Stack Overflow
899,Stack Exchange
899,Stack Overflow
900,Stack Exchange
900,Stack Overflow
901,Stack Exchange
901,Stack Overflow
902,Stack Exchange
902,Stack Overflow
902,Stack Overflow for Teams (private knowledge sharing & collaboration platform for companies)
903,Stack Exchange
903,Stack Overflow
904,Stack Overflow
905,Stack Exchange
905,Stack Overflow
906,Stack Exchange
906,Stack Overflow
907,Stack Exchange
907,Stack Overflow
908,Stack Exchange
908,Stack Overflow
909,Collectives on Stack Overflow
909,Stack Overflow
910,Stack Exchange
910,Stack Overflow
911,Collectives on Stack Overflow
911,Stack Exchange
911,Stack Overflow
912,Stack Overflow
913,Stack Overflow
914,Stack Exchange
914,Stack Overflow
915,Stack Overflow
916,Stack Exchange
916,Stack Overflow
917,Stack Exchange
917,Stack Overflow
918,Stack Overflow
919,I have never visited Stack Overflow or the Stack Exchange network
919,Stack Exchange
919,Stack Overflow
920,Stack Overflow
921,Stack Exchange
921,Stack Overflow
922,Stack Exchange
922,Stack Overflow
923,Stack Exchange
923,Stack Overflow
923,Stack Overflow for Teams (private knowledge sharing & collaboration platform for companies)
924,Stack Exchange
924,Stack Overflow
925,Stack Exchange
925,Stack Overflow
926,Stack Exchange
926,Stack Overflow
927,Stack Exchange
927,Stack Overflow
928,Stack Exchange
928,Stack Overflow
929,Stack Exchange
929,Stack Overflow
930,Stack Exchange
930,Stack Overflow
931,Collectives on Stack Overflow
931,Stack Exchange
931,Stack Overflow
932,Stack Exchange
932,Stack Overflow
933,Stack Exchange
933,Stack Overflow
935,Stack Overflow
936,Stack Exchange
936,Stack Overflow
937,Stack Overflow
938,Stack Overflow
939,Stack Exchange
939,Stack Overflow
940,Stack Exchange
940,Stack Overflow
941,Stack Overflow
941,Stack Overflow for Teams (private knowledge sharing & collaboration platform for companies)
942,Stack Exchange
942,Stack Overflow
943,Stack Exchange
943,Stack Overflow
944,Stack Exchange
944,Stack Overflow
945,Stack Exchange
945,Stack Overflow
945,Stack Overflow for Teams (private knowledge sharing & collaboration platform for companies)
946,Stack Overflow
947,Stack Overflow
948,Stack Exchange
948,Stack Overflow
949,Stack Exchange
949,Stack Overflow
950,Stack Exchange
950,Stack Overflow
951,Stack Overflow
952,Stack Exchange
952,Stack Overflow
953,Stack Exchange
953,Stack Overflow
954,Stack Exchange
954,Stack Overflow
955,Stack Overflow
956,Stack Exchange
956,Stack Overflow
957,Stack Exchange
957,Stack Overflow
958,Stack Overflow
959,Stack Exchange
959,Stack Overflow
960,Stack Exchange
960,Stack Overflow
961,Stack Exchange
961,Stack Overflow
962,Stack Exchange
962,Stack Overflow
963,Stack Overflow
964,Stack Exchange
964,Stack Overflow
965,Collectives on Stack Overflow
965,Stack Exchange
965,Stack Overflow
965,Stack Overflow for Teams (private knowledge sharing & collaboration platform for companies)
966,Stack Exchange
966,Stack Overflow
967,Stack Exchange
967,Stack Overflow
968,Stack Exchange
968,Stack Overflow
969,Stack Exchange
969,Stack Overflow
970,Stack Overflow
971,Stack Exchange
972,Stack Exchange
972,Stack Overflow
973,Stack Exchange
973,Stack Overflow
974,Stack Overflow
975,Stack Exchange
975,Stack Overflow
976,Stack Exchange
976,Stack Overflow
976,Stack Overflow for Teams (private knowledge sharing & collaboration platform for companies)
977,Stack Overflow
978,Stack Exchange
978,Stack Overflow
979,Stack Exchange
979,Stack Overflow
980,Stack Exchange
980,Stack Overflow
981,Stack Exchange
981,Stack Overflow
982,Stack Exchange
982,Stack Overflow
983,Collectives on Stack Overflow
983,Stack Exchange
983,Stack Overflow
983,Stack Overflow for Teams (private knowledge sharing & collaboration platform for companies)
984,Stack Exchange
984,Stack Overflow
985,Stack Exchange
985,Stack Overflow
986,Stack Overflow
987,Stack Overflow
988,Stack Exchange
988,Stack Overflow
989,Collectives on Stack Overflow
989,Stack Overflow
990,Stack Exchange
990,Stack Overflow
991,Stack Overflow
992,Stack Exchange
992,Stack Overflow
993,Stack Overflow
994,Stack Exchange
994,Stack Overflow
995,Collectives on Stack Overflow
995,Stack Exchange
995,Stack Overflow
995,Stack Overflow for Teams (private knowledge sharing & collaboration platform for companies)
996,Stack Exchange
996,Stack Overflow
997,Stack Exchange
997,Stack Overflow
997,Stack Overflow for Teams (private knowledge sharing & collaboration platform for companies)
998,Stack Overflow
998,Stack Overflow for Teams (private knowledge sharing & collaboration platform for companies)
999,Stack Overflow
1000,Stack Overflow
1001,Stack Exchange
1001,Stack Overflow
1002,Stack Overflow
1003,Stack Exchange
1003,Stack Overflow
1004,Stack Exchange
1004,Stack Overflow
1005,Stack Exchange
1005,Stack Overflow
1006,Stack Exchange
1006,Stack Overflow
1007,Stack Exchange
1007,Stack Overflow
1008,Stack Exchange
1008,Stack Overflow
1009,Stack Exchange
1009,Stack Overflow
1009,Stack Overflow for Teams (private knowledge sharing & collaboration platform for companies)
1010,Stack Exchange
1010,Stack Overflow
1011,Stack Exchange
1011,Stack Overflow
1012,Stack Exchange
1012,Stack Overflow
