ResponseId,DatabaseWantToWorkWith
2,Microsoft SQL Server
3,Microsoft SQL Server
4,Cloud Firestore
4,Elasticsearch
4,Firebase Realtime Database
4,Redis
6,MySQL
6,Oracle
6,PostgreSQL
7,Neo4J
7,PostgreSQL
10,Microsoft SQL Server
11,Elasticsearch
11,MongoDB
11,Redis
11,SQLite
12,Elasticsearch
12,Redis
13,PostgreSQL
14,Elasticsearch
14,MongoDB
14,Neo4J
14,PostgreSQL
15,Cloud Firestore
15,Firebase Realtime Database
15,Microsoft SQL Server
15,MongoDB
15,MySQL
15,SQLite
16,MariaDB
16,MongoDB
16,MySQL
16,PostgreSQL
17,Cassandra
17,PostgreSQL
18,Microsoft SQL Server
19,MySQL
20,MariaDB
21,MySQL
21,PostgreSQL
21,Redis
21,SQLite
22,Microsoft SQL Server
22,PostgreSQL
25,PostgreSQL
25,Redis
25,SQLite
26,MongoDB
27,Firebase Realtime Database
27,PostgreSQL
29,SQLite
34,PostgreSQL
34,Redis
34,SQLite
37,Couch DB
37,Elasticsearch
37,MySQL
37,PostgreSQL
37,Redis
38,SQLite
39,Elasticsearch
39,MariaDB
39,PostgreSQL
39,Redis
41,PostgreSQL
41,Redis
42,DynamoDB
42,Elasticsearch
42,Microsoft SQL Server
42,MongoDB
42,MySQL
42,PostgreSQL
42,Redis
44,MySQL
45,Firebase Realtime Database
45,MongoDB
45,MySQL
45,PostgreSQL
46,SQLite
49,Elasticsearch
49,PostgreSQL
51,Cassandra
51,Elasticsearch
51,MariaDB
51,MongoDB
51,Oracle
51,PostgreSQL
51,Redis
51,SQLite
53,DynamoDB
54,Elasticsearch
54,Redis
55,Elasticsearch
55,Microsoft SQL Server
55,Redis
57,PostgreSQL
60,DynamoDB
61,Redis
61,SQLite
62,PostgreSQL
62,SQLite
63,PostgreSQL
63,SQLite
64,Elasticsearch
64,Redis
66,IBM DB2
66,MariaDB
66,Microsoft SQL Server
66,MySQL
67,Microsoft SQL Server
67,MySQL
69,Cassandra
69,Elasticsearch
69,MongoDB
69,Redis
70,Cloud Firestore
70,Firebase Realtime Database
72,Elasticsearch
72,Microsoft SQL Server
72,MongoDB
72,Neo4J
72,Redis
73,SQLite
74,MongoDB
75,MongoDB
75,PostgreSQL
75,Redis
76,Couchbase
78,MySQL
78,PostgreSQL
79,PostgreSQL
79,Redis
80,Microsoft SQL Server
80,PostgreSQL
82,MySQL
83,Firebase Realtime Database
83,MariaDB
83,Microsoft SQL Server
83,MySQL
83,PostgreSQL
83,Redis
85,MariaDB
85,MySQL
87,Cassandra
87,DynamoDB
87,Firebase Realtime Database
87,MariaDB
87,Microsoft SQL Server
87,Redis
88,PostgreSQL
90,SQLite
94,PostgreSQL
94,SQLite
96,PostgreSQL
96,Redis
97,DynamoDB
97,Microsoft SQL Server
97,MySQL
97,Oracle
99,PostgreSQL
99,SQLite
101,DynamoDB
101,Redis
102,MongoDB
103,PostgreSQL
104,Cassandra
104,Elasticsearch
104,MongoDB
104,PostgreSQL
104,Redis
105,PostgreSQL
106,Cloud Firestore
106,Elasticsearch
106,Firebase Realtime Database
106,MongoDB
106,PostgreSQL
106,Redis
107,MySQL
107,PostgreSQL
108,Microsoft SQL Server
109,Redis
109,SQLite
110,Firebase Realtime Database
110,MongoDB
110,PostgreSQL
111,Elasticsearch
111,Microsoft SQL Server
111,MongoDB
113,MariaDB
113,Microsoft SQL Server
113,MySQL
114,MariaDB
114,MongoDB
114,PostgreSQL
118,Firebase Realtime Database
118,MongoDB
121,Cloud Firestore
121,Elasticsearch
122,Cloud Firestore
122,MariaDB
122,MongoDB
122,MySQL
122,PostgreSQL
123,MariaDB
123,Microsoft SQL Server
123,MySQL
123,PostgreSQL
124,Couchbase
124,PostgreSQL
124,Redis
126,Microsoft SQL Server
126,MongoDB
126,MySQL
126,PostgreSQL
126,SQLite
127,Elasticsearch
127,MariaDB
127,MongoDB
127,MySQL
127,PostgreSQL
131,Couchbase
133,MariaDB
133,PostgreSQL
133,Redis
138,MongoDB
138,MySQL
139,Couchbase
140,MongoDB
142,MongoDB
142,PostgreSQL
142,SQLite
145,Couchbase
147,Couchbase
147,MySQL
147,PostgreSQL
148,Couchbase
149,Couch DB
149,MongoDB
149,PostgreSQL
149,Redis
149,SQLite
151,Oracle
151,PostgreSQL
151,Redis
151,SQLite
152,DynamoDB
152,Firebase Realtime Database
152,MariaDB
152,MongoDB
152,MySQL
152,PostgreSQL
152,Redis
152,SQLite
153,Elasticsearch
153,PostgreSQL
153,Redis
153,SQLite
154,Couchbase
154,SQLite
156,Microsoft SQL Server
157,MongoDB
157,PostgreSQL
158,Cassandra
158,MongoDB
158,Redis
160,Microsoft SQL Server
160,MongoDB
160,PostgreSQL
161,Couchbase
163,DynamoDB
163,MySQL
164,PostgreSQL
164,Redis
165,Couchbase
168,Neo4J
168,PostgreSQL
168,Redis
168,SQLite
170,Cassandra
170,Couch DB
170,DynamoDB
170,PostgreSQL
172,Couchbase
173,MongoDB
174,MariaDB
174,MongoDB
174,MySQL
174,SQLite
175,Microsoft SQL Server
175,Oracle
176,PostgreSQL
176,SQLite
177,Couchbase
178,Elasticsearch
178,MongoDB
178,MySQL
179,Cassandra
179,Elasticsearch
179,Neo4J
179,Redis
180,PostgreSQL
181,Cassandra
181,DynamoDB
181,Microsoft SQL Server
181,PostgreSQL
181,Redis
182,Couchbase
182,PostgreSQL
183,Couchbase
184,Couchbase
184,Elasticsearch
184,SQLite
185,Couchbase
186,PostgreSQL
186,SQLite
187,Microsoft SQL Server
187,SQLite
188,Elasticsearch
188,MySQL
189,Cassandra
189,Redis
191,Couch DB
191,MongoDB
191,PostgreSQL
191,SQLite
192,PostgreSQL
192,Redis
194,Couchbase
195,Couchbase
196,Elasticsearch
196,MongoDB
196,MySQL
196,PostgreSQL
196,Redis
199,PostgreSQL
201,MongoDB
202,Firebase Realtime Database
202,PostgreSQL
202,Redis
202,SQLite
203,PostgreSQL
203,Redis
205,MongoDB
205,PostgreSQL
206,Couchbase
207,Microsoft SQL Server
208,Couchbase
209,Couchbase
211,PostgreSQL
212,Couchbase
212,Elasticsearch
212,Redis
213,MariaDB
213,MySQL
213,PostgreSQL
213,SQLite
214,SQLite
216,MariaDB
216,Redis
216,SQLite
217,Couchbase
218,Microsoft SQL Server
219,Couchbase
220,Couchbase
220,Elasticsearch
221,Couchbase
222,Microsoft SQL Server
225,Microsoft SQL Server
226,Couchbase
227,PostgreSQL
228,Microsoft SQL Server
231,Redis
232,DynamoDB
232,Microsoft SQL Server
232,PostgreSQL
233,Cassandra
233,Elasticsearch
233,Microsoft SQL Server
233,MongoDB
233,PostgreSQL
234,MongoDB
234,Redis
235,Couchbase
236,PostgreSQL
237,PostgreSQL
238,Microsoft SQL Server
239,PostgreSQL
239,SQLite
240,MariaDB
240,Microsoft SQL Server
240,MongoDB
240,MySQL
240,Oracle
240,PostgreSQL
244,MongoDB
244,MySQL
244,Oracle
244,PostgreSQL
245,Elasticsearch
245,MongoDB
246,MySQL
246,PostgreSQL
246,SQLite
247,Elasticsearch
247,Microsoft SQL Server
247,MongoDB
247,PostgreSQL
247,Redis
247,SQLite
248,Couchbase
249,SQLite
250,MongoDB
250,MySQL
250,PostgreSQL
250,SQLite
251,SQLite
253,DynamoDB
256,PostgreSQL
256,SQLite
257,MySQL
258,PostgreSQL
258,SQLite
259,MongoDB
259,MySQL
259,Redis
260,Firebase Realtime Database
261,Microsoft SQL Server
263,SQLite
265,DynamoDB
265,Elasticsearch
265,MongoDB
265,PostgreSQL
265,Redis
267,MySQL
267,PostgreSQL
267,Redis
268,MongoDB
268,MySQL
268,SQLite
269,Elasticsearch
269,PostgreSQL
269,Redis
271,Couchbase
271,PostgreSQL
271,SQLite
273,Cassandra
273,Redis
274,DynamoDB
274,PostgreSQL
274,Redis
275,MongoDB
276,Couchbase
276,PostgreSQL
276,SQLite
277,PostgreSQL
277,Redis
278,Elasticsearch
280,Redis
281,Cassandra
281,Elasticsearch
281,MySQL
281,Redis
283,MySQL
283,PostgreSQL
283,Redis
284,MariaDB
284,MongoDB
284,MySQL
284,SQLite
285,Microsoft SQL Server
286,PostgreSQL
286,SQLite
287,DynamoDB
287,MySQL
290,SQLite
291,SQLite
292,DynamoDB
292,PostgreSQL
292,SQLite
293,Oracle
293,PostgreSQL
295,Couchbase
295,Elasticsearch
295,PostgreSQL
297,PostgreSQL
297,SQLite
299,Microsoft SQL Server
300,Neo4J
300,PostgreSQL
301,Firebase Realtime Database
301,SQLite
302,MongoDB
303,PostgreSQL
304,MySQL
305,Elasticsearch
305,MongoDB
305,MySQL
305,PostgreSQL
305,Redis
306,MongoDB
306,PostgreSQL
306,Redis
306,SQLite
307,Couchbase
308,Cassandra
308,Firebase Realtime Database
308,PostgreSQL
308,Redis
311,Cassandra
311,MariaDB
311,Microsoft SQL Server
311,MongoDB
311,PostgreSQL
313,Microsoft SQL Server
313,PostgreSQL
313,Redis
316,PostgreSQL
317,Microsoft SQL Server
317,Redis
318,Cloud Firestore
318,Couch DB
321,Firebase Realtime Database
321,MongoDB
321,MySQL
322,Couch DB
323,PostgreSQL
325,Couchbase
325,Elasticsearch
327,PostgreSQL
328,PostgreSQL
331,Microsoft SQL Server
336,Cassandra
336,Elasticsearch
336,MongoDB
336,PostgreSQL
336,Redis
336,SQLite
338,PostgreSQL
339,Elasticsearch
340,Microsoft SQL Server
341,Firebase Realtime Database
341,MySQL
342,MariaDB
343,Cassandra
343,PostgreSQL
343,Redis
345,Couchbase
346,DynamoDB
346,MongoDB
348,Neo4J
353,PostgreSQL
354,SQLite
357,Oracle
358,MySQL
360,SQLite
361,MySQL
361,PostgreSQL
362,SQLite
365,PostgreSQL
365,SQLite
366,Cassandra
366,Couchbase
366,DynamoDB
366,Neo4J
366,PostgreSQL
367,SQLite
368,PostgreSQL
369,Couchbase
369,MariaDB
369,PostgreSQL
370,Neo4J
370,PostgreSQL
370,SQLite
373,Microsoft SQL Server
373,Redis
374,DynamoDB
374,Elasticsearch
375,Couchbase
378,PostgreSQL
378,Redis
378,SQLite
382,PostgreSQL
382,SQLite
383,MariaDB
383,PostgreSQL
383,SQLite
385,DynamoDB
385,PostgreSQL
385,Redis
386,PostgreSQL
387,DynamoDB
387,Microsoft SQL Server
388,DynamoDB
390,MongoDB
390,SQLite
391,Redis
391,SQLite
392,SQLite
393,Microsoft SQL Server
393,MongoDB
393,SQLite
395,PostgreSQL
396,Microsoft SQL Server
396,MongoDB
396,MySQL
396,PostgreSQL
396,Redis
397,Microsoft SQL Server
399,MongoDB
399,PostgreSQL
399,SQLite
400,PostgreSQL
401,Elasticsearch
401,Microsoft SQL Server
401,PostgreSQL
402,Elasticsearch
402,Firebase Realtime Database
402,MongoDB
402,Redis
403,DynamoDB
403,Elasticsearch
403,Redis
405,PostgreSQL
405,Redis
406,DynamoDB
406,Elasticsearch
406,PostgreSQL
407,MongoDB
409,Redis
410,PostgreSQL
411,Cassandra
411,MariaDB
413,Couchbase
414,PostgreSQL
415,MariaDB
415,SQLite
416,PostgreSQL
416,Redis
416,SQLite
417,Couchbase
421,MongoDB
421,PostgreSQL
421,Redis
421,SQLite
422,MongoDB
422,MySQL
422,PostgreSQL
422,Redis
422,SQLite
423,MySQL
423,PostgreSQL
423,SQLite
426,Redis
426,SQLite
427,SQLite
428,Cassandra
428,Elasticsearch
428,MariaDB
428,MongoDB
428,MySQL
428,PostgreSQL
428,Redis
428,SQLite
429,PostgreSQL
429,Redis
430,SQLite
432,DynamoDB
432,PostgreSQL
433,Microsoft SQL Server
436,MongoDB
438,SQLite
439,MongoDB
441,PostgreSQL
441,SQLite
442,PostgreSQL
442,Redis
443,Elasticsearch
443,PostgreSQL
443,Redis
443,SQLite
445,Microsoft SQL Server
445,Oracle
446,MySQL
447,DynamoDB
447,PostgreSQL
447,Redis
448,PostgreSQL
448,SQLite
449,PostgreSQL
451,SQLite
453,MariaDB
453,Microsoft SQL Server
455,PostgreSQL
455,SQLite
456,Elasticsearch
456,MongoDB
456,MySQL
456,PostgreSQL
456,Redis
456,SQLite
457,MongoDB
457,SQLite
460,MongoDB
460,MySQL
464,Microsoft SQL Server
464,PostgreSQL
465,Couchbase
466,SQLite
468,Microsoft SQL Server
468,Redis
468,SQLite
469,PostgreSQL
470,MongoDB
470,MySQL
470,Neo4J
470,PostgreSQL
470,Redis
470,SQLite
472,PostgreSQL
472,SQLite
474,SQLite
475,Microsoft SQL Server
476,Firebase Realtime Database
476,MongoDB
476,PostgreSQL
476,Redis
479,PostgreSQL
479,SQLite
481,MongoDB
481,PostgreSQL
481,Redis
483,DynamoDB
483,PostgreSQL
484,Couchbase
485,MongoDB
486,MariaDB
486,MySQL
486,Neo4J
486,PostgreSQL
486,Redis
486,SQLite
487,PostgreSQL
487,SQLite
488,SQLite
490,MongoDB
490,PostgreSQL
490,Redis
491,Elasticsearch
491,MySQL
491,Redis
493,MariaDB
493,Microsoft SQL Server
493,PostgreSQL
493,SQLite
494,MySQL
495,PostgreSQL
496,DynamoDB
496,MongoDB
496,PostgreSQL
497,Couchbase
500,Microsoft SQL Server
500,PostgreSQL
500,Redis
503,DynamoDB
503,Microsoft SQL Server
503,MongoDB
503,MySQL
503,PostgreSQL
504,SQLite
505,Cassandra
505,Elasticsearch
505,Microsoft SQL Server
505,MongoDB
505,MySQL
505,Neo4J
505,PostgreSQL
505,Redis
505,SQLite
506,PostgreSQL
507,Elasticsearch
507,MongoDB
507,SQLite
508,MySQL
510,Microsoft SQL Server
510,PostgreSQL
510,SQLite
511,PostgreSQL
511,Redis
514,Couchbase
514,SQLite
515,MySQL
515,Redis
519,MySQL
519,PostgreSQL
519,Redis
520,MariaDB
520,PostgreSQL
520,Redis
520,SQLite
521,SQLite
522,Cassandra
522,PostgreSQL
523,PostgreSQL
525,Couchbase
526,DynamoDB
526,Redis
527,MySQL
529,PostgreSQL
530,MariaDB
530,MySQL
534,PostgreSQL
536,PostgreSQL
537,Elasticsearch
537,MongoDB
537,PostgreSQL
538,DynamoDB
538,Elasticsearch
538,Microsoft SQL Server
538,MongoDB
538,MySQL
538,PostgreSQL
538,Redis
538,SQLite
539,PostgreSQL
540,PostgreSQL
540,SQLite
541,PostgreSQL
541,Redis
543,Couchbase
545,PostgreSQL
545,SQLite
547,Redis
548,SQLite
549,Microsoft SQL Server
551,PostgreSQL
551,Redis
551,SQLite
552,Elasticsearch
552,MongoDB
552,PostgreSQL
552,Redis
552,SQLite
553,Microsoft SQL Server
554,DynamoDB
554,Firebase Realtime Database
554,MongoDB
554,MySQL
554,PostgreSQL
556,PostgreSQL
556,SQLite
557,MySQL
558,Microsoft SQL Server
559,Oracle
559,SQLite
562,MongoDB
562,PostgreSQL
563,MongoDB
564,Couchbase
564,SQLite
565,Microsoft SQL Server
565,PostgreSQL
565,Redis
565,SQLite
566,SQLite
567,MariaDB
567,MongoDB
567,MySQL
567,Redis
567,SQLite
568,SQLite
569,MariaDB
569,MySQL
570,Couchbase
573,Elasticsearch
573,PostgreSQL
573,Redis
573,SQLite
574,MongoDB
574,Redis
577,PostgreSQL
578,SQLite
579,Elasticsearch
579,PostgreSQL
579,Redis
580,Couchbase
582,PostgreSQL
583,MariaDB
584,Elasticsearch
584,PostgreSQL
584,Redis
584,SQLite
586,Microsoft SQL Server
586,MySQL
587,Cloud Firestore
587,Firebase Realtime Database
589,MongoDB
589,MySQL
589,PostgreSQL
589,SQLite
590,DynamoDB
590,Firebase Realtime Database
591,DynamoDB
592,PostgreSQL
592,Redis
594,Cassandra
594,Elasticsearch
594,Microsoft SQL Server
594,MongoDB
594,Redis
595,MariaDB
595,Microsoft SQL Server
595,MySQL
595,Oracle
596,Elasticsearch
596,PostgreSQL
596,Redis
596,SQLite
597,PostgreSQL
598,MongoDB
598,MySQL
599,Firebase Realtime Database
599,MariaDB
599,MySQL
601,PostgreSQL
601,Redis
602,Elasticsearch
602,MariaDB
602,MySQL
602,Neo4J
602,PostgreSQL
602,Redis
602,SQLite
603,Redis
604,PostgreSQL
608,Elasticsearch
608,MongoDB
608,Redis
611,PostgreSQL
612,Redis
612,SQLite
613,Elasticsearch
613,SQLite
614,PostgreSQL
614,Redis
615,Redis
616,Cloud Firestore
616,MongoDB
616,Oracle
617,Microsoft SQL Server
617,PostgreSQL
617,SQLite
619,PostgreSQL
620,SQLite
621,Microsoft SQL Server
621,Redis
622,PostgreSQL
623,Microsoft SQL Server
623,Redis
624,PostgreSQL
624,SQLite
625,MySQL
625,PostgreSQL
625,Redis
628,PostgreSQL
630,Elasticsearch
630,PostgreSQL
630,Redis
630,SQLite
631,Couchbase
632,PostgreSQL
632,Redis
633,PostgreSQL
633,Redis
634,Microsoft SQL Server
634,MongoDB
635,MariaDB
635,MySQL
635,SQLite
636,Cloud Firestore
636,Elasticsearch
636,Firebase Realtime Database
636,MariaDB
636,MySQL
636,PostgreSQL
636,Redis
636,SQLite
637,Microsoft SQL Server
638,MariaDB
640,PostgreSQL
642,DynamoDB
644,MySQL
644,PostgreSQL
645,MongoDB
645,MySQL
645,PostgreSQL
647,PostgreSQL
647,SQLite
649,PostgreSQL
650,SQLite
651,MongoDB
652,MariaDB
652,Redis
652,SQLite
653,MariaDB
653,PostgreSQL
653,Redis
653,SQLite
654,Cassandra
654,Couchbase
654,Elasticsearch
654,MongoDB
655,PostgreSQL
656,PostgreSQL
657,Microsoft SQL Server
657,PostgreSQL
657,SQLite
659,DynamoDB
659,PostgreSQL
660,Couchbase
660,Elasticsearch
662,PostgreSQL
662,SQLite
663,Microsoft SQL Server
664,Redis
665,DynamoDB
665,MySQL
665,Redis
666,PostgreSQL
666,Redis
672,PostgreSQL
672,Redis
674,Neo4J
675,Firebase Realtime Database
675,PostgreSQL
675,Redis
675,SQLite
676,PostgreSQL
677,SQLite
678,Microsoft SQL Server
678,Redis
679,Couchbase
682,Firebase Realtime Database
682,MongoDB
682,MySQL
682,PostgreSQL
682,Redis
683,PostgreSQL
683,Redis
684,Cassandra
684,PostgreSQL
684,Redis
685,PostgreSQL
685,Redis
685,SQLite
686,Microsoft SQL Server
688,MySQL
689,MySQL
691,Elasticsearch
691,Oracle
691,PostgreSQL
694,Redis
694,SQLite
695,Cassandra
695,Cloud Firestore
695,DynamoDB
695,Elasticsearch
695,PostgreSQL
695,Redis
696,PostgreSQL
696,SQLite
697,MariaDB
697,MySQL
697,Redis
698,MariaDB
698,Microsoft SQL Server
698,MongoDB
698,Oracle
698,SQLite
699,Couchbase
700,MongoDB
700,PostgreSQL
701,PostgreSQL
701,SQLite
702,PostgreSQL
702,Redis
704,Elasticsearch
704,MariaDB
704,MySQL
704,PostgreSQL
706,Couchbase
706,Elasticsearch
706,SQLite
707,PostgreSQL
708,Couchbase
708,PostgreSQL
708,Redis
709,Cassandra
709,DynamoDB
709,MongoDB
709,PostgreSQL
711,PostgreSQL
713,MariaDB
713,Microsoft SQL Server
713,PostgreSQL
714,SQLite
715,Elasticsearch
715,Neo4J
716,MariaDB
716,PostgreSQL
716,Redis
716,SQLite
717,Couchbase
717,PostgreSQL
719,Microsoft SQL Server
719,SQLite
721,Couchbase
721,PostgreSQL
721,Redis
723,MariaDB
723,MongoDB
723,SQLite
724,PostgreSQL
724,SQLite
725,PostgreSQL
725,SQLite
726,Elasticsearch
726,PostgreSQL
727,DynamoDB
727,PostgreSQL
728,MySQL
729,DynamoDB
729,PostgreSQL
729,Redis
730,DynamoDB
730,MongoDB
730,PostgreSQL
730,Redis
731,PostgreSQL
731,Redis
731,SQLite
732,MongoDB
733,PostgreSQL
733,Redis
738,Cloud Firestore
738,PostgreSQL
738,Redis
738,SQLite
740,PostgreSQL
741,PostgreSQL
741,SQLite
743,MongoDB
743,PostgreSQL
743,Redis
743,SQLite
744,PostgreSQL
745,PostgreSQL
747,PostgreSQL
747,Redis
747,SQLite
748,Firebase Realtime Database
749,DynamoDB
749,Elasticsearch
749,MariaDB
749,Microsoft SQL Server
749,MySQL
749,Redis
751,Elasticsearch
751,Neo4J
752,DynamoDB
752,Elasticsearch
752,MariaDB
756,Elasticsearch
756,PostgreSQL
756,Redis
756,SQLite
758,PostgreSQL
759,PostgreSQL
760,Microsoft SQL Server
760,Redis
761,SQLite
762,PostgreSQL
762,SQLite
763,MariaDB
763,Redis
763,SQLite
764,MongoDB
764,MySQL
764,PostgreSQL
766,PostgreSQL
766,SQLite
767,Elasticsearch
767,PostgreSQL
767,Redis
767,SQLite
768,PostgreSQL
768,Redis
769,SQLite
770,PostgreSQL
771,PostgreSQL
772,Elasticsearch
772,PostgreSQL
773,PostgreSQL
773,Redis
774,PostgreSQL
775,PostgreSQL
776,Couch DB
776,SQLite
777,PostgreSQL
777,SQLite
778,Redis
778,SQLite
779,PostgreSQL
780,Elasticsearch
780,PostgreSQL
780,Redis
783,PostgreSQL
783,SQLite
784,DynamoDB
784,PostgreSQL
784,Redis
784,SQLite
786,PostgreSQL
786,SQLite
788,Elasticsearch
788,MariaDB
788,MySQL
788,PostgreSQL
788,SQLite
790,Couchbase
791,Couchbase
792,Cassandra
792,Elasticsearch
792,PostgreSQL
792,Redis
793,SQLite
794,MongoDB
794,Redis
795,MariaDB
795,PostgreSQL
796,Elasticsearch
796,Neo4J
796,PostgreSQL
797,DynamoDB
797,Redis
802,Redis
803,MySQL
803,SQLite
806,PostgreSQL
806,Redis
806,SQLite
807,PostgreSQL
808,SQLite
809,MongoDB
809,MySQL
809,PostgreSQL
810,PostgreSQL
811,Microsoft SQL Server
814,Redis
814,SQLite
815,Couchbase
816,MariaDB
816,MongoDB
816,MySQL
816,PostgreSQL
816,Redis
816,SQLite
817,PostgreSQL
817,Redis
817,SQLite
818,Firebase Realtime Database
818,PostgreSQL
819,MongoDB
819,SQLite
820,PostgreSQL
823,PostgreSQL
823,SQLite
825,MongoDB
825,PostgreSQL
825,Redis
826,PostgreSQL
826,SQLite
828,PostgreSQL
829,Elasticsearch
829,MariaDB
829,MySQL
829,PostgreSQL
829,Redis
829,SQLite
830,MariaDB
830,PostgreSQL
831,MongoDB
832,PostgreSQL
832,SQLite
834,PostgreSQL
835,MariaDB
835,PostgreSQL
835,SQLite
836,MongoDB
837,Microsoft SQL Server
837,MySQL
837,PostgreSQL
838,Elasticsearch
838,PostgreSQL
839,DynamoDB
839,MySQL
840,PostgreSQL
841,MariaDB
841,MySQL
841,PostgreSQL
842,PostgreSQL
842,SQLite
843,SQLite
844,PostgreSQL
845,Elasticsearch
845,Microsoft SQL Server
845,PostgreSQL
845,Redis
846,Microsoft SQL Server
847,Firebase Realtime Database
849,Elasticsearch
849,Neo4J
851,Microsoft SQL Server
852,Couchbase
852,Neo4J
852,Redis
852,SQLite
853,Redis
853,SQLite
854,PostgreSQL
855,DynamoDB
855,PostgreSQL
857,Elasticsearch
857,PostgreSQL
858,PostgreSQL
858,Redis
858,SQLite
859,PostgreSQL
859,SQLite
860,DynamoDB
860,Elasticsearch
860,MySQL
860,Neo4J
860,PostgreSQL
862,Cassandra
862,Couch DB
862,Elasticsearch
864,PostgreSQL
864,Redis
867,MongoDB
867,PostgreSQL
867,SQLite
868,Couchbase
868,Elasticsearch
868,PostgreSQL
870,MongoDB
870,PostgreSQL
870,SQLite
871,Elasticsearch
871,PostgreSQL
873,Couchbase
874,Microsoft SQL Server
874,PostgreSQL
875,Microsoft SQL Server
875,MySQL
875,PostgreSQL
875,Redis
876,Cassandra
876,PostgreSQL
876,Redis
876,SQLite
877,Redis
877,SQLite
878,PostgreSQL
878,Redis
879,Elasticsearch
879,PostgreSQL
879,Redis
879,SQLite
881,PostgreSQL
882,Redis
883,MariaDB
883,MySQL
884,PostgreSQL
887,PostgreSQL
888,PostgreSQL
889,MySQL
890,MariaDB
890,MongoDB
890,Redis
891,PostgreSQL
891,SQLite
892,MongoDB
892,SQLite
894,MongoDB
895,Elasticsearch
895,MySQL
895,Redis
896,PostgreSQL
897,Neo4J
897,PostgreSQL
897,Redis
899,Microsoft SQL Server
900,SQLite
902,Cassandra
902,PostgreSQL
902,SQLite
903,SQLite
904,MariaDB
904,MySQL
904,PostgreSQL
904,Redis
904,SQLite
905,Elasticsearch
905,MariaDB
905,PostgreSQL
905,Redis
907,MongoDB
908,SQLite
913,MongoDB
915,Couchbase
916,DynamoDB
916,PostgreSQL
917,Cassandra
918,MongoDB
921,PostgreSQL
921,SQLite
923,PostgreSQL
923,Redis
924,MongoDB
927,PostgreSQL
928,PostgreSQL
928,Redis
928,SQLite
929,SQLite
930,PostgreSQL
930,SQLite
931,MariaDB
931,PostgreSQL
931,SQLite
932,PostgreSQL
932,Redis
933,MongoDB
933,MySQL
933,SQLite
936,Microsoft SQL Server
936,Redis
936,SQLite
937,Firebase Realtime Database
937,MongoDB
938,MongoDB
938,PostgreSQL
938,Redis
939,Firebase Realtime Database
941,Elasticsearch
941,MongoDB
941,Neo4J
941,PostgreSQL
941,Redis
941,SQLite
943,PostgreSQL
943,Redis
944,PostgreSQL
944,SQLite
945,Elasticsearch
945,Microsoft SQL Server
945,PostgreSQL
945,SQLite
946,MySQL
947,Couchbase
948,Cassandra
948,Elasticsearch
948,Microsoft SQL Server
948,Oracle
949,DynamoDB
949,PostgreSQL
949,Redis
949,SQLite
950,DynamoDB
950,Elasticsearch
950,PostgreSQL
950,Redis
953,Elasticsearch
953,Microsoft SQL Server
953,PostgreSQL
954,Redis
956,MariaDB
956,Redis
956,SQLite
959,Couchbase
961,DynamoDB
962,DynamoDB
962,SQLite
963,PostgreSQL
964,Cassandra
964,Cloud Firestore
964,Elasticsearch
964,MongoDB
964,PostgreSQL
965,Microsoft SQL Server
965,PostgreSQL
965,SQLite
966,DynamoDB
966,Microsoft SQL Server
967,PostgreSQL
967,Redis
968,PostgreSQL
968,Redis
968,SQLite
969,PostgreSQL
970,Microsoft SQL Server
971,PostgreSQL
971,Redis
974,Neo4J
975,MongoDB
975,MySQL
976,PostgreSQL
977,Elasticsearch
977,PostgreSQL
977,Redis
977,SQLite
979,DynamoDB
979,PostgreSQL
980,Elasticsearch
980,PostgreSQL
980,SQLite
981,PostgreSQL
981,SQLite
984,Microsoft SQL Server
984,PostgreSQL
984,SQLite
986,Firebase Realtime Database
986,Redis
987,MongoDB
987,PostgreSQL
987,Redis
988,PostgreSQL
988,Redis
989,PostgreSQL
989,SQLite
990,Microsoft SQL Server
992,DynamoDB
992,PostgreSQL
992,Redis
994,PostgreSQL
994,Redis
995,MySQL
995,Redis
996,MongoDB
996,PostgreSQL
997,Microsoft SQL Server
1000,Microsoft SQL Server
1000,Redis
1002,MariaDB
1002,Microsoft SQL Server
1002,MySQL
1002,PostgreSQL
1002,SQLite
1003,PostgreSQL
1005,DynamoDB
1005,PostgreSQL
1005,SQLite
1007,Cloud Firestore
1007,Firebase Realtime Database
1007,MySQL
1007,PostgreSQL
1007,SQLite
1008,Cloud Firestore
1008,PostgreSQL
1008,Redis
1008,SQLite
1009,Cassandra
1009,Redis
1012,Elasticsearch
1012,PostgreSQL
1012,Redis
1014,MariaDB
1014,Redis
1014,SQLite
1015,Microsoft SQL Server
1015,MySQL
1016,SQLite
1017,Microsoft SQL Server
1019,MongoDB
1019,MySQL
1019,PostgreSQL
1019,Redis
1019,SQLite
1020,PostgreSQL
1020,Redis
1021,Microsoft SQL Server
1023,PostgreSQL
1024,PostgreSQL
1024,Redis
1024,SQLite
1025,Cloud Firestore
1025,PostgreSQL
1025,Redis
1025,SQLite
1026,Firebase Realtime Database
1026,MongoDB
1026,MySQL
1026,PostgreSQL
1026,Redis
1026,SQLite
1027,PostgreSQL
1027,SQLite
1029,Cassandra
1029,MariaDB
1029,Redis
1029,SQLite
1031,Cloud Firestore
1033,SQLite
1034,Firebase Realtime Database
1034,PostgreSQL
1035,Cassandra
1035,Elasticsearch
1035,PostgreSQL
1035,Redis
1035,SQLite
1036,DynamoDB
1036,Firebase Realtime Database
1036,Oracle
1037,Elasticsearch
1037,MySQL
1037,PostgreSQL
1037,Redis
1038,MariaDB
1038,Microsoft SQL Server
1038,MongoDB
1038,MySQL
1038,PostgreSQL
1038,Redis
1038,SQLite
1039,SQLite
1043,MariaDB
1043,MySQL
1043,PostgreSQL
1043,Redis
1043,SQLite
1044,MySQL
1044,Neo4J
1044,PostgreSQL
1044,Redis
1045,MySQL
1045,SQLite
1046,SQLite
1048,Elasticsearch
1048,MongoDB
1048,MySQL
1048,PostgreSQL
1050,PostgreSQL
1050,Redis
1050,SQLite
1051,Redis
1052,DynamoDB
1052,PostgreSQL
1053,SQLite
1054,PostgreSQL
1054,Redis
1054,SQLite
1055,MariaDB
1055,Microsoft SQL Server
1055,PostgreSQL
1057,Couchbase
1057,Elasticsearch
1057,MariaDB
1057,MySQL
1057,PostgreSQL
1057,SQLite
1058,PostgreSQL
1059,MongoDB
1059,PostgreSQL
1060,Elasticsearch
1060,MySQL
1060,PostgreSQL
1060,Redis
1061,DynamoDB
1061,Elasticsearch
1062,DynamoDB
1062,MongoDB
1062,MySQL
1062,PostgreSQL
1064,PostgreSQL
1067,PostgreSQL
1069,SQLite
1072,MongoDB
1072,MySQL
1073,Cloud Firestore
1073,MySQL
1073,PostgreSQL
1074,Cassandra
1074,Elasticsearch
1074,MongoDB
1074,MySQL
1074,PostgreSQL
1074,Redis
1077,Microsoft SQL Server
1077,SQLite
1078,Microsoft SQL Server
1078,Oracle
1078,PostgreSQL
1079,PostgreSQL
1080,MySQL
1081,Microsoft SQL Server
1081,SQLite
1082,Microsoft SQL Server
1086,PostgreSQL
1088,MySQL
1088,SQLite
1090,Microsoft SQL Server
1090,Redis
1092,Firebase Realtime Database
1092,MongoDB
1092,PostgreSQL
1092,Redis
1092,SQLite
1093,MongoDB
1093,MySQL
1095,MongoDB
1098,MySQL
1098,PostgreSQL
1098,SQLite
1099,Microsoft SQL Server
1100,Cloud Firestore
1100,Firebase Realtime Database
1100,Microsoft SQL Server
1100,MongoDB
1100,MySQL
1100,PostgreSQL
1100,SQLite
1101,PostgreSQL
1101,Redis
1102,PostgreSQL
1103,PostgreSQL
1103,Redis
1104,MariaDB
1104,Microsoft SQL Server
1108,Elasticsearch
1108,Firebase Realtime Database
1108,Microsoft SQL Server
1108,Redis
1109,PostgreSQL
1110,PostgreSQL
1110,SQLite
1113,PostgreSQL
1113,Redis
1115,Cassandra
1115,Cloud Firestore
1115,Elasticsearch
1115,PostgreSQL
1115,Redis
1119,SQLite
1120,PostgreSQL
1120,SQLite
1122,PostgreSQL
1122,Redis
1124,DynamoDB
1124,MongoDB
1124,Redis
1126,PostgreSQL
1126,Redis
1126,SQLite
1127,Microsoft SQL Server
1127,MySQL
1127,Neo4J
1128,Cassandra
1128,Elasticsearch
1128,PostgreSQL
1128,Redis
1128,SQLite
1129,PostgreSQL
1129,Redis
1130,MariaDB
1130,Microsoft SQL Server
1130,MySQL
1130,PostgreSQL
1131,MongoDB
1131,Oracle
1131,PostgreSQL
1131,SQLite
1135,Cassandra
1135,Elasticsearch
1135,Neo4J
1135,SQLite
1138,Elasticsearch
1138,PostgreSQL
1138,Redis
1138,SQLite
1139,Oracle
1140,Oracle
1140,PostgreSQL
1143,MongoDB
1144,Microsoft SQL Server
1144,MongoDB
1145,PostgreSQL
1145,Redis
1145,SQLite
1146,PostgreSQL
1146,SQLite
1149,MongoDB
1149,PostgreSQL
1150,PostgreSQL
1154,Elasticsearch
1154,PostgreSQL
1155,Microsoft SQL Server
1156,PostgreSQL
1157,Couchbase
1158,PostgreSQL
1159,PostgreSQL
1159,Redis
1160,PostgreSQL
1160,Redis
1160,SQLite
1162,DynamoDB
1162,MongoDB
1162,PostgreSQL
1162,Redis
1163,Couchbase
1163,DynamoDB
1163,MongoDB
1163,MySQL
1163,PostgreSQL
1164,Elasticsearch
1164,Microsoft SQL Server
1164,Redis
1165,Elasticsearch
1165,PostgreSQL
1165,Redis
1167,PostgreSQL
1168,PostgreSQL
1169,SQLite
1170,Microsoft SQL Server
1170,PostgreSQL
1172,PostgreSQL
1173,Cloud Firestore
1173,Firebase Realtime Database
1173,MariaDB
1173,PostgreSQL
1174,PostgreSQL
1176,Elasticsearch
1176,Neo4J
1176,PostgreSQL
1177,PostgreSQL
1177,Redis
1178,DynamoDB
1179,PostgreSQL
1179,Redis
1179,SQLite
1181,PostgreSQL
1184,Couch DB
1184,Elasticsearch
1184,MariaDB
1184,MongoDB
1184,MySQL
1184,PostgreSQL
1184,Redis
1185,SQLite
1187,SQLite
1189,Couchbase
1191,DynamoDB
1193,PostgreSQL
1193,Redis
1194,MongoDB
1194,PostgreSQL
1194,Redis
1194,SQLite
1196,MongoDB
1196,PostgreSQL
1196,Redis
1197,Cassandra
1197,DynamoDB
1197,Elasticsearch
1199,MongoDB
1199,PostgreSQL
1202,MongoDB
1202,PostgreSQL
1202,Redis
1207,Microsoft SQL Server
1207,Oracle
1207,SQLite
1210,PostgreSQL
1211,PostgreSQL
1211,Redis
1211,SQLite
1212,Oracle
1214,PostgreSQL
1214,Redis
1215,MongoDB
1215,PostgreSQL
1216,SQLite
1217,PostgreSQL
1218,Elasticsearch
1218,Neo4J
1218,PostgreSQL
1218,Redis
1219,MongoDB
1219,PostgreSQL
1219,SQLite
1220,Cassandra
1220,Cloud Firestore
1220,Couchbase
1220,Elasticsearch
1220,MySQL
1220,Redis
1221,DynamoDB
1222,PostgreSQL
1224,DynamoDB
1224,PostgreSQL
1225,MySQL
1226,MongoDB
1226,PostgreSQL
1226,Redis
1228,PostgreSQL
1228,SQLite
1229,Microsoft SQL Server
1229,SQLite
1232,MySQL
1232,Redis
1233,Microsoft SQL Server
1233,SQLite
1236,MariaDB
1236,Redis
1238,PostgreSQL
1238,SQLite
1239,PostgreSQL
1239,SQLite
1241,MariaDB
1241,Microsoft SQL Server
1243,Firebase Realtime Database
1243,MySQL
1243,SQLite
1244,PostgreSQL
1245,MongoDB
1245,MySQL
1245,Neo4J
1245,Redis
1246,Neo4J
1246,PostgreSQL
1246,Redis
1247,Elasticsearch
1250,Cassandra
1250,Elasticsearch
1250,Redis
1250,SQLite
1252,Redis
1253,Microsoft SQL Server
1253,MySQL
1254,SQLite
1255,Couchbase
1255,Elasticsearch
1257,Microsoft SQL Server
1257,PostgreSQL
1258,PostgreSQL
1258,SQLite
1260,PostgreSQL
1263,Microsoft SQL Server
1263,MySQL
1263,SQLite
1264,PostgreSQL
1265,Oracle
1266,MongoDB
1266,PostgreSQL
1266,SQLite
1267,PostgreSQL
1268,MongoDB
1268,PostgreSQL
1268,SQLite
1269,PostgreSQL
1269,SQLite
1270,Microsoft SQL Server
1270,SQLite
1271,PostgreSQL
1274,MariaDB
1274,MySQL
1274,Redis
1274,SQLite
1275,MongoDB
1275,MySQL
1275,SQLite
1277,DynamoDB
1277,MongoDB
1278,Elasticsearch
1278,MongoDB
1278,MySQL
1278,PostgreSQL
1278,Redis
1281,Elasticsearch
1281,MariaDB
1281,MongoDB
1281,Redis
1282,MariaDB
1282,PostgreSQL
1282,SQLite
1287,Microsoft SQL Server
1287,MongoDB
1290,MongoDB
1290,MySQL
1290,SQLite
1292,Cassandra
1292,DynamoDB
1292,PostgreSQL
1292,Redis
1293,PostgreSQL
1293,Redis
1293,SQLite
1294,Redis
1298,Redis
1301,SQLite
1305,PostgreSQL
1305,Redis
1306,MariaDB
1306,PostgreSQL
1306,Redis
1306,SQLite
1307,Elasticsearch
1307,MySQL
1310,DynamoDB
1310,Elasticsearch
1311,Firebase Realtime Database
1312,Microsoft SQL Server
1312,Oracle
1312,SQLite
1320,PostgreSQL
1321,PostgreSQL
1321,SQLite
1322,Redis
1323,PostgreSQL
1324,Cloud Firestore
1324,Redis
1325,SQLite
1327,MariaDB
1327,Redis
1328,IBM DB2
1328,MongoDB
1330,Elasticsearch
1330,MongoDB
1330,PostgreSQL
1330,Redis
1332,Elasticsearch
1332,PostgreSQL
1334,Elasticsearch
1334,Microsoft SQL Server
1334,MongoDB
1334,Redis
1334,SQLite
1335,Elasticsearch
1338,DynamoDB
1338,Elasticsearch
1338,MySQL
1338,Redis
1339,Cassandra
1339,MongoDB
1339,PostgreSQL
1339,Redis
1339,SQLite
1340,DynamoDB
1340,PostgreSQL
1341,PostgreSQL
1341,Redis
1342,SQLite
1344,Cloud Firestore
1344,MongoDB
1344,PostgreSQL
1344,Redis
1344,SQLite
1346,PostgreSQL
1347,PostgreSQL
1349,Elasticsearch
1349,PostgreSQL
1349,Redis
1349,SQLite
1351,SQLite
1354,PostgreSQL
1355,MySQL
1355,PostgreSQL
1355,Redis
1356,Firebase Realtime Database
1358,Couch DB
1358,Couchbase
1358,Neo4J
1359,MongoDB
1360,PostgreSQL
1360,Redis
1361,MongoDB
1361,PostgreSQL
1362,Cassandra
1362,PostgreSQL
1362,SQLite
1363,PostgreSQL
1364,Neo4J
1364,PostgreSQL
1364,Redis
1365,PostgreSQL
1367,DynamoDB
1367,PostgreSQL
1367,Redis
1368,PostgreSQL
1368,Redis
1370,Microsoft SQL Server
1372,PostgreSQL
1373,PostgreSQL
1374,MariaDB
1374,PostgreSQL
1374,Redis
1374,SQLite
1377,Cloud Firestore
1377,Firebase Realtime Database
1377,IBM DB2
1377,Microsoft SQL Server
1377,MongoDB
1377,MySQL
1377,Oracle
1377,PostgreSQL
1377,SQLite
1378,PostgreSQL
1379,MariaDB
1379,Redis
1379,SQLite
1380,SQLite
1381,MongoDB
1381,PostgreSQL
1381,Redis
1383,MongoDB
1383,PostgreSQL
1384,MongoDB
1385,PostgreSQL
1386,MongoDB
1387,MongoDB
1387,MySQL
1387,SQLite
1388,PostgreSQL
1389,Cloud Firestore
1389,MongoDB
1389,PostgreSQL
1389,Redis
1390,PostgreSQL
1390,Redis
1392,MariaDB
1392,MySQL
1393,PostgreSQL
1394,MongoDB
1396,MariaDB
1396,PostgreSQL
1399,PostgreSQL
1401,Couch DB
1401,MySQL
1401,Neo4J
1402,Microsoft SQL Server
1402,MySQL
1402,Oracle
1405,MySQL
1405,PostgreSQL
1406,Elasticsearch
1406,MariaDB
1406,MongoDB
1406,MySQL
1406,Redis
1407,Cassandra
1407,Cloud Firestore
1407,Couchbase
1407,DynamoDB
1407,MariaDB
1407,Neo4J
1407,PostgreSQL
1410,SQLite
1411,PostgreSQL
1411,Redis
1412,SQLite
1413,SQLite
1414,Cassandra
1414,MariaDB
1414,MySQL
1414,SQLite
1415,MongoDB
1415,MySQL
1415,PostgreSQL
1416,PostgreSQL
1416,SQLite
1418,MongoDB
1418,MySQL
1418,PostgreSQL
1418,SQLite
1419,MariaDB
1421,SQLite
1427,MongoDB
1428,SQLite
1429,MongoDB
1430,PostgreSQL
1431,SQLite
1433,PostgreSQL
1436,PostgreSQL
1436,Redis
1438,Microsoft SQL Server
1439,Cloud Firestore
1439,DynamoDB
1439,Elasticsearch
1439,Firebase Realtime Database
1439,MongoDB
1439,Neo4J
1439,Redis
1440,SQLite
1442,MongoDB
1442,MySQL
1443,Cassandra
1443,PostgreSQL
1443,Redis
1444,MySQL
1445,PostgreSQL
1447,Redis
1449,DynamoDB
1451,Microsoft SQL Server
1452,Redis
1453,MySQL
1453,SQLite
1454,Elasticsearch
1454,PostgreSQL
1455,PostgreSQL
1457,PostgreSQL
1459,Cloud Firestore
1459,Firebase Realtime Database
1459,SQLite
1464,Microsoft SQL Server
1465,MongoDB
1465,Redis
1467,PostgreSQL
1467,Redis
1469,PostgreSQL
1469,SQLite
1471,MySQL
1471,Redis
1472,Cloud Firestore
1472,MariaDB
1473,Cassandra
1473,MariaDB
1473,MongoDB
1473,PostgreSQL
1473,Redis
1474,Microsoft SQL Server
1476,Redis
1477,PostgreSQL
1477,Redis
1477,SQLite
1478,PostgreSQL
1479,DynamoDB
1479,MongoDB
1479,PostgreSQL
1479,SQLite
1480,PostgreSQL
1480,Redis
1483,MariaDB
1483,SQLite
1484,MongoDB
1485,Elasticsearch
1486,Cloud Firestore
1486,DynamoDB
1486,Elasticsearch
1486,Redis
