ResponseId,OfficeStackAsyncWantToWorkWith
3,Jira
3,Jira Work Management
3,Trello
8,Confluence
8,Jira
8,Jira Work Management
11,Notion
11,Trello
12,Jira
12,Jira Work Management
12,Trello
13,Notion
14,Asana
14,Jira
14,Jira Work Management
14,Trello
15,Trello
16,Jira
16,Jira Work Management
20,Notion
21,Confluence
27,Asana
28,Jira
28,Jira Work Management
34,Trello
35,Monday.com
36,Confluence
37,Jira
37,Jira Work Management
39,Jira
39,Jira Work Management
39,Trello
41,Confluence
41,Jira
41,Jira Work Management
51,Confluence
51,Jira
51,Jira Work Management
55,Stack Overflow for Teams
55,Trello
56,Confluence
56,Jira
56,Jira Work Management
57,Jira
57,Jira Work Management
58,Notion
58,Trello
60,Confluence
60,Jira
60,Jira Work Management
62,Confluence
62,Jira
62,Jira Work Management
63,Airtable
64,Notion
65,Jira
65,Jira Work Management
67,Trello
72,Jira
72,Jira Work Management
73,Jira
73,Jira Work Management
73,Stack Overflow for Teams
74,Stack Overflow for Teams
75,Confluence
75,Jira
75,Jira Work Management
80,Confluence
80,Jira
80,Jira Work Management
80,Trello
83,Notion
87,Confluence
88,Jira
88,Jira Work Management
90,ClickUp
93,Asana
93,Notion
103,Confluence
103,Jira
103,Jira Work Management
104,Confluence
104,Jira
104,Jira Work Management
104,Monday.com
104,Stack Overflow for Teams
107,Smartsheet
110,Notion
110,Trello
111,Confluence
111,Jira
111,Jira Work Management
112,Jira
112,Jira Work Management
113,Airtable
113,Asana
113,ClickUp
113,Jira
113,Jira Work Management
113,Monday.com
113,Smartsheet
113,Trello
114,Notion
114,Trello
115,Jira
115,Jira Work Management
120,Confluence
120,Jira
120,Jira Work Management
121,Jira
121,Jira Work Management
121,Trello
122,Confluence
123,Microsoft Lists
124,Jira
124,Jira Work Management
125,Jira
125,Jira Work Management
126,Confluence
127,ClickUp
127,Notion
128,Confluence
132,Jira
132,Jira Work Management
133,Confluence
139,Confluence
139,Microsoft Lists
139,Stack Overflow for Teams
140,Jira
140,Jira Work Management
140,Stack Overflow for Teams
141,Confluence
141,Jira
141,Jira Work Management
148,Asana
151,Microsoft Lists
152,ClickUp
152,Notion
153,Stack Overflow for Teams
154,Confluence
158,Jira
158,Jira Work Management
158,Trello
159,Confluence
159,Trello
160,Jira
160,Jira Work Management
161,Confluence
164,Notion
164,Stack Overflow for Teams
165,Jira
165,Jira Work Management
166,Notion
171,Jira
171,Jira Work Management
173,Notion
174,Notion
174,Trello
178,Confluence
178,Microsoft Planner
184,Airtable
184,Monday.com
184,Notion
187,Trello
188,Jira
188,Jira Work Management
194,Airtable
194,Confluence
194,Jira
194,Jira Work Management
194,Trello
196,Jira
196,Jira Work Management
199,Trello
200,Stack Overflow for Teams
201,Confluence
201,Jira
201,Jira Work Management
202,Trello
206,Confluence
206,Jira
206,Jira Work Management
208,Confluence
209,Airtable
209,Confluence
210,Notion
210,Stack Overflow for Teams
212,Confluence
212,Jira
212,Jira Work Management
212,Trello
214,Trello
217,Confluence
217,Jira
217,Jira Work Management
220,Confluence
221,Confluence
221,Jira
221,Jira Work Management
223,Confluence
223,Notion
226,Confluence
232,Notion
233,Jira
233,Jira Work Management
233,Stack Overflow for Teams
234,Confluence
234,Jira
234,Jira Work Management
235,Airtable
235,Confluence
235,Jira
235,Jira Work Management
240,Trello
242,Adobe Workfront
243,Jira
243,Jira Work Management
243,Trello
244,Microsoft Planner
246,Jira
246,Jira Work Management
247,Stack Overflow for Teams
252,Confluence
253,Confluence
253,Jira
253,Jira Work Management
256,Confluence
256,Jira
256,Jira Work Management
257,Confluence
257,Jira
257,Jira Work Management
257,Stack Overflow for Teams
257,Trello
259,Notion
263,Confluence
264,Stack Overflow for Teams
264,Trello
267,Trello
271,Jira
271,Jira Work Management
273,Confluence
273,Jira
273,Jira Work Management
275,Monday.com
276,Confluence
276,Jira
276,Jira Work Management
279,Notion
280,Stack Overflow for Teams
280,Trello
283,Confluence
283,Jira
283,Jira Work Management
284,Microsoft Planner
285,Confluence
285,Microsoft Lists
285,Microsoft Planner
287,Confluence
287,Jira
287,Jira Work Management
288,Airtable
289,Confluence
289,Jira
289,Jira Work Management
292,Confluence
296,Notion
297,Notion
298,Notion
299,Jira
299,Jira Work Management
300,Trello
301,Jira
301,Jira Work Management
303,Notion
303,Trello
305,Notion
305,Stack Overflow for Teams
308,Confluence
309,Confluence
309,Jira
309,Jira Work Management
315,Confluence
315,Jira
315,Jira Work Management
315,Trello
317,Jira
317,Jira Work Management
318,Jira
318,Jira Work Management
320,ClickUp
320,Notion
321,Notion
323,Confluence
323,Jira
323,Jira Work Management
328,Jira
328,Jira Work Management
329,Trello
330,Jira
330,Jira Work Management
331,Jira
331,Jira Work Management
331,Stack Overflow for Teams
338,Jira
338,Jira Work Management
339,Jira
339,Jira Work Management
345,Airtable
345,Stack Overflow for Teams
346,Jira
346,Jira Work Management
352,Notion
357,Confluence
359,Planview Projectplace Or Clarizen
362,Confluence
362,Jira
362,Jira Work Management
366,Jira
366,Jira Work Management
368,Confluence
373,Jira
373,Jira Work Management
382,Notion
385,Trello
387,Jira
387,Jira Work Management
388,Asana
388,Jira
388,Jira Work Management
388,Notion
395,Confluence
395,Jira
395,Jira Work Management
396,Notion
399,Confluence
400,Confluence
401,Confluence
401,Jira
401,Jira Work Management
402,Airtable
402,Confluence
402,Jira
402,Jira Work Management
402,Monday.com
402,Stack Overflow for Teams
404,Jira
404,Jira Work Management
406,Notion
408,Trello
410,Notion
416,Asana
416,Confluence
416,Jira
416,Jira Work Management
417,Jira
417,Jira Work Management
418,Confluence
418,Jira
418,Jira Work Management
419,Jira
419,Jira Work Management
426,Trello
427,Airtable
428,Jira
428,Jira Work Management
428,Notion
428,Trello
431,Confluence
432,Jira
432,Jira Work Management
432,Trello
433,Confluence
435,Confluence
435,Jira
435,Jira Work Management
438,Trello
440,Stack Overflow for Teams
443,Trello
445,Confluence
445,Jira
445,Jira Work Management
446,Jira
446,Jira Work Management
447,Notion
448,Confluence
448,Jira
448,Jira Work Management
448,Notion
453,Asana
453,Confluence
454,Asana
454,Jira
454,Jira Work Management
454,Notion
454,Trello
455,Trello
461,Notion
464,Confluence
467,Jira
467,Jira Work Management
469,Notion
470,Confluence
471,Trello
475,Confluence
475,Jira
475,Jira Work Management
476,Confluence
476,Jira
476,Jira Work Management
476,Trello
481,Confluence
481,Jira
481,Jira Work Management
482,Airtable
482,Trello
484,Confluence
486,Confluence
486,Jira
486,Jira Work Management
487,Notion
487,Trello
488,Notion
489,Confluence
489,Jira
489,Jira Work Management
490,Jira
490,Jira Work Management
492,Confluence
492,Jira
492,Jira Work Management
492,Stack Overflow for Teams
493,Confluence
493,Notion
494,Confluence
494,Jira
494,Jira Work Management
495,Adobe Workfront
495,Airtable
496,Confluence
497,Confluence
497,Jira
497,Jira Work Management
501,Confluence
501,Jira
501,Jira Work Management
503,Trello
505,Confluence
505,Jira
505,Jira Work Management
505,Notion
505,Trello
507,Jira
507,Jira Work Management
508,Jira
508,Jira Work Management
508,Monday.com
508,Trello
511,Airtable
513,Jira
513,Jira Work Management
514,Jira
514,Jira Work Management
515,Microsoft Lists
515,Stack Overflow for Teams
519,ClickUp
522,Confluence
523,Notion
524,Notion
528,Confluence
529,ClickUp
538,Confluence
538,Stack Overflow for Teams
545,Trello
546,Notion
552,Jira
552,Jira Work Management
553,Stack Overflow for Teams
554,Notion
562,Confluence
562,Jira
562,Jira Work Management
564,Airtable
564,Confluence
565,Notion
565,Stack Overflow for Teams
571,Smartsheet
571,Trello
573,Notion
573,Trello
576,Jira
576,Jira Work Management
576,Trello
578,Notion
580,Airtable
580,Jira
580,Jira Work Management
583,Jira
583,Jira Work Management
584,Stack Overflow for Teams
584,Trello
585,Confluence
587,Trello
589,Wrike
590,Jira
590,Jira Work Management
590,Trello
591,Notion
595,Confluence
595,Jira
595,Jira Work Management
596,Confluence
596,Stack Overflow for Teams
602,Jira
602,Jira Work Management
604,Notion
608,Confluence
608,Jira
608,Jira Work Management
609,Asana
610,Trello
614,Confluence
616,Confluence
616,Jira
616,Jira Work Management
617,Trello
620,Trello
625,ClickUp
630,Confluence
630,Jira
630,Jira Work Management
631,Airtable
631,Confluence
631,Jira
631,Jira Work Management
632,Jira
632,Jira Work Management
632,Notion
635,Confluence
635,Trello
636,Asana
636,Confluence
638,Confluence
638,Jira
638,Jira Work Management
642,Confluence
642,Jira
642,Jira Work Management
645,Notion
649,Notion
650,Notion
650,Stack Overflow for Teams
650,Trello
652,Confluence
657,Notion
657,Trello
665,Confluence
665,Jira
665,Jira Work Management
667,Stack Overflow for Teams
672,Notion
676,ClickUp
677,Trello
678,Jira
678,Jira Work Management
679,Jira
679,Jira Work Management
682,Jira
682,Jira Work Management
683,Confluence
684,Stack Overflow for Teams
685,Notion
689,Trello
691,Jira
691,Jira Work Management
693,Airtable
693,Asana
695,Confluence
695,Jira
695,Jira Work Management
701,Confluence
703,Trello
706,Airtable
706,Confluence
706,Notion
708,Confluence
708,Jira
708,Jira Work Management
709,Confluence
709,Jira
709,Jira Work Management
712,Notion
717,Airtable
717,Jira
717,Jira Work Management
721,Airtable
721,Confluence
721,Jira
721,Jira Work Management
721,Trello
724,Notion
726,Confluence
727,Jira
727,Jira Work Management
728,Asana
730,Confluence
734,Confluence
736,Notion
746,Notion
749,Confluence
749,Jira
749,Jira Work Management
750,Trello
752,Confluence
752,Notion
758,Stack Overflow for Teams
764,Confluence
765,Notion
766,Trello
768,Confluence
772,Confluence
772,Jira
772,Jira Work Management
772,Notion
773,Trello
775,ClickUp
775,Jira
775,Jira Work Management
776,Notion
777,Trello
779,Monday.com
779,Notion
788,Airtable
788,Confluence
790,Jira
790,Jira Work Management
792,Confluence
792,Jira
792,Jira Work Management
792,Planview Projectplace Or Clarizen
795,Confluence
800,Confluence
800,Jira
800,Jira Work Management
803,ClickUp
803,Trello
807,Notion
808,Confluence
809,Jira
809,Jira Work Management
809,Notion
810,Trello
812,Trello
814,Airtable
814,Notion
818,Trello
820,Notion
820,Trello
825,Notion
826,Notion
828,Notion
834,Confluence
835,Confluence
835,Monday.com
836,Trello
838,Notion
838,Trello
839,Confluence
839,Jira
839,Jira Work Management
840,Trello
841,Notion
844,ClickUp
844,Confluence
846,Confluence
846,Jira
846,Jira Work Management
849,Jira
849,Jira Work Management
851,Jira
851,Jira Work Management
852,Confluence
852,Jira
852,Jira Work Management
853,Confluence
855,Confluence
862,Trello
863,Trello
865,Confluence
865,Jira
865,Jira Work Management
868,Jira
868,Jira Work Management
869,Confluence
869,Jira
869,Jira Work Management
873,Confluence
875,Confluence
875,Jira
875,Jira Work Management
878,Jira
878,Jira Work Management
878,Trello
882,Confluence
883,ClickUp
890,Monday.com
895,Stack Overflow for Teams
898,Jira
898,Jira Work Management
902,Notion
905,Asana
905,Monday.com
905,Stack Overflow for Teams
909,Trello
913,Jira
913,Jira Work Management
915,Airtable
915,Confluence
915,Jira
915,Jira Work Management
915,Trello
917,Jira
917,Jira Work Management
919,Airtable
928,Notion
938,Confluence
938,Jira
938,Jira Work Management
941,Notion
941,Stack Overflow for Teams
942,Confluence
942,Microsoft Planner
945,Confluence
946,Trello
947,Asana
948,ClickUp
949,Confluence
953,Confluence
956,Confluence
956,Notion
959,Confluence
959,Jira
959,Jira Work Management
961,Monday.com
962,Notion
967,Jira
967,Jira Work Management
967,Trello
977,Confluence
977,Jira
977,Jira Work Management
977,Notion
980,Jira
980,Jira Work Management
988,Notion
994,Confluence
994,Jira
994,Jira Work Management
995,Jira
995,Jira Work Management
995,Stack Overflow for Teams
996,Notion
997,Asana
997,Jira
997,Jira Work Management
997,Notion
997,Stack Overflow for Teams
997,Trello
1000,Jira
1000,Jira Work Management
1002,Trello
1003,Confluence
1004,Trello
1007,Trello
1008,Airtable
1013,Trello
1014,Notion
1017,Jira
1017,Jira Work Management
1020,Confluence
1020,Jira
1020,Jira Work Management
1021,Asana
1021,Jira
1021,Jira Work Management
1024,Notion
1026,Trello
1028,Notion
1029,Trello
1034,Jira
1034,Jira Work Management
1036,Confluence
1036,Jira
1036,Jira Work Management
1037,ClickUp
1037,Confluence
1039,Jira
1039,Jira Work Management
1039,Notion
1042,Jira
1042,Jira Work Management
1044,Confluence
1044,Jira
1044,Jira Work Management
1048,Trello
1052,Confluence
1052,Jira
1052,Jira Work Management
1056,Jira
1056,Jira Work Management
1057,Jira
1057,Jira Work Management
1060,Jira
1060,Jira Work Management
1062,Monday.com
1067,Jira
1067,Jira Work Management
1069,Jira
1069,Jira Work Management
1073,Notion
1075,Confluence
1078,Confluence
1078,Jira
1078,Jira Work Management
1079,Asana
1079,Trello
1081,Microsoft Planner
1086,Notion
1088,Confluence
1088,Jira
1088,Jira Work Management
1089,Confluence
1089,Jira
1089,Jira Work Management
1098,Confluence
1098,Jira
1098,Jira Work Management
1098,Trello
1099,Trello
1100,ClickUp
1102,Notion
1105,Confluence
1105,Jira
1105,Jira Work Management
1106,Notion
1108,Notion
1111,Jira
1111,Jira Work Management
1113,Jira
1113,Jira Work Management
1115,Notion
1118,Confluence
1119,Notion
1123,Confluence
1123,Jira
1123,Jira Work Management
1124,ClickUp
1126,Airtable
1130,Jira
1130,Jira Work Management
1130,Trello
1135,Notion
1137,Confluence
1138,Jira
1138,Jira Work Management
1144,Confluence
1144,Jira
1144,Jira Work Management
1144,Notion
1145,Notion
1149,Notion
1151,Jira
1151,Jira Work Management
1152,Asana
1154,Confluence
1154,Jira
1154,Jira Work Management
1156,Notion
1157,Confluence
1157,Jira
1157,Jira Work Management
1162,Confluence
1162,Microsoft Planner
1162,Trello
1163,Jira
1163,Jira Work Management
1163,Notion
1163,Trello
1164,Confluence
1164,Jira
1164,Jira Work Management
1165,Confluence
1165,Jira
1165,Jira Work Management
1165,Notion
1165,Trello
1173,Trello
1176,Jira
1176,Jira Work Management
1177,Asana
1178,Confluence
1178,Jira
1178,Jira Work Management
1179,Jira
1179,Jira Work Management
1184,Notion
1185,Confluence
1185,Jira
1185,Jira Work Management
1185,Trello
1190,Jira
1190,Jira Work Management
1193,Jira
1193,Jira Work Management
1197,Confluence
1197,Jira
1197,Jira Work Management
1202,Trello
1203,Jira
1203,Jira Work Management
1207,Microsoft Planner
1208,Trello
1209,ClickUp
1209,Microsoft Lists
1209,Microsoft Planner
1210,Asana
1210,Notion
1211,Confluence
1212,Smartsheet
1214,Trello
1217,Confluence
1217,Jira
1217,Jira Work Management
1219,Trello
1220,Asana
1220,Jira
1220,Jira Work Management
1220,Monday.com
1221,Confluence
1221,Jira
1221,Jira Work Management
1224,Monday.com
1224,Trello
1225,Confluence
1225,Jira
1225,Jira Work Management
1225,Stack Overflow for Teams
1226,Jira
1226,Jira Work Management
1231,Confluence
1231,Jira
1231,Jira Work Management
1231,Stack Overflow for Teams
1238,Notion
1247,Confluence
1248,Notion
1252,Confluence
1253,Stack Overflow for Teams
1254,Notion
1255,Stack Overflow for Teams
1256,Trello
1257,Jira
1257,Jira Work Management
1261,Trello
1263,Smartsheet
1265,Confluence
1265,Jira
1265,Jira Work Management
1266,Notion
1268,Trello
1277,Jira
1277,Jira Work Management
1279,Confluence
1283,Confluence
1284,Confluence
1284,Jira
1284,Jira Work Management
1284,Trello
1286,Notion
1287,Confluence
1302,Jira
1302,Jira Work Management
1305,Notion
1309,Notion
1310,Asana
1310,Confluence
1310,Jira
1310,Jira Work Management
1310,Trello
1312,Confluence
1312,Jira
1312,Jira Work Management
1313,Notion
1318,Confluence
1320,Jira
1320,Jira Work Management
1322,Notion
1322,Trello
1324,Confluence
1324,Jira
1324,Jira Work Management
1324,Trello
1328,Notion
1334,Asana
1334,Confluence
1334,Stack Overflow for Teams
1334,Workzone
1335,Confluence
1335,Jira
1335,Jira Work Management
1337,Jira
1337,Jira Work Management
1338,Confluence
1338,Jira
1338,Jira Work Management
1344,Trello
1346,Confluence
1346,Jira
1346,Jira Work Management
1352,Confluence
1352,Jira
1352,Jira Work Management
1355,Confluence
1355,Jira
1355,Jira Work Management
1356,Confluence
1356,Jira
1356,Jira Work Management
1356,Stack Overflow for Teams
1356,Trello
1361,Notion
1363,Jira
1363,Jira Work Management
1363,Notion
1364,Notion
1364,Trello
1365,Notion
1367,Notion
1368,Asana
1368,Notion
1368,Trello
1371,Trello
1374,Confluence
1374,Jira
1374,Jira Work Management
1377,Asana
1377,Jira
1377,Jira Work Management
1377,Notion
1377,Stack Overflow for Teams
1378,Confluence
1381,Confluence
1381,Jira
1381,Jira Work Management
1381,Trello
1386,Asana
1386,Jira
1386,Jira Work Management
1386,Notion
1386,Trello
1387,Stack Overflow for Teams
1388,Confluence
1388,Trello
1389,Notion
1389,Trello
1389,Wrike
1394,Confluence
1394,Jira
1394,Jira Work Management
1401,Confluence
1401,Stack Overflow for Teams
1405,Trello
1406,Airtable
1406,Notion
1409,ClickUp
1412,Confluence
1413,Jira
1413,Jira Work Management
1418,Trello
1420,Notion
1422,Confluence
1425,Confluence
1425,Microsoft Planner
1427,Jira
1427,Jira Work Management
1427,Notion
1428,Notion
1428,Trello
1433,Asana
1433,Notion
1439,Asana
1442,Notion
1443,Trello
1444,Wrike
1449,Jira
1449,Jira Work Management
1451,Trello
1455,Trello
1457,Trello
1459,Microsoft Planner
1462,Stack Overflow for Teams
1462,Trello
1464,Confluence
1467,Airtable
1467,Asana
1467,Notion
1469,Jira
1469,Jira Work Management
1471,Notion
1472,Jira
1472,Jira Work Management
1475,Notion
1476,Notion
1478,Stack Overflow for Teams
1479,Confluence
1479,Jira
1479,Jira Work Management
1483,Trello
1485,Confluence
1485,Jira
1485,Jira Work Management
1494,Confluence
1494,Jira
1494,Jira Work Management
1494,Monday.com
1500,Jira
1500,Jira Work Management
1500,Notion
1503,ClickUp
1508,Airtable
1511,Trello
1516,Airtable
1520,Confluence
1524,Trello
1525,Notion
1528,Jira
1528,Jira Work Management
1532,Jira
1532,Jira Work Management
1537,Jira
1537,Jira Work Management
1541,Notion
1545,Notion
1546,Confluence
1546,Jira
1546,Jira Work Management
1549,Jira
1549,Jira Work Management
1552,Notion
1553,Airtable
1553,Notion
1555,Confluence
1557,Jira
1557,Jira Work Management
1560,Jira
1560,Jira Work Management
1561,Confluence
1561,Jira
1561,Jira Work Management
1562,Trello
1564,Confluence
1564,Jira
1564,Jira Work Management
1565,Confluence
1565,Jira
1565,Jira Work Management
1566,Microsoft Planner
1567,Notion
1569,Trello
1571,Jira
1571,Jira Work Management
1572,Confluence
1572,Jira
1572,Jira Work Management
1577,Jira
1577,Jira Work Management
1578,Confluence
1578,Jira
1578,Jira Work Management
1578,Stack Overflow for Teams
1579,Confluence
1579,Jira
1579,Jira Work Management
1585,Confluence
1585,Jira
1585,Jira Work Management
1586,Notion
1587,Jira
1587,Jira Work Management
1588,Trello
1589,Asana
1592,Trello
1594,Notion
1597,Confluence
1599,ClickUp
1610,Confluence
1610,Trello
1611,Confluence
1611,Jira
1611,Jira Work Management
1611,Notion
1613,Confluence
1613,Jira
1613,Jira Work Management
1626,Asana
1626,Stack Overflow for Teams
1629,Notion
1629,Trello
1630,Trello
1632,Notion
1637,Confluence
1639,Confluence
1644,Confluence
1644,Jira
1644,Jira Work Management
1646,Confluence
1646,Jira
1646,Jira Work Management
1647,Jira
1647,Jira Work Management
1648,Notion
1650,Asana
1654,Microsoft Planner
1655,Notion
1662,Confluence
1662,Jira
1662,Jira Work Management
1668,Notion
1669,Notion
1670,Trello
1671,Confluence
1671,Jira
1671,Jira Work Management
1672,Monday.com
1672,Notion
1673,Confluence
1679,Trello
1683,Notion
1687,Confluence
1687,Jira
1687,Jira Work Management
1687,Trello
1690,Confluence
1690,Jira
1690,Jira Work Management
1692,Confluence
1692,Trello
1694,Confluence
1694,Stack Overflow for Teams
1694,Trello
1695,Trello
1698,Jira
1698,Jira Work Management
1699,Stack Overflow for Teams
1700,Jira
1700,Jira Work Management
1700,Notion
1700,Trello
1703,Jira
1703,Jira Work Management
1703,Stack Overflow for Teams
1714,Jira
1714,Jira Work Management
1715,Confluence
1716,Confluence
1716,Jira
1716,Jira Work Management
1718,Confluence
1721,Trello
1722,Jira
1722,Jira Work Management
1723,Confluence
1723,Jira
1723,Jira Work Management
1723,Notion
1725,Notion
1726,Trello
1728,Trello
1731,ClickUp
1734,Airtable
1734,Confluence
1735,Jira
1735,Jira Work Management
1736,Jira
1736,Jira Work Management
1740,Asana
1740,Trello
1745,Confluence
1746,Trello
1748,Trello
1752,Notion
1755,Jira
1755,Jira Work Management
1759,Trello
1765,Trello
1767,Jira
1767,Jira Work Management
1767,Monday.com
1767,Notion
1771,Confluence
1771,Jira
1771,Jira Work Management
1777,Confluence
1779,Adobe Workfront
1779,Airtable
1779,Asana
1779,Cerri
1779,ClickUp
1779,Confluence
1779,DingTalk (Teambition)
1779,Leankor
1779,Microsoft Lists
1779,Microsoft Planner
1779,Monday.com
1779,Notion
1779,Planview Projectplace Or Clarizen
1779,Smartsheet
1779,Swit
1779,Trello
1779,Wimi
1779,Workzone
1779,Wrike
1785,Notion
1785,Stack Overflow for Teams
1791,Notion
1794,Jira
1794,Jira Work Management
1796,Notion
1796,Trello
1802,Confluence
1809,Confluence
1811,Jira
1811,Jira Work Management
1812,Airtable
1812,Monday.com
1812,Notion
1812,Trello
1816,Confluence
1816,Jira
1816,Jira Work Management
1816,Trello
1823,Confluence
1823,Jira
1823,Jira Work Management
1823,Notion
1827,Notion
1829,Trello
1830,Trello
1832,Notion
1832,Trello
1834,ClickUp
1834,Notion
1837,Trello
1840,Jira
1840,Jira Work Management
1840,Notion
1840,Trello
1841,Asana
1848,Confluence
1848,Stack Overflow for Teams
1849,Jira
1849,Jira Work Management
1850,ClickUp
1853,ClickUp
1853,Notion
1854,Trello
1855,Jira
1855,Jira Work Management
1855,Stack Overflow for Teams
1859,Jira
1859,Jira Work Management
1862,Trello
1879,Monday.com
1879,Notion
1889,Confluence
1889,Jira
1889,Jira Work Management
1891,Notion
1893,Confluence
1893,Jira
1893,Jira Work Management
1898,DingTalk (Teambition)
1900,Confluence
1900,Jira
1900,Jira Work Management
1900,Microsoft Planner
1905,Confluence
1910,Airtable
1910,Trello
1911,Stack Overflow for Teams
1915,Confluence
1917,Monday.com
1917,Trello
1921,Trello
1922,Confluence
1922,Jira
1922,Jira Work Management
1925,Confluence
1925,Jira
1925,Jira Work Management
1930,Confluence
1930,Jira
1930,Jira Work Management
1931,Microsoft Lists
1931,Microsoft Planner
1933,Airtable
1933,Notion
1936,Jira
1936,Jira Work Management
1937,Confluence
1937,Jira
1937,Jira Work Management
1939,Confluence
1939,Jira
1939,Jira Work Management
1943,Airtable
1943,Confluence
1943,Jira
1943,Jira Work Management
1943,Microsoft Planner
1943,Notion
1943,Stack Overflow for Teams
1943,Trello
1944,Jira
1944,Jira Work Management
1948,Notion
1949,Notion
1950,Confluence
1953,Confluence
1954,Confluence
1956,Jira
1956,Jira Work Management
1958,Trello
1963,ClickUp
1964,Trello
1965,Notion
1981,Trello
1984,Confluence
1984,Jira
1984,Jira Work Management
1987,Notion
1988,Jira
1988,Jira Work Management
1990,Notion
1992,Jira
1992,Jira Work Management
1995,Confluence
1997,Confluence
1997,Stack Overflow for Teams
1999,Notion
2000,Jira
2000,Jira Work Management
2001,Airtable
2002,Notion
2003,Confluence
2003,Jira
2003,Jira Work Management
2012,Jira
2012,Jira Work Management
2016,Jira
2016,Jira Work Management
2020,Confluence
2020,Jira
2020,Jira Work Management
2022,Trello
2023,Trello
2024,Confluence
2025,ClickUp
2025,Notion
2027,Confluence
2027,Jira
2027,Jira Work Management
2032,Notion
2036,Asana
2039,Jira
2039,Jira Work Management
2041,Jira
2041,Jira Work Management
2041,Notion
2042,Trello
2043,Confluence
2043,Jira
2043,Jira Work Management
2056,Confluence
2056,Monday.com
2056,Trello
2057,Asana
2057,Notion
2058,Confluence
2058,Jira
2058,Jira Work Management
2059,Jira
2059,Jira Work Management
2062,Asana
2062,Notion
2063,ClickUp
2064,Jira
2064,Jira Work Management
2069,Jira
2069,Jira Work Management
2073,Jira
2073,Jira Work Management
2075,Confluence
2077,Jira
2077,Jira Work Management
2086,Trello
2088,Trello
2091,Confluence
2093,Confluence
2093,Jira
2093,Jira Work Management
2094,Confluence
2094,Jira
2094,Jira Work Management
2108,Notion
2109,Trello
2111,Confluence
2111,Jira
2111,Jira Work Management
2112,Confluence
2112,Jira
2112,Jira Work Management
2112,Notion
2116,Trello
2117,Asana
2117,Notion
2117,Stack Overflow for Teams
2117,Trello
2118,Confluence
2118,Jira
2118,Jira Work Management
2118,Microsoft Lists
2122,Confluence
2122,Jira
2122,Jira Work Management
2125,Jira
2125,Jira Work Management
2126,Asana
2127,Trello
2130,Confluence
2130,Trello
2132,Confluence
2132,Jira
2132,Jira Work Management
2132,Notion
2134,Monday.com
2134,Trello
2135,Jira
2135,Jira Work Management
2141,Stack Overflow for Teams
2144,Trello
2145,Jira
2145,Jira Work Management
2145,Trello
2146,Confluence
2146,Jira
2146,Jira Work Management
2154,Notion
2157,Confluence
2157,Jira
2157,Jira Work Management
2160,Confluence
2160,Jira
2160,Jira Work Management
2161,Jira
2161,Jira Work Management
2162,Confluence
2167,Notion
2168,Jira
2168,Jira Work Management
2173,Stack Overflow for Teams
2174,Jira
2174,Jira Work Management
2175,Confluence
2175,Jira
2175,Jira Work Management
2181,Confluence
2181,Jira
2181,Jira Work Management
2183,Jira
2183,Jira Work Management
2185,Jira
2185,Jira Work Management
2187,Jira
2187,Jira Work Management
2187,Microsoft Planner
2190,Jira
2190,Jira Work Management
2190,Notion
2193,Jira
2193,Jira Work Management
2194,Notion
2199,Trello
2202,Notion
2202,Trello
2207,Stack Overflow for Teams
2208,Asana
2208,Notion
2209,Confluence
2209,Notion
2210,Confluence
2210,Jira
2210,Jira Work Management
2212,Confluence
2212,Trello
2217,Confluence
2217,Jira
2217,Jira Work Management
2219,Jira
2219,Jira Work Management
2219,Notion
2221,Notion
2222,Stack Overflow for Teams
2223,Jira
2223,Jira Work Management
2223,Trello
2232,Notion
2239,Jira
2239,Jira Work Management
2241,Confluence
2241,Jira
2241,Jira Work Management
2242,Notion
2242,Trello
2244,Notion
2245,Jira
2245,Jira Work Management
2251,Stack Overflow for Teams
2251,Trello
2252,Jira
2252,Jira Work Management
2252,Wrike
2254,Notion
2266,Confluence
2266,Jira
2266,Jira Work Management
2267,Notion
2267,Trello
2269,Confluence
2269,Jira
2269,Jira Work Management
2279,Trello
2280,Notion
2284,Notion
2286,Confluence
2286,Jira
2286,Jira Work Management
2286,Trello
2287,Confluence
2287,Jira
2287,Jira Work Management
2288,Trello
2289,Monday.com
2289,Stack Overflow for Teams
2290,Notion
2295,Confluence
2295,Jira
2295,Jira Work Management
2297,Trello
2298,Asana
2298,Jira
2298,Jira Work Management
2306,Trello
2308,Confluence
2309,Notion
2309,Trello
2312,Confluence
2314,Confluence
2314,Jira
2314,Jira Work Management
2315,Notion
2317,Confluence
2317,Jira
2317,Jira Work Management
2319,Confluence
2319,Jira
2319,Jira Work Management
2320,Confluence
2322,Confluence
2322,Jira
2322,Jira Work Management
2322,Microsoft Lists
2322,Microsoft Planner
2322,Trello
2326,Notion
2328,Stack Overflow for Teams
2328,Trello
2334,ClickUp
2336,Confluence
2338,Trello
2340,Asana
2340,Jira
2340,Jira Work Management
2340,Trello
2343,ClickUp
2343,Confluence
2344,Confluence
2344,Jira
2344,Jira Work Management
2347,Confluence
2347,Jira
2347,Jira Work Management
2349,Notion
2353,Jira
2353,Jira Work Management
2360,Trello
2362,Confluence
2362,Jira
2362,Jira Work Management
2372,Airtable
2372,Asana
2372,Stack Overflow for Teams
2375,Jira
2375,Jira Work Management
2375,Trello
2386,Confluence
2386,Jira
2386,Jira Work Management
2386,Trello
2387,Notion
2390,Confluence
2390,Jira
2390,Jira Work Management
2396,Jira
2396,Jira Work Management
2397,Notion
2405,Confluence
2405,Jira
2405,Jira Work Management
2407,Notion
2409,ClickUp
2410,Notion
2410,Trello
2415,Confluence
2415,Jira
2415,Jira Work Management
2416,Trello
2418,Notion
2418,Trello
2421,Jira
2421,Jira Work Management
2424,Confluence
2428,Trello
2429,Trello
2431,Airtable
2431,Jira
2431,Jira Work Management
2435,Jira
2435,Jira Work Management
2436,Confluence
2436,Jira
2436,Jira Work Management
2436,Trello
2439,Notion
2440,Confluence
2440,Notion
2441,Confluence
2441,Jira
2441,Jira Work Management
2441,Trello
2442,Confluence
2442,Jira
2442,Jira Work Management
2446,Confluence
2448,Confluence
2448,Jira
2448,Jira Work Management
2450,Confluence
2450,Notion
2451,Confluence
2452,Monday.com
2452,Notion
2454,Confluence
2454,Jira
2454,Jira Work Management
2457,Asana
2457,Trello
2460,Jira
2460,Jira Work Management
2460,Notion
2462,Confluence
2462,Jira
2462,Jira Work Management
2463,Jira
2463,Jira Work Management
2464,Confluence
2464,Jira
2464,Jira Work Management
2464,Monday.com
2464,Notion
2464,Trello
2466,Notion
2468,Monday.com
2471,Trello
2473,Confluence
2473,Jira
2473,Jira Work Management
2474,Confluence
2476,Jira
2476,Jira Work Management
2476,Microsoft Lists
2478,ClickUp
2486,Jira
2486,Jira Work Management
2490,Jira
2490,Jira Work Management
2492,Trello
2495,Notion
2501,Confluence
2501,Jira
2501,Jira Work Management
2501,Notion
2501,Trello
2505,Confluence
2508,ClickUp
2510,Confluence
2510,Jira
2510,Jira Work Management
2511,Jira
2511,Jira Work Management
2513,Confluence
2513,Jira
2513,Jira Work Management
2513,Trello
2517,Confluence
2518,Confluence
2518,Jira
2518,Jira Work Management
2520,Notion
2524,Monday.com
2527,Confluence
2534,Confluence
2543,Asana
2544,Jira
2544,Jira Work Management
2547,Jira
2547,Jira Work Management
2549,Jira
2549,Jira Work Management
2549,Notion
2550,Confluence
2550,Trello
2551,ClickUp
2551,Confluence
2551,Trello
2554,Notion
2555,Confluence
2555,Jira
2555,Jira Work Management
2562,ClickUp
2562,Notion
2563,Notion
2567,Jira
2567,Jira Work Management
2567,Trello
2571,Confluence
2571,Jira
2571,Jira Work Management
2574,Trello
2575,Notion
2575,Trello
2576,Confluence
2576,Jira
2576,Jira Work Management
2578,Trello
2579,Notion
2579,Trello
2581,Microsoft Lists
2581,Microsoft Planner
2582,Confluence
2582,Jira
2582,Jira Work Management
2582,Trello
2583,Confluence
2583,Jira
2583,Jira Work Management
2584,Trello
2588,Notion
2589,Confluence
2589,Jira
2589,Jira Work Management
2593,Notion
2594,Trello
2596,Notion
2596,Trello
2597,Confluence
2597,Jira
2597,Jira Work Management
2598,Confluence
2598,Jira
2598,Jira Work Management
2600,Notion
2606,Airtable
2608,Confluence
2608,Jira
2608,Jira Work Management
2612,Confluence
2612,Jira
2612,Jira Work Management
2613,Airtable
2613,Trello
2614,Confluence
2615,Notion
2616,Airtable
2616,Asana
2616,Jira
2616,Jira Work Management
2616,Monday.com
2616,Notion
2616,Trello
2618,Asana
2624,ClickUp
2625,Monday.com
2627,Notion
2629,Trello
2630,Confluence
2630,Notion
2632,Notion
2634,Jira
2634,Jira Work Management
2635,Microsoft Lists
2635,Notion
2638,Trello
2639,Trello
2641,Jira
2641,Jira Work Management
2649,Jira
2649,Jira Work Management
2654,Confluence
2654,Jira
2654,Jira Work Management
2655,Jira
2655,Jira Work Management
2655,Trello
2656,Confluence
2656,Jira
2656,Jira Work Management
2656,Trello
2659,Trello
2661,Trello
2662,Jira
2662,Jira Work Management
2666,Jira
2666,Jira Work Management
2666,Notion
2670,Notion
2674,Confluence
2674,Jira
2674,Jira Work Management
2676,Notion
2676,Trello
2684,Confluence
2684,Jira
2684,Jira Work Management
2685,Airtable
2687,Confluence
2687,Notion
2690,Notion
2692,Jira
2692,Jira Work Management
2692,Notion
