ResponseId,OfficeStackSyncWantToWorkWith
2,Microsoft Teams
3,Slack
3,Zoom
5,Rocketchat
5,Slack
5,Zoom
6,Google Chat
6,Slack
6,Zoom
8,Microsoft Teams
9,Google Chat
9,Slack
10,Google Chat
10,Slack
11,Slack
12,Microsoft Teams
12,Slack
13,Slack
13,Zoom
14,Slack
14,Zoom
16,Microsoft Teams
16,Slack
17,Slack
17,Zoom
18,Microsoft Teams
20,Microsoft Teams
21,Microsoft Teams
22,Slack
23,Microsoft Teams
23,Zoom
25,Microsoft Teams
25,Slack
26,Slack
27,Microsoft Teams
31,Microsoft Teams
31,Zoom
33,Zoom
34,Slack
35,Slack
35,Zoom
37,RingCentral
37,Slack
39,Slack
41,Slack
42,Microsoft Teams
42,Zoom
43,Slack
48,Microsoft Teams
51,Slack
52,Slack
53,Slack
53,Zoom
54,Slack
55,Slack
55,Zoom
56,Slack
56,Zoom
57,Google Chat
57,Slack
58,Slack
60,Slack
60,Zoom
61,Zoom
62,Microsoft Teams
62,Slack
62,Zoom
63,Slack
65,Microsoft Teams
66,Microsoft Teams
67,Google Chat
67,Slack
67,Zoom
68,Google Chat
69,Google Chat
69,Slack
71,Microsoft Teams
71,Slack
72,Slack
73,Microsoft Teams
73,Slack
73,Zoom
74,Slack
75,Slack
75,Zoom
76,Slack
76,Zoom
77,Zoom
78,Slack
79,Slack
80,Microsoft Teams
80,Rocketchat
80,Slack
80,Wire
80,Zoom
81,Cisco Webex Teams
81,Microsoft Teams
81,Slack
82,Zoom
83,Slack
83,Zoom
85,Microsoft Teams
85,Slack
85,Zoom
87,Google Chat
87,Microsoft Teams
87,Zoom
88,Microsoft Teams
88,Slack
90,Mattermost
90,Slack
92,Google Chat
93,Slack
95,Microsoft Teams
95,Slack
96,Slack
97,Google Chat
97,Microsoft Teams
97,Slack
101,Slack
102,Microsoft Teams
103,Slack
104,Slack
104,Zoom
107,Microsoft Teams
108,Microsoft Teams
109,Mattermost
109,Slack
111,Microsoft Teams
111,Slack
112,Microsoft Teams
113,Cisco Webex Teams
113,Google Chat
113,Microsoft Teams
113,Slack
113,Zoom
115,Microsoft Teams
117,Microsoft Teams
117,Slack
120,Slack
120,Zoom
121,Google Chat
121,Slack
121,Zoom
122,Google Chat
122,Microsoft Teams
123,Cisco Webex Teams
124,Slack
124,Zoom
125,Mattermost
126,Microsoft Teams
127,Slack
127,Zoom
131,Zoom
132,Slack
133,Google Chat
133,Slack
134,Slack
137,Slack
138,Slack
139,Microsoft Teams
139,Zoom
140,Cisco Webex Teams
141,Mattermost
141,Microsoft Teams
142,Zoom
145,Slack
147,Cisco Webex Teams
147,Slack
147,Zoom
148,Slack
151,Microsoft Teams
154,Microsoft Teams
154,Slack
154,Zoom
158,Google Chat
158,Slack
159,Microsoft Teams
161,Slack
161,Zoom
163,Slack
164,Slack
165,Slack
167,Zoom
168,Slack
170,Zoom
171,Slack
172,Slack
172,Zoom
174,Microsoft Teams
174,Slack
174,Zoom
175,Microsoft Teams
175,Zoom
178,Microsoft Teams
179,Slack
180,Microsoft Teams
181,Slack
182,Slack
183,Slack
183,Zoom
184,Slack
184,Zoom
185,Slack
185,Zoom
187,Microsoft Teams
187,Slack
187,Zoom
188,Slack
188,Zoom
189,Microsoft Teams
189,Slack
192,Slack
194,Slack
194,Zoom
195,Slack
196,Slack
197,Slack
199,Google Chat
199,Microsoft Teams
199,Slack
199,Zoom
200,Microsoft Teams
201,Slack
202,Microsoft Teams
203,Google Chat
204,Mattermost
205,Slack
206,Google Chat
206,Slack
207,Slack
208,Slack
208,Zoom
209,Zoom
210,Slack
212,Slack
212,Zoom
213,Slack
213,Zoom
214,Microsoft Teams
214,Slack
217,Microsoft Teams
217,Slack
217,Zoom
218,Slack
219,Slack
219,Zoom
220,Microsoft Teams
220,Slack
221,Slack
221,Zoom
222,Slack
222,Zoom
223,Slack
224,Microsoft Teams
226,Slack
226,Zoom
228,Microsoft Teams
228,Slack
231,Mattermost
232,Slack
232,Zoom
233,Slack
234,Microsoft Teams
234,Slack
235,Slack
235,Zoom
237,Zoom
238,Microsoft Teams
240,Slack
240,Zoom
242,Google Chat
243,Microsoft Teams
243,Slack
244,Microsoft Teams
244,Slack
245,Slack
245,Zoom
246,Google Chat
246,Slack
247,Google Chat
247,Microsoft Teams
248,Zoom
251,Mattermost
253,Microsoft Teams
254,Slack
254,Zoom
256,Slack
256,Zoom
257,Zoom
259,Google Chat
259,Slack
259,Zoom
260,Microsoft Teams
260,Wickr
261,Microsoft Teams
262,Slack
265,Slack
267,Slack
268,Microsoft Teams
268,Slack
268,Zoom
269,Slack
271,Slack
271,Zoom
273,Microsoft Teams
274,Slack
274,Zoom
275,Microsoft Teams
275,Slack
275,Zoom
276,Slack
276,Zoom
277,Microsoft Teams
277,Slack
278,Microsoft Teams
279,Slack
280,Slack
281,Slack
282,Slack
282,Zoom
283,Slack
284,Slack
285,Microsoft Teams
286,Mattermost
286,Zoom
287,Slack
287,Zoom
288,Slack
289,Slack
290,Slack
291,Google Chat
291,Zoom
292,Slack
293,Microsoft Teams
293,Zoom
297,Slack
298,Slack
299,Slack
300,Slack
301,Google Chat
301,Microsoft Teams
302,Slack
303,Microsoft Teams
304,Microsoft Teams
305,Slack
306,Rocketchat
307,Slack
309,Slack
310,Slack
311,Microsoft Teams
313,Microsoft Teams
315,Cisco Webex Teams
316,Slack
317,Cisco Webex Teams
319,Microsoft Teams
320,Google Chat
320,Slack
325,Slack
327,Google Chat
327,Slack
328,Microsoft Teams
328,Slack
328,Zoom
329,Zoom
330,Microsoft Teams
331,Slack
331,Zoom
332,Mattermost
333,Slack
336,Google Chat
336,Mattermost
336,Slack
338,Microsoft Teams
338,Slack
340,Microsoft Teams
342,Microsoft Teams
343,Slack
343,Zoom
345,Microsoft Teams
345,Slack
346,Microsoft Teams
347,Rocketchat
353,Slack
353,Zoom
354,Microsoft Teams
356,Slack
358,Slack
360,Microsoft Teams
363,Slack
365,Microsoft Teams
366,Slack
366,Zoom
368,Mattermost
368,Zoom
369,Mattermost
370,Google Chat
371,Zoom
372,Slack
373,Microsoft Teams
375,Zoom
377,Mattermost
377,Slack
382,Slack
384,Slack
385,Google Chat
385,Slack
387,Microsoft Teams
388,Slack
389,Microsoft Teams
390,Microsoft Teams
391,Google Chat
391,Slack
392,Slack
392,Zoom
393,Microsoft Teams
394,Slack
395,Slack
397,Microsoft Teams
399,Mattermost
399,Slack
399,Zoom
400,Slack
400,Zoom
401,Microsoft Teams
401,Zoom
402,Cisco Webex Teams
402,Slack
403,Slack
404,Microsoft Teams
406,Slack
406,Zoom
407,RingCentral
407,Slack
408,Slack
409,Google Chat
410,Slack
411,Rocketchat
413,Slack
413,Zoom
416,Microsoft Teams
417,Slack
417,Zoom
419,Microsoft Teams
419,Zoom
421,Zoom
422,Mattermost
424,Zoom
425,Microsoft Teams
427,Slack
427,Zoom
428,Google Chat
428,Microsoft Teams
428,Slack
429,Slack
432,Microsoft Teams
433,Microsoft Teams
433,Slack
434,Google Chat
434,Zoom
435,Microsoft Teams
436,Microsoft Teams
439,Microsoft Teams
440,Microsoft Teams
440,Slack
443,Slack
444,Slack
445,Cisco Webex Teams
445,Microsoft Teams
446,Google Chat
447,Slack
448,Microsoft Teams
449,Google Chat
450,Slack
450,Zoom
453,Microsoft Teams
453,Slack
454,Slack
454,Zoom
455,Google Chat
455,Slack
458,Slack
459,Mattermost
460,Zoom
461,Slack
464,Zoom
465,Slack
465,Zoom
467,Microsoft Teams
468,Cisco Webex Teams
468,Slack
470,Mattermost
470,Rocketchat
475,Slack
476,Google Chat
476,Slack
476,Zoom
478,Zoom
480,Zoom
482,Microsoft Teams
483,Zoom
484,Microsoft Teams
484,Slack
484,Zoom
486,Slack
486,Zoom
489,Google Chat
489,Microsoft Teams
489,Slack
490,Microsoft Teams
490,Slack
491,Microsoft Teams
492,Google Chat
492,Slack
493,Microsoft Teams
494,Microsoft Teams
495,Microsoft Teams
497,Slack
497,Zoom
503,Microsoft Teams
503,Slack
503,Zoom
505,Cisco Webex Teams
505,Microsoft Teams
505,Slack
505,Zoom
507,Slack
508,Slack
510,Microsoft Teams
510,Slack
511,Slack
512,Slack
512,Zoom
514,Slack
515,Google Chat
515,Zoom
519,Slack
519,Zoom
520,Slack
522,Slack
525,Slack
525,Zoom
527,Mattermost
527,Slack
527,Zoom
528,Slack
530,Slack
534,Slack
534,Zoom
537,Google Chat
537,Slack
537,Zoom
538,Google Chat
538,Slack
539,Slack
539,Zoom
541,Slack
545,Slack
545,Zoom
546,Slack
549,Microsoft Teams
550,Slack
550,Zoom
551,Mattermost
551,Microsoft Teams
551,Slack
552,Google Chat
552,Zoom
553,Slack
554,Slack
556,Slack
556,Zoom
557,Microsoft Teams
558,Slack
559,Google Chat
559,Mattermost
562,Mattermost
562,Microsoft Teams
562,Rocketchat
563,Slack
564,Microsoft Teams
564,Zoom
565,Slack
565,Zoom
570,Google Chat
570,Slack
571,Slack
572,Google Chat
574,Cisco Webex Teams
574,Mattermost
574,Microsoft Teams
576,Slack
577,Slack
577,Zoom
578,Google Chat
579,Slack
580,Slack
580,Zoom
581,Rocketchat
581,Slack
583,Slack
584,Google Chat
584,Slack
584,Zoom
585,Slack
585,Zoom
586,Microsoft Teams
587,Slack
589,Slack
590,Slack
591,Slack
592,Mattermost
594,Slack
595,Cisco Webex Teams
595,Slack
596,Slack
599,Google Chat
599,Microsoft Teams
599,Slack
599,Zoom
602,Slack
604,Slack
604,Zoom
605,Slack
605,Zoom
606,Slack
606,Zoom
608,Slack
609,Microsoft Teams
610,Slack
611,Slack
611,Zoom
612,Google Chat
612,Slack
613,Cisco Webex Teams
613,Mattermost
614,Zoom
615,Slack
615,Zoom
616,Microsoft Teams
616,Slack
617,Microsoft Teams
617,Zoom
618,Microsoft Teams
618,Zoom
620,Google Chat
620,Microsoft Teams
620,Slack
620,Zoom
621,Microsoft Teams
625,Slack
625,Zoom
628,Slack
628,Zoom
630,Slack
631,Slack
631,Zoom
632,Slack
633,Slack
633,Zoom
634,Slack
635,Cisco Webex Teams
635,Google Chat
635,Microsoft Teams
635,Slack
635,Zoom
636,Mattermost
636,Microsoft Teams
636,Zoom
637,Slack
638,Google Chat
639,Slack
642,Slack
642,Zoom
645,Google Chat
645,Slack
647,Mattermost
650,Slack
651,Microsoft Teams
652,Slack
657,Slack
659,Slack
659,Zoom
660,Slack
660,Zoom
661,Microsoft Teams
661,Slack
663,Microsoft Teams
665,Slack
665,Zoom
667,Microsoft Teams
672,Zoom
673,Google Chat
673,Zoom
675,Slack
675,Zoom
676,Microsoft Teams
677,Slack
679,Slack
679,Zoom
682,Slack
683,Slack
683,Zoom
684,Slack
684,Zoom
686,Microsoft Teams
688,Zoom
689,Slack
693,Slack
693,Zoom
695,Slack
699,Slack
699,Zoom
700,Mattermost
700,Rocketchat
702,Slack
704,Slack
704,Zoom
706,Microsoft Teams
706,Slack
706,Zoom
708,Slack
709,Microsoft Teams
711,Slack
711,Zoom
712,Slack
713,Microsoft Teams
714,Microsoft Teams
717,Slack
721,Cisco Webex Teams
721,Slack
721,Zoom
723,Microsoft Teams
723,Slack
724,Slack
726,Google Chat
726,Slack
727,Slack
728,Slack
729,Slack
729,Zoom
730,Zoom
732,Microsoft Teams
732,Zoom
733,Slack
734,Slack
734,Zoom
738,Slack
741,Google Chat
746,Slack
746,Zoom
749,Microsoft Teams
749,Slack
749,Zoom
751,Slack
752,Microsoft Teams
754,Slack
758,Slack
760,Microsoft Teams
763,Wire
764,Mattermost
764,Rocketchat
764,Slack
764,Zoom
765,Slack
766,Wire
767,Zoom
768,Slack
769,Microsoft Teams
770,Rocketchat
771,Slack
772,Slack
772,Zoom
773,Slack
773,Zoom
774,Google Chat
775,Microsoft Teams
775,Slack
776,Slack
777,Mattermost
779,Google Chat
779,Slack
781,Google Chat
781,Slack
781,Zoom
784,Slack
786,Google Chat
786,Microsoft Teams
786,Slack
787,Google Chat
788,Slack
789,Microsoft Teams
790,Slack
790,Zoom
792,Microsoft Teams
795,Slack
795,Zoom
796,Slack
797,Slack
799,Slack
800,Microsoft Teams
801,Slack
803,Google Chat
803,Mattermost
803,Microsoft Teams
803,Slack
806,Slack
806,Zoom
808,Slack
809,Google Chat
809,Slack
810,Rocketchat
810,Slack
811,Microsoft Teams
815,Slack
815,Zoom
816,Zoom
817,Slack
817,Zoom
818,Slack
818,Zoom
819,Microsoft Teams
820,Slack
820,Zoom
821,Zoom
822,Slack
823,Google Chat
823,Microsoft Teams
823,Slack
823,Zoom
826,Slack
828,Microsoft Teams
828,Slack
832,Mattermost
833,Slack
834,Slack
834,Zoom
835,Rocketchat
835,Slack
836,Rocketchat
838,Slack
838,Zoom
839,Slack
839,Zoom
840,Slack
840,Zoom
841,Microsoft Teams
842,Slack
843,Slack
844,Slack
844,Zoom
845,Slack
846,Slack
849,Slack
851,Zoom
852,Microsoft Teams
853,Zoom
854,Microsoft Teams
856,Slack
856,Zoom
857,Slack
860,Slack
860,Zoom
862,Zoom
865,Slack
865,Zoom
866,Microsoft Teams
868,Slack
868,Zoom
870,Microsoft Teams
871,Slack
871,Zoom
873,Slack
873,Zoom
875,Zoom
877,Microsoft Teams
878,Microsoft Teams
878,Slack
879,Slack
882,Zoom
883,Google Chat
883,Slack
884,Slack
885,Google Chat
886,Microsoft Teams
890,Google Chat
890,Mattermost
890,Slack
890,Zoom
891,Microsoft Teams
891,Slack
892,Microsoft Teams
897,Slack
897,Zoom
898,Cisco Webex Teams
902,Slack
904,Microsoft Teams
905,Google Chat
905,Slack
908,Slack
909,Zoom
911,Slack
913,Slack
913,Zoom
915,Zoom
916,Microsoft Teams
917,Microsoft Teams
919,Zoom
923,Slack
927,Google Chat
928,Slack
929,Slack
930,Cisco Webex Teams
930,Microsoft Teams
933,Zoom
935,Slack
935,Zoom
936,Microsoft Teams
937,Google Chat
937,Microsoft Teams
938,Microsoft Teams
939,Slack
939,Zoom
940,Slack
940,Zoom
941,Mattermost
941,Slack
942,Microsoft Teams
942,Slack
945,Slack
945,Zoom
947,Slack
947,Zoom
948,Microsoft Teams
949,Slack
949,Zoom
950,Slack
953,Google Chat
956,Slack
959,Slack
959,Zoom
961,Slack
963,Slack
963,Zoom
964,Slack
965,Slack
966,Microsoft Teams
967,Slack
967,Zoom
968,Zoom
969,Slack
969,Zoom
970,Microsoft Teams
971,Mattermost
971,Wire
974,Slack
976,Slack
977,Slack
978,Microsoft Teams
979,Slack
980,Microsoft Teams
980,Wickr
982,Slack
982,Zoom
984,Mattermost
984,Zoom
985,Slack
987,Slack
987,Zoom
988,Slack
990,Microsoft Teams
991,Zoom
993,Microsoft Teams
995,Slack
995,Zoom
997,Slack
997,Zoom
1000,Microsoft Teams
1002,Cisco Webex Teams
1002,Microsoft Teams
1002,Slack
1002,Zoom
1003,Microsoft Teams
1006,Slack
1008,Google Chat
1008,Slack
1008,Zoom
1009,Google Chat
1009,Slack
1014,Google Chat
1014,Slack
1015,Microsoft Teams
1015,Slack
1015,Zoom
1017,Google Chat
1019,Google Chat
1021,Zoom
1022,Slack
1024,Slack
1025,Microsoft Teams
1027,Zoom
1028,Slack
1028,Zoom
1029,Google Chat
1030,Slack
1030,Zoom
1034,Slack
1036,Google Chat
1036,Microsoft Teams
1036,Zoom
1038,Microsoft Teams
1039,Mattermost
1039,Zoom
1041,Microsoft Teams
1042,Mattermost
1043,Cisco Webex Teams
1043,Microsoft Teams
1043,Slack
1046,Google Chat
1046,Slack
1049,Google Chat
1049,Slack
1050,Slack
1051,Slack
1052,Slack
1052,Zoom
1055,Zoom
1056,Microsoft Teams
1057,Slack
1057,Zoom
1058,Microsoft Teams
1058,Slack
1058,Zoom
1059,Slack
1060,Rocketchat
1062,Slack
1062,Zoom
1063,Slack
1065,Microsoft Teams
1068,Slack
1069,Google Chat
1070,Microsoft Teams
1073,Slack
1074,Mattermost
1074,Microsoft Teams
1075,Microsoft Teams
1078,Microsoft Teams
1079,Mattermost
1081,Microsoft Teams
1082,Microsoft Teams
1083,Microsoft Teams
1084,Slack
1088,Slack
1089,Slack
1090,Microsoft Teams
1098,Slack
1099,Microsoft Teams
1100,Microsoft Teams
1100,Slack
1102,Slack
1102,Zoom
1103,Slack
1104,Slack
1104,Zoom
1105,Microsoft Teams
1105,Slack
1105,Zoom
1106,Zoom
1108,Microsoft Teams
1108,Slack
1110,Slack
1111,Google Chat
1111,Zoom
1112,Mattermost
1113,Mattermost
1113,Slack
1113,Zoom
1114,Mattermost
1114,Slack
1115,Slack
1115,Zoom
1116,Microsoft Teams
1118,Mattermost
1118,Microsoft Teams
1118,Zoom
1119,Google Chat
1119,Zoom
1123,Slack
1124,Microsoft Teams
1124,Slack
1126,Mattermost
1129,Slack
1129,Zoom
1130,Cisco Webex Teams
1130,Mattermost
1130,Microsoft Teams
1130,Zoom
1132,Microsoft Teams
1132,Zoom
1133,Rocketchat
1133,Zoom
1134,Slack
1134,Zoom
1135,Cisco Webex Teams
1137,Slack
1138,Slack
1139,Microsoft Teams
1139,Slack
1140,Google Chat
1140,Microsoft Teams
1143,Slack
1144,Microsoft Teams
1146,Google Chat
1146,Slack
1149,Slack
1149,Zoom
1150,Slack
1151,Slack
1151,Zoom
1152,Slack
1154,Microsoft Teams
1154,Slack
1156,Slack
1157,Slack
1158,Google Chat
1158,Zoom
1159,Slack
1162,Google Chat
1162,Slack
1163,Microsoft Teams
1163,Slack
1166,Google Chat
1167,Mattermost
1167,Zoom
1169,Slack
1170,Microsoft Teams
1170,Slack
1173,Mattermost
1174,Slack
1175,Slack
1176,Slack
1177,Slack
1178,Microsoft Teams
1179,Slack
1181,Slack
1182,Slack
1183,Slack
1183,Zoom
1184,Microsoft Teams
1185,Microsoft Teams
1185,Slack
1187,Microsoft Teams
1189,Slack
1189,Zoom
1190,Zoom
1191,Slack
1192,Microsoft Teams
1193,Slack
1193,Zoom
1195,Slack
1195,Zoom
1196,Slack
1197,Cisco Webex Teams
1197,Zoom
1199,Google Chat
1199,Microsoft Teams
1199,Zoom
1201,Zoom
1202,Slack
1203,Slack
1206,Slack
1207,Cisco Webex Teams
1207,Microsoft Teams
1209,Microsoft Teams
1211,Mattermost
1211,Rocketchat
1211,Zoom
1212,Microsoft Teams
1212,Slack
1213,Rocketchat
1214,Slack
1215,Microsoft Teams
1220,Slack
1221,Microsoft Teams
1221,Slack
1224,Slack
1224,Zoom
1225,Slack
1226,Slack
1228,Slack
1229,Slack
1230,Slack
1231,Slack
1231,Zoom
1232,Google Chat
1232,Slack
1233,Microsoft Teams
1234,Zoom
1235,Slack
1237,Google Chat
1237,Slack
1238,Slack
1238,Zoom
1241,Microsoft Teams
1243,Zoom
1245,Slack
1247,Zoom
1252,Microsoft Teams
1253,Slack
1254,Slack
1255,Slack
1257,Zoom
1258,Slack
1258,Zoom
1259,Microsoft Teams
1262,Slack
1262,Zoom
1263,Microsoft Teams
1267,Mattermost
1268,Slack
1270,Slack
1270,Zoom
1273,Mattermost
1274,Slack
1275,Slack
1275,Zoom
1277,Microsoft Teams
1277,Slack
1279,Slack
1280,Slack
1281,Google Chat
1281,Slack
1283,Slack
1283,Zoom
1284,Microsoft Teams
1285,Google Chat
1285,Slack
1285,Zoom
1292,Slack
1293,Mattermost
1294,Slack
1295,Mattermost
1297,Microsoft Teams
1299,Microsoft Teams
1299,Slack
1299,Zoom
1302,Mattermost
1302,Slack
1303,Slack
1305,Slack
1305,Zoom
1306,Microsoft Teams
1306,Slack
1307,Slack
1307,Zoom
1308,Slack
1310,Google Chat
1310,Zoom
1311,Slack
1312,Cisco Webex Teams
1312,Slack
1312,Symphony
1312,Zoom
1313,Mattermost
1314,Microsoft Teams
1316,Slack
1316,Zoom
1318,Microsoft Teams
1319,Slack
1320,Microsoft Teams
1320,Slack
1322,Slack
1323,Slack
1323,Zoom
1330,Slack
1332,Mattermost
1332,Slack
1333,Microsoft Teams
1334,Slack
1334,Zoom
1335,Microsoft Teams
1335,Zoom
1336,Microsoft Teams
1338,Slack
1340,Google Chat
1340,Slack
1342,Microsoft Teams
1343,Mattermost
1343,Slack
1343,Zoom
1344,Slack
1346,Slack
1349,Slack
1351,Slack
1352,Microsoft Teams
1354,Google Chat
1354,Rocketchat
1355,Slack
1356,Slack
1356,Zoom
1359,Microsoft Teams
1359,Slack
1363,Slack
1364,Google Chat
1364,Slack
1364,Zoom
1365,Slack
1367,Slack
1367,Zoom
1368,Slack
1368,Zoom
1369,Microsoft Teams
1370,Microsoft Teams
1373,Rocketchat
1374,Slack
1377,Microsoft Teams
1377,Slack
1377,Zoom
1378,Slack
1381,Slack
1383,Mattermost
1385,Slack
1386,Microsoft Teams
1386,Slack
1387,Microsoft Teams
1387,Slack
1389,Zoom
1394,Microsoft Teams
1395,Microsoft Teams
1395,Slack
1396,Zoom
1400,Microsoft Teams
1401,Slack
1402,Microsoft Teams
1402,Slack
1402,Zoom
1406,Mattermost
1407,Slack
1408,Slack
1410,Microsoft Teams
1411,Microsoft Teams
1411,Rocketchat
1412,Rocketchat
1413,Microsoft Teams
1414,Google Chat
1417,Google Chat
1418,Slack
1418,Zoom
1420,Microsoft Teams
1420,Slack
1422,Microsoft Teams
1423,Mattermost
1423,Rocketchat
1425,Microsoft Teams
1425,Slack
1426,Microsoft Teams
1427,Microsoft Teams
1430,Slack
1436,Microsoft Teams
1438,Google Chat
1438,Microsoft Teams
1438,Zoom
1439,Google Chat
1440,Slack
1440,Zoom
1442,Slack
1442,Zoom
1444,Slack
1444,Zoom
1447,Slack
1447,Zoom
1449,Microsoft Teams
1451,Slack
1451,Zoom
1454,Slack
1454,Zoom
1457,Slack
1458,Slack
1458,Zoom
1459,Google Chat
1459,Zoom
1462,Microsoft Teams
1462,Slack
1464,Microsoft Teams
1465,Microsoft Teams
1466,Zoom
1467,Google Chat
1467,Slack
1471,Slack
1471,Zoom
1472,Slack
1472,Zoom
1475,Slack
1475,Zoom
1476,Slack
1477,Google Chat
1477,Slack
1478,Slack
1479,Microsoft Teams
1480,Microsoft Teams
1481,Google Chat
1481,Slack
1482,Google Chat
1484,Slack
1485,Slack
1488,Google Chat
1488,Microsoft Teams
1489,Slack
1494,Cisco Webex Teams
1494,Google Chat
1494,Slack
1494,Zoom
1496,Rocketchat
1496,Wire
1500,Slack
1501,Slack
1502,Google Chat
1503,Google Chat
1503,Microsoft Teams
1508,Cisco Webex Teams
1508,Slack
1509,Mattermost
1511,Mattermost
1515,Zoom
1516,Microsoft Teams
1516,Slack
1519,Slack
1520,Microsoft Teams
1521,Google Chat
1523,Google Chat
1524,Slack
1526,Google Chat
1526,Zoom
1528,Cisco Webex Teams
1528,Zoom
1529,Slack
1529,Zoom
1530,Google Chat
1532,Slack
1534,Slack
1535,Slack
1537,Slack
1538,Microsoft Teams
1539,Zoom
1540,Slack
1541,Google Chat
1541,Slack
1541,Zoom
1543,Google Chat
1543,Slack
1544,Slack
1544,Zoom
1545,Slack
1548,Microsoft Teams
1549,Microsoft Teams
1549,Slack
1550,Microsoft Teams
1552,Cisco Webex Teams
1552,Slack
1553,Microsoft Teams
1555,Slack
1557,Microsoft Teams
1557,Zoom
1559,Slack
1560,Microsoft Teams
1560,Slack
1561,Zoom
1566,Microsoft Teams
1566,Slack
1567,Slack
1568,Slack
1569,Microsoft Teams
1569,Slack
1570,Microsoft Teams
1571,Slack
1572,Cisco Webex Teams
1572,Slack
1573,Google Chat
1574,Microsoft Teams
1574,Zoom
1576,Google Chat
1576,Slack
1577,Zoom
1578,Cisco Webex Teams
1578,Slack
1579,Google Chat
1579,Microsoft Teams
1580,Microsoft Teams
1583,Zoom
1585,Microsoft Teams
1586,Slack
1587,Slack
1587,Zoom
1588,Slack
1589,Slack
1590,Slack
1591,Slack
1592,Slack
1595,Zoom
1597,Microsoft Teams
1599,Slack
1599,Zoom
1600,Microsoft Teams
1601,Slack
1602,Slack
1604,Mattermost
1606,Slack
