ResponseId,PlatformWantToWorkWith
4,Firebase
4,Microsoft Azure
7,Digital Ocean
7,Firebase
7,Microsoft Azure
7,VMware
9,Digital Ocean
9,Firebase
10,Microsoft Azure
11,AWS
11,Digital Ocean
11,Firebase
11,Linode
12,AWS
14,AWS
15,AWS
15,Firebase
15,Google Cloud
15,Heroku
16,AWS
17,AWS
17,Google Cloud
21,Google Cloud
21,OVH
21,VMware
24,AWS
25,AWS
25,Microsoft Azure
26,AWS
32,Google Cloud
32,OVH
32,VMware
36,AWS
36,Google Cloud
36,Linode
36,Microsoft Azure
37,AWS
37,Heroku
37,Linode
39,VMware
41,AWS
42,AWS
42,Heroku
42,Microsoft Azure
51,AWS
52,AWS
52,Google Cloud
53,AWS
54,AWS
54,Google Cloud
54,Linode
54,Microsoft Azure
55,Microsoft Azure
57,Microsoft Azure
60,AWS
61,AWS
61,Firebase
61,Google Cloud
61,Linode
61,OpenStack
62,OVH
66,AWS
67,AWS
67,Firebase
67,Google Cloud
67,Microsoft Azure
67,VMware
69,AWS
69,Google Cloud
70,AWS
71,AWS
71,Google Cloud
72,AWS
72,Google Cloud
73,AWS
73,Google Cloud
76,Microsoft Azure
79,AWS
80,Microsoft Azure
80,VMware
83,AWS
83,Microsoft Azure
87,AWS
87,Firebase
87,Google Cloud
87,Microsoft Azure
93,Google Cloud
96,Google Cloud
96,Heroku
97,AWS
97,Firebase
97,Google Cloud
97,Microsoft Azure
102,Microsoft Azure
104,AWS
104,Firebase
104,Google Cloud
104,Microsoft Azure
105,AWS
106,AWS
106,Digital Ocean
106,Firebase
109,AWS
109,Digital Ocean
109,Linode
110,Firebase
110,Heroku
111,AWS
111,Microsoft Azure
113,AWS
113,Google Cloud
113,Managed Hosting
113,Microsoft Azure
113,OpenStack
113,VMware
114,AWS
114,Digital Ocean
114,Firebase
114,Google Cloud
115,AWS
116,AWS
117,Microsoft Azure
118,AWS
118,Firebase
118,Microsoft Azure
119,AWS
119,Microsoft Azure
121,Google Cloud
122,AWS
122,Firebase
122,Heroku
122,Linode
122,Microsoft Azure
123,Firebase
124,AWS
124,Google Cloud
126,AWS
126,Google Cloud
126,Microsoft Azure
127,AWS
127,Google Cloud
127,Microsoft Azure
131,AWS
131,Google Cloud
133,AWS
133,Managed Hosting
139,AWS
139,Google Cloud
141,Microsoft Azure
142,AWS
151,Oracle Cloud Infrastructure
152,AWS
152,Digital Ocean
152,Firebase
152,Google Cloud
152,Heroku
153,AWS
154,AWS
154,Firebase
154,Google Cloud
154,Microsoft Azure
156,Microsoft Azure
158,AWS
161,AWS
163,AWS
164,Digital Ocean
164,Microsoft Azure
166,OVH
167,AWS
168,Firebase
170,AWS
172,AWS
173,AWS
173,Google Cloud
173,Heroku
175,Microsoft Azure
175,VMware
177,AWS
177,Google Cloud
177,Microsoft Azure
178,OpenStack
179,AWS
179,Digital Ocean
179,Linode
180,Microsoft Azure
181,AWS
181,Google Cloud
181,Microsoft Azure
182,Google Cloud
182,Oracle Cloud Infrastructure
183,AWS
183,Google Cloud
187,Microsoft Azure
188,AWS
189,AWS
191,Linode
191,Microsoft Azure
192,AWS
192,Digital Ocean
193,Microsoft Azure
194,AWS
194,Google Cloud
194,Microsoft Azure
195,Digital Ocean
195,OpenStack
196,AWS
199,AWS
199,Digital Ocean
200,Microsoft Azure
201,AWS
202,AWS
202,Firebase
202,Google Cloud
202,Microsoft Azure
206,AWS
209,AWS
210,AWS
212,AWS
212,Google Cloud
212,Microsoft Azure
217,AWS
217,Google Cloud
217,Microsoft Azure
218,Google Cloud
218,Managed Hosting
218,Microsoft Azure
218,OVH
218,VMware
219,AWS
219,Linode
221,AWS
221,Google Cloud
221,Microsoft Azure
222,Microsoft Azure
223,AWS
226,AWS
226,Google Cloud
226,Microsoft Azure
228,AWS
228,Microsoft Azure
232,AWS
232,Google Cloud
234,AWS
234,Microsoft Azure
235,AWS
235,Google Cloud
235,Microsoft Azure
235,OpenStack
236,AWS
236,Microsoft Azure
237,Google Cloud
239,Linode
245,Managed Hosting
246,Linode
247,Microsoft Azure
248,AWS
248,Google Cloud
248,Microsoft Azure
250,Managed Hosting
253,AWS
254,AWS
254,Google Cloud
256,AWS
256,Google Cloud
257,AWS
257,Digital Ocean
259,AWS
260,Google Cloud
260,Microsoft Azure
265,AWS
266,Microsoft Azure
267,AWS
268,AWS
268,Heroku
268,Oracle Cloud Infrastructure
269,AWS
269,Google Cloud
271,AWS
271,OVH
273,AWS
273,Google Cloud
273,Microsoft Azure
273,OpenStack
273,VMware
274,AWS
275,AWS
275,Google Cloud
275,Heroku
276,AWS
276,OVH
277,Google Cloud
277,VMware
278,AWS
278,Microsoft Azure
279,Microsoft Azure
280,Digital Ocean
280,Heroku
281,AWS
281,Digital Ocean
281,Microsoft Azure
283,Heroku
285,AWS
285,Microsoft Azure
287,AWS
292,AWS
292,Digital Ocean
297,AWS
297,Google Cloud
298,Microsoft Azure
299,AWS
299,Microsoft Azure
300,Digital Ocean
300,Google Cloud
301,AWS
301,Firebase
302,Google Cloud
304,AWS
305,AWS
305,Digital Ocean
305,Microsoft Azure
306,AWS
307,AWS
307,Google Cloud
307,Microsoft Azure
308,AWS
308,Firebase
308,Google Cloud
311,AWS
311,Microsoft Azure
313,AWS
313,Microsoft Azure
315,AWS
315,Google Cloud
315,Microsoft Azure
316,AWS
316,Digital Ocean
318,Firebase
318,Google Cloud
320,Firebase
321,Firebase
321,Google Cloud
322,IBM Cloud Or Watson
325,AWS
325,Digital Ocean
326,Microsoft Azure
328,Firebase
328,Microsoft Azure
331,Microsoft Azure
336,AWS
336,Firebase
336,Google Cloud
336,Heroku
338,AWS
339,Google Cloud
340,Microsoft Azure
341,OVH
342,Microsoft Azure
343,AWS
345,AWS
345,Google Cloud
345,Microsoft Azure
346,AWS
347,AWS
347,Digital Ocean
347,Google Cloud
353,Google Cloud
354,Google Cloud
358,Digital Ocean
358,Firebase
360,Linode
360,Microsoft Azure
363,AWS
365,Linode
365,Microsoft Azure
366,AWS
366,Google Cloud
366,Microsoft Azure
370,Colocation
370,VMware
373,AWS
378,Digital Ocean
381,AWS
381,Microsoft Azure
385,AWS
386,AWS
387,AWS
388,AWS
390,AWS
390,Google Cloud
390,Microsoft Azure
391,Google Cloud
391,Microsoft Azure
393,Microsoft Azure
395,AWS
395,Google Cloud
395,OVH
396,AWS
396,Digital Ocean
396,Heroku
396,IBM Cloud Or Watson
397,Microsoft Azure
398,Oracle Cloud Infrastructure
399,AWS
399,Digital Ocean
399,Google Cloud
399,Managed Hosting
401,AWS
401,Google Cloud
402,Firebase
403,AWS
406,AWS
408,Heroku
410,Heroku
413,AWS
413,Google Cloud
414,AWS
415,AWS
415,OVH
418,AWS
421,AWS
421,Google Cloud
421,Heroku
421,Managed Hosting
422,AWS
422,Linode
423,Heroku
426,Google Cloud
427,AWS
427,Digital Ocean
427,Google Cloud
428,AWS
428,Firebase
428,Google Cloud
428,OVH
429,Digital Ocean
429,Google Cloud
430,OVH
432,AWS
439,Google Cloud
439,Microsoft Azure
440,Microsoft Azure
443,Microsoft Azure
446,VMware
447,AWS
448,AWS
448,Google Cloud
448,Microsoft Azure
448,OpenStack
448,VMware
449,AWS
449,Google Cloud
453,AWS
453,Digital Ocean
453,Microsoft Azure
453,VMware
454,AWS
454,Microsoft Azure
455,Digital Ocean
457,AWS
457,Google Cloud
457,Microsoft Azure
457,Oracle Cloud Infrastructure
458,Google Cloud
460,AWS
460,Microsoft Azure
465,AWS
465,Google Cloud
465,Microsoft Azure
468,Microsoft Azure
470,Linode
470,Microsoft Azure
472,AWS
472,Digital Ocean
475,AWS
475,Microsoft Azure
476,AWS
476,Digital Ocean
476,Firebase
476,Google Cloud
476,Heroku
476,Linode
483,AWS
484,AWS
485,Microsoft Azure
485,Oracle Cloud Infrastructure
486,AWS
486,Digital Ocean
486,Heroku
487,Digital Ocean
487,Heroku
488,Digital Ocean
489,AWS
489,Managed Hosting
490,AWS
492,AWS
493,Microsoft Azure
496,AWS
497,AWS
497,Google Cloud
500,AWS
500,Digital Ocean
501,Microsoft Azure
503,AWS
503,Digital Ocean
503,Firebase
505,AWS
505,Google Cloud
505,Managed Hosting
505,Microsoft Azure
508,Linode
508,Microsoft Azure
510,Microsoft Azure
511,AWS
511,Linode
512,AWS
514,AWS
514,Google Cloud
515,Digital Ocean
519,AWS
522,Microsoft Azure
523,Digital Ocean
525,Google Cloud
525,Microsoft Azure
526,AWS
526,Digital Ocean
526,Linode
527,AWS
529,Managed Hosting
529,OpenStack
530,Managed Hosting
531,Microsoft Azure
533,Heroku
536,AWS
536,Digital Ocean
538,AWS
538,Google Cloud
538,OpenStack
539,Google Cloud
541,AWS
543,AWS
543,Google Cloud
545,Google Cloud
545,Microsoft Azure
548,Linode
549,Microsoft Azure
549,OpenStack
551,AWS
551,Managed Hosting
552,Firebase
553,Microsoft Azure
554,AWS
554,Firebase
558,Microsoft Azure
562,Google Cloud
563,OpenStack
564,AWS
564,Google Cloud
564,Microsoft Azure
565,AWS
566,Oracle Cloud Infrastructure
568,OVH
570,AWS
570,Digital Ocean
572,OVH
572,Oracle Cloud Infrastructure
573,AWS
573,Managed Hosting
574,AWS
577,AWS
577,Google Cloud
578,Google Cloud
579,AWS
579,Oracle Cloud Infrastructure
580,AWS
580,Google Cloud
580,Microsoft Azure
583,AWS
584,Digital Ocean
586,AWS
587,Firebase
590,AWS
590,Firebase
590,Heroku
590,Microsoft Azure
591,AWS
593,Firebase
593,Google Cloud
594,Microsoft Azure
595,AWS
595,VMware
596,Google Cloud
598,AWS
598,Firebase
598,Google Cloud
598,Microsoft Azure
599,AWS
599,Firebase
599,VMware
601,Digital Ocean
601,Linode
602,AWS
602,Digital Ocean
602,Linode
605,AWS
605,Firebase
605,Google Cloud
606,AWS
608,AWS
608,Heroku
611,Microsoft Azure
612,Google Cloud
613,OVH
614,Digital Ocean
614,OVH
615,AWS
616,AWS
616,Google Cloud
617,Microsoft Azure
618,Microsoft Azure
619,AWS
621,Microsoft Azure
622,AWS
623,Microsoft Azure
625,AWS
625,Microsoft Azure
630,AWS
630,Google Cloud
631,AWS
631,Google Cloud
631,Microsoft Azure
634,Microsoft Azure
635,Managed Hosting
636,AWS
636,Firebase
636,Microsoft Azure
642,AWS
645,Heroku
646,Digital Ocean
647,Google Cloud
647,Managed Hosting
649,Linode
652,Managed Hosting
653,OVH
653,OpenStack
654,AWS
654,Digital Ocean
654,Google Cloud
654,Microsoft Azure
655,AWS
655,Digital Ocean
655,Google Cloud
659,AWS
659,Digital Ocean
660,AWS
662,Microsoft Azure
663,Microsoft Azure
664,Google Cloud
665,AWS
667,Microsoft Azure
672,Digital Ocean
674,AWS
674,Google Cloud
674,Microsoft Azure
674,VMware
675,AWS
675,Firebase
675,Heroku
678,AWS
679,AWS
679,Managed Hosting
680,Digital Ocean
680,Linode
682,AWS
682,Digital Ocean
682,Firebase
684,AWS
684,Digital Ocean
684,Google Cloud
686,Microsoft Azure
691,AWS
691,VMware
695,AWS
695,Google Cloud
695,OpenStack
695,Oracle Cloud Infrastructure
699,AWS
699,Google Cloud
704,AWS
706,AWS
706,Google Cloud
706,Microsoft Azure
706,VMware
708,AWS
709,AWS
709,Google Cloud
709,Microsoft Azure
711,Digital Ocean
716,Managed Hosting
717,AWS
717,Google Cloud
717,Microsoft Azure
719,Microsoft Azure
721,AWS
721,Google Cloud
721,Managed Hosting
721,Microsoft Azure
722,OVH
723,AWS
723,Firebase
726,AWS
726,Colocation
727,AWS
727,Microsoft Azure
728,OVH
729,AWS
730,AWS
732,AWS
734,Google Cloud
738,AWS
738,Digital Ocean
738,Firebase
738,Heroku
739,Microsoft Azure
740,AWS
740,Digital Ocean
740,Google Cloud
743,AWS
743,Digital Ocean
743,IBM Cloud Or Watson
743,Linode
743,Microsoft Azure
743,VMware
744,Digital Ocean
745,Digital Ocean
747,AWS
748,Digital Ocean
748,Firebase
749,AWS
749,Microsoft Azure
751,AWS
752,AWS
752,Google Cloud
752,Microsoft Azure
752,VMware
755,Digital Ocean
758,Colocation
759,AWS
760,Microsoft Azure
761,Digital Ocean
763,Digital Ocean
763,OpenStack
764,AWS
767,AWS
768,AWS
768,Google Cloud
768,Heroku
770,AWS
771,AWS
772,Google Cloud
773,Google Cloud
775,AWS
775,Microsoft Azure
776,Digital Ocean
780,Microsoft Azure
784,AWS
784,Google Cloud
786,AWS
787,Google Cloud
788,AWS
788,Linode
790,AWS
790,Google Cloud
791,AWS
791,Digital Ocean
791,Google Cloud
791,Heroku
791,Linode
791,Microsoft Azure
791,Oracle Cloud Infrastructure
792,Google Cloud
795,AWS
795,Heroku
797,AWS
802,AWS
808,AWS
809,AWS
809,Digital Ocean
810,AWS
810,Google Cloud
810,Managed Hosting
811,Microsoft Azure
812,AWS
814,AWS
816,Digital Ocean
818,AWS
818,Firebase
818,Heroku
819,Firebase
820,AWS
822,AWS
826,AWS
827,AWS
828,AWS
830,Colocation
830,Digital Ocean
830,Google Cloud
830,OpenStack
834,AWS
834,Digital Ocean
835,Digital Ocean
838,AWS
839,AWS
840,Google Cloud
841,AWS
841,Digital Ocean
842,Digital Ocean
843,AWS
844,AWS
845,Microsoft Azure
845,OpenStack
846,Microsoft Azure
847,Firebase
849,AWS
849,OpenStack
851,AWS
852,AWS
853,AWS
853,Microsoft Azure
854,Microsoft Azure
854,OVH
855,AWS
857,AWS
859,Digital Ocean
860,AWS
860,Google Cloud
862,Linode
862,OVH
865,AWS
871,AWS
873,AWS
874,Digital Ocean
878,AWS
879,Digital Ocean
879,Google Cloud
880,Linode
882,AWS
883,AWS
883,Digital Ocean
884,AWS
884,Google Cloud
890,Google Cloud
891,AWS
896,Digital Ocean
896,Google Cloud
904,Linode
905,Google Cloud
913,AWS
915,AWS
915,Google Cloud
915,Microsoft Azure
916,AWS
916,Linode
916,VMware
919,Digital Ocean
920,Microsoft Azure
924,Digital Ocean
929,AWS
930,Google Cloud
932,AWS
932,Digital Ocean
935,AWS
936,Microsoft Azure
938,Managed Hosting
939,Firebase
941,AWS
941,Colocation
941,Google Cloud
941,Managed Hosting
942,Digital Ocean
942,Microsoft Azure
945,Digital Ocean
945,Microsoft Azure
946,AWS
946,Heroku
946,Microsoft Azure
948,Microsoft Azure
949,AWS
949,Google Cloud
949,Microsoft Azure
950,AWS
950,Google Cloud
953,Google Cloud
956,AWS
959,AWS
961,AWS
962,AWS
964,Digital Ocean
964,Firebase
964,Google Cloud
964,Heroku
965,Linode
966,Microsoft Azure
969,AWS
969,Managed Hosting
970,Microsoft Azure
971,Digital Ocean
972,Google Cloud
972,Heroku
975,Firebase
977,AWS
977,Microsoft Azure
977,OVH
979,AWS
980,Heroku
980,Microsoft Azure
984,Digital Ocean
985,AWS
985,Google Cloud
986,AWS
986,Digital Ocean
987,Microsoft Azure
988,AWS
989,AWS
990,Microsoft Azure
991,Digital Ocean
991,Heroku
992,AWS
992,OVH
996,Digital Ocean
997,Microsoft Azure
1000,Google Cloud
1000,Microsoft Azure
1002,AWS
1002,Digital Ocean
1002,Google Cloud
1002,Managed Hosting
1002,Microsoft Azure
1002,OVH
1002,VMware
1005,AWS
1006,AWS
1006,Microsoft Azure
1007,AWS
1007,Digital Ocean
1007,Google Cloud
1007,Heroku
1008,AWS
1008,Firebase
1008,Google Cloud
1009,Google Cloud
1014,Firebase
1015,Microsoft Azure
1017,Digital Ocean
1017,Google Cloud
1019,Digital Ocean
1019,Firebase
1019,Google Cloud
1019,Linode
1020,Digital Ocean
1021,AWS
1021,Firebase
1021,Microsoft Azure
1022,AWS
1022,Firebase
1024,AWS
1025,Microsoft Azure
1026,AWS
1026,Firebase
1026,Google Cloud
1026,Heroku
1027,OVH
1028,AWS
1028,Digital Ocean
1029,Colocation
1029,Linode
1029,Managed Hosting
1030,AWS
1031,Firebase
1033,AWS
1033,Microsoft Azure
1034,AWS
1034,Firebase
1036,AWS
1036,Firebase
1036,Microsoft Azure
1036,OpenStack
1037,AWS
1041,AWS
1041,Linode
1041,Microsoft Azure
1043,AWS
1043,Digital Ocean
1043,Firebase
1044,Google Cloud
1046,AWS
1050,AWS
1052,AWS
1054,Heroku
1057,Microsoft Azure
1057,VMware
1058,AWS
1060,AWS
1060,Digital Ocean
1060,Google Cloud
1061,AWS
1061,Linode
1062,AWS
1062,Google Cloud
1064,AWS
1064,Firebase
1071,AWS
1073,Google Cloud
1078,AWS
1079,AWS
1081,Microsoft Azure
1083,AWS
1083,Firebase
1083,Microsoft Azure
1088,AWS
1092,Firebase
1098,AWS
1100,AWS
1100,Firebase
1100,Google Cloud
1101,Heroku
1102,AWS
1108,AWS
1109,Digital Ocean
1109,Google Cloud
1109,Linode
1110,OVH
1113,AWS
1113,Digital Ocean
1115,Colocation
1115,Digital Ocean
1115,Google Cloud
1116,OVH
1118,VMware
1124,AWS
1124,Microsoft Azure
1126,AWS
1126,Linode
1126,OVH
1129,AWS
1130,AWS
1130,Google Cloud
1130,Microsoft Azure
1130,VMware
1135,Microsoft Azure
1135,Oracle Cloud Infrastructure
1138,AWS
1138,Heroku
1139,AWS
1139,Google Cloud
1139,VMware
1143,Digital Ocean
1143,Linode
1143,Microsoft Azure
1144,AWS
1149,Microsoft Azure
1154,AWS
1154,Digital Ocean
1155,Microsoft Azure
1157,AWS
1158,Digital Ocean
1159,AWS
1162,AWS
1166,Google Cloud
1168,AWS
1172,AWS
1173,AWS
1173,Firebase
1173,Google Cloud
1173,Linode
1173,Microsoft Azure
1174,Digital Ocean
1174,Microsoft Azure
1178,AWS
1179,Linode
1181,Microsoft Azure
1182,AWS
1184,AWS
1184,Google Cloud
1184,Microsoft Azure
1184,OpenStack
1189,AWS
1189,Microsoft Azure
1191,AWS
1193,AWS
1194,Managed Hosting
1196,AWS
1196,Linode
1197,AWS
1202,Google Cloud
1206,Firebase
1207,AWS
1214,Digital Ocean
1215,AWS
1216,Digital Ocean
1218,Microsoft Azure
1219,Firebase
1219,Google Cloud
1219,Microsoft Azure
1220,Google Cloud
1221,AWS
1224,AWS
1224,Digital Ocean
1226,Google Cloud
1228,Microsoft Azure
1228,VMware
1229,Microsoft Azure
1232,AWS
1234,AWS
1234,Google Cloud
1234,Microsoft Azure
1236,Managed Hosting
1238,AWS
1238,Digital Ocean
1241,AWS
1241,Google Cloud
1241,Managed Hosting
1241,Microsoft Azure
1241,VMware
1245,Digital Ocean
1245,Google Cloud
1245,Heroku
1245,Linode
1246,AWS
1247,AWS
1250,Digital Ocean
1252,Microsoft Azure
1253,Firebase
1254,Google Cloud
1256,Digital Ocean
1257,AWS
1257,Microsoft Azure
1258,AWS
1259,Digital Ocean
1261,Google Cloud
1262,Digital Ocean
1263,Microsoft Azure
1264,Colocation
1264,Linode
1266,AWS
1266,Heroku
1268,OVH
1269,AWS
1270,AWS
1274,AWS
1275,AWS
1275,Heroku
1277,AWS
1278,Digital Ocean
1278,Google Cloud
1278,Microsoft Azure
1280,Google Cloud
1283,AWS
1284,AWS
1285,AWS
1287,Microsoft Azure
1290,Microsoft Azure
1293,Digital Ocean
1293,Firebase
1294,OpenStack
1296,AWS
1298,AWS
1299,Microsoft Azure
1304,Heroku
1304,Microsoft Azure
1306,AWS
1306,Firebase
1306,OVH
1310,AWS
1311,Firebase
1311,Google Cloud
1312,AWS
1312,Digital Ocean
1313,AWS
1318,Microsoft Azure
1319,AWS
1319,Google Cloud
1321,AWS
1321,Colocation
1322,AWS
1323,AWS
1324,Firebase
1324,Google Cloud
1324,Heroku
1327,AWS
1327,Google Cloud
1327,VMware
1328,Digital Ocean
1328,IBM Cloud Or Watson
1328,Microsoft Azure
1330,AWS
1330,Digital Ocean
1330,Linode
1332,AWS
1332,Microsoft Azure
1335,AWS
1340,AWS
1341,AWS
1341,Heroku
1343,AWS
1343,Google Cloud
1343,Managed Hosting
1343,Microsoft Azure
1344,Digital Ocean
1344,Firebase
1344,Linode
1346,AWS
1349,AWS
1351,Colocation
1351,Digital Ocean
1352,Google Cloud
1352,Microsoft Azure
1355,AWS
1355,Microsoft Azure
1357,Heroku
1358,Digital Ocean
1359,AWS
1359,Heroku
1360,AWS
1361,Digital Ocean
1363,AWS
1364,AWS
1365,AWS
1365,Heroku
1365,Linode
1367,AWS
1367,Google Cloud
1368,Digital Ocean
1368,Linode
1370,Microsoft Azure
1374,AWS
1377,AWS
1377,Firebase
1377,Google Cloud
1377,IBM Cloud Or Watson
1377,Microsoft Azure
1377,Oracle Cloud Infrastructure
1378,AWS
1379,AWS
1379,Colocation
1381,AWS
1381,Heroku
1383,Digital Ocean
1384,AWS
1385,AWS
1385,Firebase
1389,AWS
1389,Digital Ocean
1389,Firebase
1389,Heroku
1389,Linode
1390,AWS
1390,Firebase
1393,Linode
1396,AWS
1396,Linode
1398,Google Cloud
1401,AWS
1401,Digital Ocean
1401,Google Cloud
1406,Managed Hosting
1406,OVH
1407,AWS
1407,Digital Ocean
1407,Firebase
1414,AWS
1415,Heroku
1420,AWS
1430,AWS
1433,Managed Hosting
1436,Heroku
1438,AWS
1438,Firebase
1438,Google Cloud
1438,Microsoft Azure
1439,Google Cloud
1442,AWS
1443,Colocation
1443,VMware
1444,Managed Hosting
1445,Microsoft Azure
1446,Microsoft Azure
1447,Digital Ocean
1448,OpenStack
1455,AWS
1459,Firebase
1459,Heroku
1462,Google Cloud
1464,Microsoft Azure
1467,AWS
1467,Firebase
1467,Google Cloud
1472,Heroku
1472,Microsoft Azure
1473,Colocation
1473,Managed Hosting
1477,Digital Ocean
1478,Digital Ocean
1479,AWS
1479,Linode
1479,OVH
1482,Firebase
1482,Google Cloud
1484,AWS
1485,AWS
1486,AWS
1486,Heroku
1488,AWS
1488,Microsoft Azure
1489,AWS
1489,Colocation
1490,Linode
1494,AWS
1494,Google Cloud
1494,IBM Cloud Or Watson
1494,Managed Hosting
1494,Microsoft Azure
1500,Oracle Cloud Infrastructure
1501,AWS
1503,AWS
1508,AWS
1508,IBM Cloud Or Watson
1511,Digital Ocean
1511,Heroku
1513,Microsoft Azure
1514,Digital Ocean
1514,Microsoft Azure
1515,AWS
1516,VMware
1519,AWS
1519,Colocation
1520,AWS
1520,Google Cloud
1520,Microsoft Azure
1521,Google Cloud
1522,AWS
1523,Firebase
1523,Heroku
1524,Microsoft Azure
1525,AWS
1526,AWS
1526,Firebase
1526,Google Cloud
1526,OpenStack
1528,Linode
1528,Microsoft Azure
1528,OpenStack
1528,VMware
1529,AWS
1530,Google Cloud
1531,Heroku
1533,AWS
1533,Digital Ocean
1533,Google Cloud
1533,Heroku
1533,Linode
1533,OVH
1533,OpenStack
1535,AWS
1539,Firebase
1539,Heroku
1540,Google Cloud
1542,Digital Ocean
1543,AWS
1544,AWS
1545,Digital Ocean
1546,AWS
1548,AWS
1548,Microsoft Azure
1549,Heroku
1550,AWS
1552,AWS
1553,AWS
1553,Digital Ocean
1553,Google Cloud
1553,Microsoft Azure
1553,OVH
1555,Firebase
1555,Google Cloud
1556,AWS
1557,Microsoft Azure
1558,Microsoft Azure
1558,VMware
1559,AWS
1560,Digital Ocean
1560,Microsoft Azure
1560,OVH
1561,Microsoft Azure
1564,AWS
1566,Microsoft Azure
1571,Digital Ocean
1571,Firebase
1571,Google Cloud
1572,AWS
1572,Heroku
1573,Google Cloud
1579,AWS
1579,Managed Hosting
1582,Linode
1583,AWS
1583,Colocation
1586,Linode
1587,AWS
1587,Heroku
1588,AWS
1588,Digital Ocean
1589,Microsoft Azure
1591,AWS
1592,AWS
1596,Digital Ocean
1596,Oracle Cloud Infrastructure
1599,AWS
1599,Heroku
1599,Microsoft Azure
1601,AWS
1604,AWS
1604,Colocation
1604,Digital Ocean
1604,Managed Hosting
1604,Microsoft Azure
1604,OpenStack
1604,Oracle Cloud Infrastructure
1606,AWS
1606,Digital Ocean
1606,Google Cloud
1606,Heroku
1610,AWS
1610,Digital Ocean
1610,Firebase
1610,Google Cloud
1611,AWS
1612,AWS
1612,Firebase
1612,Google Cloud
1613,Digital Ocean
1615,Microsoft Azure
1617,Google Cloud
1617,IBM Cloud Or Watson
1617,Microsoft Azure
1617,Oracle Cloud Infrastructure
1619,Digital Ocean
1623,Microsoft Azure
1626,IBM Cloud Or Watson
1627,Microsoft Azure
1629,AWS
1629,Google Cloud
1633,AWS
1635,AWS
1635,Heroku
1636,Digital Ocean
1636,Firebase
1640,AWS
1640,Google Cloud
1642,AWS
1642,Google Cloud
1642,Microsoft Azure
1645,Digital Ocean
1645,Firebase
1645,Google Cloud
1646,AWS
1646,Digital Ocean
1646,Heroku
1646,Microsoft Azure
1648,AWS
1649,Firebase
1650,AWS
1652,Digital Ocean
1652,Microsoft Azure
1652,OVH
1655,AWS
1659,Linode
1666,Digital Ocean
1666,Microsoft Azure
1667,AWS
1668,Digital Ocean
1668,OVH
1669,AWS
1671,AWS
1672,Digital Ocean
1673,AWS
1673,Google Cloud
1675,Microsoft Azure
1677,Firebase
1681,AWS
1681,Digital Ocean
1682,AWS
1683,AWS
1685,AWS
1685,Google Cloud
1687,Heroku
1687,Linode
1690,AWS
1690,Google Cloud
1691,OVH
1694,AWS
1696,OVH
1697,Digital Ocean
1699,Google Cloud
1699,Microsoft Azure
1700,Digital Ocean
1700,Google Cloud
1702,Digital Ocean
1702,Firebase
1703,AWS
1704,AWS
1709,Microsoft Azure
1710,Digital Ocean
1710,Linode
1711,AWS
1711,Digital Ocean
1712,AWS
1712,OVH
1714,AWS
1717,AWS
1719,AWS
1720,AWS
1720,Google Cloud
1720,Microsoft Azure
1721,AWS
1724,AWS
1725,Google Cloud
1725,Microsoft Azure
1726,Microsoft Azure
1727,Microsoft Azure
1728,AWS
1728,Linode
1733,AWS
1734,AWS
1734,Google Cloud
1735,AWS
1737,Digital Ocean
1743,AWS
1743,Google Cloud
1743,OpenStack
1746,AWS
1746,Heroku
1748,AWS
1749,Heroku
1751,Digital Ocean
1752,AWS
1752,Digital Ocean
1752,Firebase
1752,Google Cloud
1752,Heroku
1752,Linode
1752,Microsoft Azure
1752,VMware
1754,OVH
1757,AWS
1757,VMware
1758,AWS
1758,Digital Ocean
1758,Managed Hosting
1758,Microsoft Azure
1759,Google Cloud
1759,Microsoft Azure
1760,AWS
1760,Google Cloud
1762,Google Cloud
1763,Linode
1765,AWS
1765,Digital Ocean
1766,Google Cloud
1767,Google Cloud
1767,Managed Hosting
1768,AWS
1768,Microsoft Azure
1770,Digital Ocean
1770,Managed Hosting
1771,AWS
1772,AWS
1772,Google Cloud
1772,Heroku
1772,Microsoft Azure
1776,Firebase
1776,Heroku
1776,Linode
1776,Microsoft Azure
1779,Colocation
1779,Digital Ocean
1779,Firebase
1779,Google Cloud
1779,IBM Cloud Or Watson
1779,Linode
1779,Managed Hosting
1779,Microsoft Azure
1779,OVH
1779,OpenStack
1779,Oracle Cloud Infrastructure
1779,VMware
1781,Digital Ocean
1781,Firebase
1781,Google Cloud
1783,AWS
1784,AWS
1785,AWS
1785,Digital Ocean
1785,Google Cloud
1786,AWS
1786,Google Cloud
1788,AWS
1789,AWS
1789,Digital Ocean
1789,Google Cloud
1791,AWS
1791,Firebase
1791,Heroku
1791,Linode
1794,Microsoft Azure
1795,AWS
1795,Linode
1795,Microsoft Azure
1795,VMware
1797,Digital Ocean
1797,Oracle Cloud Infrastructure
1798,AWS
1799,Firebase
1799,Google Cloud
1800,Google Cloud
1800,Microsoft Azure
1804,AWS
1804,Digital Ocean
1804,Google Cloud
1804,Microsoft Azure
1807,AWS
1807,Google Cloud
1810,AWS
1810,VMware
1812,AWS
1812,Digital Ocean
1812,Firebase
1812,Google Cloud
1812,Heroku
1814,AWS
1814,Google Cloud
1816,AWS
1818,AWS
1822,Digital Ocean
1823,Linode
1824,Google Cloud
1825,AWS
1825,Linode
1827,AWS
1828,OVH
1831,OVH
1832,Firebase
1833,AWS
1833,Google Cloud
1834,Digital Ocean
1834,Linode
1835,Linode
1836,AWS
1836,Managed Hosting
1836,Microsoft Azure
1837,Linode
1838,AWS
1838,Google Cloud
1839,AWS
1840,AWS
1848,AWS
1849,AWS
1849,Heroku
1850,Digital Ocean
1850,Heroku
1852,AWS
1853,Digital Ocean
1853,Google Cloud
1854,AWS
1855,AWS
1855,Firebase
1855,Google Cloud
1858,AWS
1858,Google Cloud
1858,Microsoft Azure
1858,OpenStack
1860,AWS
1862,AWS
1863,Google Cloud
1863,Microsoft Azure
1864,AWS
1865,Firebase
1866,VMware
1869,AWS
1869,Google Cloud
1870,Google Cloud
1870,Microsoft Azure
1871,Microsoft Azure
1874,Microsoft Azure
1877,Digital Ocean
1879,AWS
1879,Firebase
1882,AWS
1882,IBM Cloud Or Watson
1882,Microsoft Azure
1886,Linode
1888,AWS
1888,Colocation
1888,Managed Hosting
1889,AWS
1889,Digital Ocean
1891,AWS
1893,AWS
1893,Google Cloud
1894,AWS
1898,Firebase
1898,Heroku
1898,Microsoft Azure
1899,Microsoft Azure
1900,AWS
1900,Google Cloud
1901,Linode
1902,AWS
1907,Microsoft Azure
1910,AWS
1911,Microsoft Azure
1915,AWS
1915,Microsoft Azure
1915,VMware
1916,AWS
1916,OVH
1917,AWS
1917,Microsoft Azure
1922,Microsoft Azure
1925,AWS
1925,Google Cloud
1927,Managed Hosting
1930,AWS
1930,Google Cloud
1930,Microsoft Azure
1931,AWS
1931,Firebase
1931,Google Cloud
1931,Microsoft Azure
1933,AWS
1933,Firebase
1934,AWS
1934,Digital Ocean
1935,AWS
1935,Google Cloud
1935,Managed Hosting
1937,AWS
1937,Firebase
1937,Google Cloud
1937,Heroku
1937,Microsoft Azure
1939,AWS
1940,AWS
1940,Heroku
1942,AWS
1942,Digital Ocean
1942,Google Cloud
1942,Microsoft Azure
1944,AWS
1944,Digital Ocean
1944,Linode
1947,AWS
1949,AWS
1951,Linode
1955,AWS
1955,Colocation
1956,AWS
1956,Google Cloud
1957,Microsoft Azure
1961,Colocation
1962,Microsoft Azure
1963,AWS
1963,Digital Ocean
1963,Firebase
1963,Google Cloud
1963,Microsoft Azure
1967,AWS
1967,Google Cloud
1970,Microsoft Azure
