ResponseId,ToolsTechWantToWorkWith
4,Docker
4,Kubernetes
5,Homebrew
6,npm
7,Unity 3D
7,Yarn
10,Docker
10,Terraform
11,Docker
11,Homebrew
11,Kubernetes
11,Pulumi
11,Terraform
12,Docker
13,Docker
13,Yarn
14,Docker
14,Yarn
14,npm
15,npm
16,Docker
16,npm
17,Docker
17,Homebrew
17,Kubernetes
17,Terraform
20,npm
21,Docker
21,Kubernetes
22,Docker
25,Kubernetes
25,Terraform
25,npm
29,Docker
29,Kubernetes
34,Docker
34,npm
36,Ansible
36,Docker
36,Kubernetes
36,Terraform
37,Docker
37,Flow
37,Homebrew
37,Kubernetes
37,Yarn
39,Ansible
39,Docker
39,Kubernetes
39,Terraform
41,Docker
42,Docker
44,Docker
45,Docker
45,Yarn
45,npm
49,Ansible
49,Docker
49,npm
51,Docker
51,Homebrew
51,Kubernetes
51,Unity 3D
52,Docker
52,Homebrew
52,Kubernetes
53,Docker
53,Kubernetes
54,Ansible
54,Docker
54,Homebrew
54,Kubernetes
54,Terraform
55,Docker
55,npm
56,Docker
57,Docker
57,Flow
57,Kubernetes
57,Unity 3D
57,npm
58,Docker
59,Docker
60,Docker
60,Kubernetes
60,Unreal Engine
60,npm
61,Yarn
62,Docker
62,Kubernetes
62,npm
64,Ansible
64,Chef
64,Docker
64,Unity 3D
64,Unreal Engine
67,Docker
67,npm
68,Docker
69,Docker
69,Kubernetes
69,Terraform
71,Ansible
71,Docker
71,Kubernetes
71,Terraform
73,Docker
73,Terraform
73,Yarn
73,npm
76,Docker
78,Docker
79,Docker
79,Pulumi
79,Terraform
81,Yarn
81,npm
83,Docker
83,Yarn
87,Ansible
87,Docker
87,Kubernetes
88,Docker
88,Yarn
93,Homebrew
93,Yarn
93,npm
95,Docker
96,Ansible
96,Docker
96,Kubernetes
96,Terraform
96,Yarn
96,npm
97,npm
99,npm
101,Docker
101,Homebrew
101,Terraform
102,Docker
102,npm
103,Docker
103,Kubernetes
103,npm
104,Docker
104,Kubernetes
104,Terraform
104,npm
106,Docker
106,Kubernetes
106,npm
109,Docker
109,Kubernetes
109,Pulumi
109,Terraform
110,Docker
112,Ansible
112,Docker
112,Kubernetes
114,npm
118,npm
119,Ansible
119,Docker
119,Kubernetes
119,Terraform
120,Ansible
120,Docker
120,Kubernetes
121,Docker
121,Homebrew
121,Terraform
122,Docker
122,Terraform
122,npm
124,Ansible
124,Docker
124,Terraform
124,Yarn
125,Docker
126,Docker
126,Kubernetes
126,Yarn
127,Docker
127,Kubernetes
127,Unity 3D
127,Unreal Engine
127,npm
128,Unity 3D
128,Unreal Engine
131,Kubernetes
131,Terraform
132,Chef
132,Docker
132,Kubernetes
132,npm
133,Docker
133,Kubernetes
138,Docker
138,Kubernetes
139,Chef
139,Docker
139,Homebrew
139,Kubernetes
139,Puppet
140,Docker
140,Puppet
141,npm
142,Docker
142,Unreal Engine
147,Homebrew
147,Kubernetes
148,Terraform
148,npm
149,Docker
151,Docker
151,Kubernetes
151,Yarn
151,npm
152,Docker
152,Homebrew
152,Kubernetes
152,Yarn
152,npm
153,Docker
153,Terraform
154,Docker
154,Homebrew
154,Kubernetes
154,Puppet
156,Kubernetes
158,Docker
158,Kubernetes
158,Terraform
158,Yarn
159,Docker
159,Yarn
159,npm
160,Docker
160,Unreal Engine
161,Ansible
161,Kubernetes
162,Kubernetes
164,Docker
165,Docker
165,Homebrew
166,Ansible
167,Kubernetes
167,Terraform
168,Docker
168,Homebrew
168,Unreal Engine
168,Yarn
168,npm
170,Kubernetes
170,Terraform
171,Unity 3D
172,Docker
172,Homebrew
173,Ansible
173,Docker
173,Yarn
177,Docker
177,Kubernetes
177,Terraform
178,Docker
178,Kubernetes
178,npm
179,Docker
179,Kubernetes
181,Ansible
181,Docker
181,Kubernetes
181,Terraform
182,Docker
182,Kubernetes
182,npm
183,Docker
183,Kubernetes
183,Terraform
184,Docker
184,Homebrew
184,Kubernetes
184,Unity 3D
185,Homebrew
185,npm
186,Ansible
186,Docker
186,Kubernetes
188,Docker
188,Homebrew
188,Unity 3D
188,npm
191,Docker
191,Kubernetes
191,Terraform
192,Docker
192,Terraform
193,Homebrew
194,Ansible
194,Docker
195,Docker
195,Homebrew
195,Unreal Engine
196,Docker
196,Kubernetes
196,Terraform
197,Homebrew
198,Docker
198,Kubernetes
198,Terraform
199,Docker
199,Pulumi
201,Ansible
201,Docker
201,Kubernetes
201,Terraform
201,npm
202,Docker
203,Docker
204,Docker
205,Docker
206,Docker
206,Homebrew
207,npm
209,Docker
209,Kubernetes
209,Terraform
212,Docker
212,Homebrew
212,Kubernetes
212,Terraform
212,Unity 3D
212,Unreal Engine
212,npm
214,Docker
214,npm
216,Ansible
216,Chef
216,Docker
217,Kubernetes
217,Terraform
218,Ansible
218,Kubernetes
219,Ansible
219,Docker
219,Homebrew
219,Kubernetes
220,Terraform
220,Unity 3D
220,Unreal Engine
221,Docker
223,npm
224,Ansible
224,Unity 3D
226,Docker
227,Docker
227,Kubernetes
228,Docker
228,Kubernetes
228,npm
229,Kubernetes
234,Docker
234,Kubernetes
235,Ansible
235,Docker
235,Kubernetes
235,Terraform
237,Docker
237,Kubernetes
237,Terraform
239,Homebrew
244,npm
246,Docker
246,Homebrew
247,Docker
247,Kubernetes
247,npm
248,Ansible
248,Kubernetes
248,Terraform
249,Docker
249,Unreal Engine
250,npm
252,Unity 3D
253,Terraform
254,Ansible
254,Docker
254,Kubernetes
254,Pulumi
256,Docker
256,Homebrew
257,Docker
257,Kubernetes
257,Terraform
257,npm
259,Docker
259,Kubernetes
260,Docker
260,Yarn
262,Homebrew
265,Docker
265,Kubernetes
265,Terraform
267,Ansible
267,Docker
267,Kubernetes
267,Terraform
267,Yarn
268,npm
269,Docker
269,Homebrew
269,Kubernetes
269,Terraform
269,Unity 3D
269,Yarn
269,npm
270,Ansible
270,Docker
271,Docker
271,Kubernetes
273,Ansible
273,Chef
274,Ansible
274,Docker
274,Terraform
274,npm
276,Docker
277,Docker
277,Kubernetes
278,Docker
278,Yarn
278,npm
281,Docker
281,Kubernetes
281,Unity 3D
281,Unreal Engine
283,Docker
283,Homebrew
283,npm
284,Unity 3D
284,Unreal Engine
285,Ansible
285,Docker
285,Kubernetes
285,Terraform
285,npm
286,Docker
286,Yarn
287,Docker
288,Docker
288,Homebrew
288,Kubernetes
290,Unity 3D
290,npm
291,Yarn
291,npm
292,Docker
292,Kubernetes
292,Unity 3D
293,Unity 3D
293,npm
297,Ansible
297,Docker
297,Terraform
299,Docker
299,Kubernetes
299,Unity 3D
299,npm
300,Docker
300,Kubernetes
302,Homebrew
302,Yarn
303,Homebrew
305,Docker
305,Homebrew
305,npm
307,Docker
307,Homebrew
307,Kubernetes
307,npm
308,Docker
308,Kubernetes
308,Terraform
308,Unity 3D
310,Ansible
310,Docker
310,Homebrew
311,Docker
311,Kubernetes
311,Yarn
312,Unity 3D
312,Unreal Engine
313,Docker
314,Docker
314,npm
315,Docker
315,Terraform
316,Homebrew
316,Terraform
318,Docker
318,Homebrew
318,npm
321,Docker
321,Kubernetes
321,Unity 3D
321,Unreal Engine
322,Chef
322,Docker
322,Kubernetes
322,Terraform
325,Docker
325,Homebrew
325,Kubernetes
325,Unity 3D
325,Unreal Engine
326,Docker
327,Docker
327,Kubernetes
328,Flow
328,Homebrew
329,Ansible
329,Docker
329,Kubernetes
330,Docker
330,npm
331,Docker
331,Kubernetes
331,Terraform
332,npm
333,Docker
336,Ansible
336,Chef
336,Docker
336,Kubernetes
336,Terraform
336,Yarn
336,npm
337,Docker
338,Homebrew
338,npm
339,Docker
339,Yarn
342,npm
343,Docker
343,Homebrew
345,Ansible
345,Docker
345,Homebrew
345,Kubernetes
345,Terraform
346,Docker
346,Homebrew
346,Terraform
347,Kubernetes
347,npm
348,Unity 3D
348,Unreal Engine
351,Docker
353,Docker
353,Kubernetes
354,Docker
354,Kubernetes
354,Terraform
354,npm
358,Docker
358,Unreal Engine
360,Docker
360,Yarn
361,Docker
362,Homebrew
363,Terraform
364,Docker
364,Homebrew
364,Kubernetes
364,Unity 3D
365,Docker
365,Terraform
367,Homebrew
368,Docker
369,Docker
369,Kubernetes
370,Docker
370,Unreal Engine
372,Kubernetes
373,Docker
373,npm
378,Docker
382,npm
383,Docker
383,Kubernetes
385,Docker
385,Terraform
386,Docker
387,Docker
387,Kubernetes
387,Puppet
387,npm
388,Docker
388,Terraform
390,Docker
390,Kubernetes
391,Terraform
392,Docker
392,Yarn
392,npm
393,npm
395,Docker
395,Kubernetes
395,Terraform
395,npm
396,Docker
396,Kubernetes
396,npm
397,npm
399,Ansible
399,Docker
399,Kubernetes
399,Terraform
401,Chef
401,Docker
401,Kubernetes
402,Docker
402,Homebrew
402,Kubernetes
402,Yarn
402,npm
403,Docker
403,Homebrew
403,Kubernetes
403,npm
406,Homebrew
411,Ansible
412,Docker
413,Terraform
414,Docker
415,Docker
415,Yarn
415,npm
416,Docker
416,npm
418,Docker
418,Kubernetes
418,Unreal Engine
419,npm
421,Chef
421,Docker
421,Homebrew
421,Kubernetes
421,Terraform
421,Yarn
421,npm
422,Docker
422,Homebrew
423,Homebrew
423,npm
426,Docker
427,Docker
427,Homebrew
427,Kubernetes
427,Terraform
428,Docker
428,Kubernetes
428,Terraform
428,npm
429,Docker
429,Kubernetes
429,Yarn
432,Puppet
436,npm
438,npm
439,Docker
439,Homebrew
439,Kubernetes
439,Terraform
441,Docker
442,Docker
442,Kubernetes
443,Ansible
443,Docker
443,Kubernetes
443,Terraform
444,Ansible
444,Docker
444,Terraform
445,Docker
445,Kubernetes
445,npm
446,Yarn
447,Docker
447,Homebrew
447,npm
448,Ansible
448,Docker
448,Kubernetes
449,Docker
449,Kubernetes
451,Docker
451,npm
454,Homebrew
454,Kubernetes
454,Pulumi
454,Yarn
455,Docker
455,Homebrew
457,Docker
457,Kubernetes
457,Yarn
457,npm
460,Homebrew
460,Yarn
460,npm
461,Docker
461,Homebrew
461,Unreal Engine
461,npm
462,Docker
464,Docker
464,Kubernetes
467,Docker
467,Homebrew
467,Kubernetes
467,Terraform
468,Docker
468,Homebrew
468,Kubernetes
468,Terraform
468,npm
470,Ansible
470,Docker
470,Kubernetes
470,Unity 3D
472,Docker
474,Homebrew
475,Docker
475,Homebrew
475,Kubernetes
476,Docker
476,Homebrew
476,Kubernetes
476,Unity 3D
476,Unreal Engine
476,Yarn
476,npm
477,Docker
477,Kubernetes
477,Unreal Engine
478,Docker
478,Homebrew
479,npm
482,Unity 3D
482,Unreal Engine
484,Docker
484,Homebrew
484,Kubernetes
484,Terraform
484,Yarn
484,npm
485,Docker
485,Kubernetes
486,Docker
487,Docker
487,Unity 3D
487,Yarn
490,Kubernetes
490,Terraform
491,Docker
492,Docker
492,Homebrew
492,npm
493,Kubernetes
493,Unity 3D
493,npm
497,Terraform
500,Terraform
503,Docker
503,Terraform
503,npm
505,Docker
505,Kubernetes
505,Terraform
505,Unity 3D
505,Unreal Engine
505,npm
506,Docker
506,Homebrew
506,Unreal Engine
506,npm
507,Docker
507,npm
509,Docker
510,Docker
510,Unreal Engine
511,Ansible
511,Docker
511,Kubernetes
511,Terraform
511,Unity 3D
511,npm
514,Docker
514,Terraform
519,Ansible
519,Docker
519,Homebrew
519,npm
520,Ansible
520,Docker
522,Kubernetes
522,Terraform
523,Docker
523,Kubernetes
523,npm
526,Ansible
526,Unreal Engine
526,Yarn
527,Docker
527,Homebrew
528,Docker
529,Docker
529,Yarn
529,npm
531,Docker
531,Homebrew
531,Pulumi
533,Unreal Engine
533,Yarn
533,npm
536,Ansible
536,Docker
537,Kubernetes
538,Docker
538,Homebrew
538,Pulumi
538,Terraform
538,npm
539,Docker
539,Kubernetes
540,Docker
541,Homebrew
541,npm
545,Unreal Engine
546,Docker
546,Kubernetes
546,Unity 3D
546,Unreal Engine
548,Homebrew
551,Ansible
551,Docker
551,Kubernetes
551,npm
552,Ansible
552,Docker
552,Kubernetes
553,Docker
553,Kubernetes
556,Yarn
558,Unity 3D
559,Docker
559,Kubernetes
562,Docker
562,Kubernetes
563,Docker
563,Terraform
564,Docker
564,Homebrew
564,Kubernetes
564,Terraform
565,Docker
565,Homebrew
565,Kubernetes
565,Yarn
565,npm
566,Ansible
566,Docker
566,Kubernetes
567,Docker
568,Docker
568,Yarn
570,Homebrew
571,Homebrew
572,Kubernetes
572,Terraform
572,Yarn
572,npm
573,Docker
573,Kubernetes
573,Terraform
573,npm
574,Docker
574,Kubernetes
574,Terraform
574,npm
576,Unity 3D
576,Yarn
577,Docker
577,Kubernetes
579,Ansible
579,Docker
579,Kubernetes
580,Ansible
580,Kubernetes
581,Docker
583,Docker
583,Kubernetes
583,Terraform
584,Terraform
584,npm
585,Docker
590,Docker
590,Unity 3D
590,Yarn
590,npm
591,Homebrew
592,Docker
592,Kubernetes
592,Yarn
593,Docker
593,Puppet
593,Unity 3D
593,Unreal Engine
593,Yarn
593,npm
594,Ansible
594,Docker
594,Kubernetes
594,Terraform
596,Docker
596,Homebrew
596,Kubernetes
596,Terraform
596,npm
597,Yarn
601,Docker
601,Kubernetes
601,Yarn
602,Docker
602,Yarn
605,Yarn
605,npm
607,Yarn
607,npm
608,Docker
610,Unreal Engine
611,Docker
611,npm
612,Docker
613,Docker
614,Ansible
614,Docker
614,Kubernetes
614,Terraform
615,Ansible
615,Docker
616,Docker
616,Homebrew
616,Kubernetes
617,Unreal Engine
619,Docker
619,Homebrew
619,Kubernetes
621,Yarn
622,Docker
622,npm
623,Homebrew
623,Yarn
623,npm
624,Docker
625,Docker
625,Yarn
626,Docker
626,npm
627,Docker
627,Homebrew
627,npm
628,Docker
628,Homebrew
629,Docker
630,Docker
630,Kubernetes
630,Terraform
632,Ansible
632,Terraform
634,Docker
634,npm
636,Ansible
636,Docker
636,Kubernetes
636,Terraform
636,Unity 3D
637,Docker
638,Docker
642,Docker
642,Terraform
644,Yarn
644,npm
645,Kubernetes
645,npm
647,Docker
649,Docker
649,Homebrew
649,npm
650,Docker
650,Homebrew
650,Yarn
651,Docker
652,Docker
652,npm
653,Puppet
654,Ansible
654,Chef
654,Docker
654,Homebrew
654,Kubernetes
654,Pulumi
655,Docker
655,Terraform
657,Docker
657,Homebrew
657,Unity 3D
657,npm
658,Docker
658,Homebrew
658,Kubernetes
659,Homebrew
659,npm
660,Ansible
660,Docker
665,Docker
665,Homebrew
665,Kubernetes
665,npm
666,Docker
666,Puppet
666,Terraform
666,Unity 3D
666,npm
669,Docker
672,Docker
672,Kubernetes
675,Homebrew
675,Terraform
675,Yarn
677,Docker
680,Ansible
680,Docker
680,Kubernetes
680,Unreal Engine
680,npm
682,Docker
682,Yarn
682,npm
683,Docker
684,Docker
684,Kubernetes
684,Pulumi
685,Docker
685,Kubernetes
685,Terraform
691,Homebrew
691,Kubernetes
691,Unreal Engine
692,Docker
692,Unity 3D
693,Docker
694,Docker
695,Docker
695,Kubernetes
695,Unreal Engine
697,Docker
698,Docker
698,Kubernetes
698,npm
699,Docker
699,Homebrew
699,Kubernetes
699,npm
700,Docker
701,Docker
701,Terraform
702,Yarn
704,Docker
704,Homebrew
704,Terraform
704,npm
706,Ansible
706,Docker
706,Kubernetes
706,npm
707,Docker
707,Kubernetes
708,Unreal Engine
709,Docker
709,Homebrew
709,Kubernetes
709,npm
711,Docker
711,Homebrew
711,Kubernetes
712,Docker
712,Homebrew
713,Docker
714,Docker
715,Ansible
715,Terraform
716,Docker
717,Docker
717,Homebrew
717,Kubernetes
717,npm
719,Docker
719,npm
721,Docker
721,Kubernetes
723,Docker
723,Homebrew
723,Kubernetes
723,npm
726,Kubernetes
726,Terraform
728,npm
729,Ansible
729,Homebrew
729,Terraform
730,Docker
731,Yarn
731,npm
732,Unity 3D
732,Unreal Engine
732,npm
733,Docker
733,Yarn
733,npm
734,Docker
734,Kubernetes
734,Terraform
736,Terraform
736,npm
737,Unreal Engine
740,Docker
743,Docker
743,Kubernetes
743,Puppet
743,Unreal Engine
743,Yarn
744,Docker
746,Docker
747,Docker
749,Docker
749,Kubernetes
749,Terraform
751,Docker
751,Homebrew
751,npm
752,Ansible
752,Docker
752,Kubernetes
752,Terraform
755,Docker
756,Docker
756,Unity 3D
758,Yarn
759,Kubernetes
759,Terraform
763,Ansible
763,Kubernetes
763,Puppet
764,Docker
764,Kubernetes
765,Kubernetes
765,Pulumi
765,Terraform
765,npm
766,Unity 3D
767,Ansible
767,Docker
767,Kubernetes
767,Terraform
767,Yarn
768,Docker
768,Kubernetes
768,Terraform
769,Docker
769,Kubernetes
771,Docker
771,npm
772,Docker
772,Kubernetes
772,npm
773,Docker
773,Homebrew
773,Kubernetes
773,Pulumi
774,Kubernetes
775,Docker
775,Homebrew
775,Kubernetes
775,Terraform
775,Yarn
775,npm
776,Docker
776,Homebrew
776,Kubernetes
776,npm
777,Docker
777,Kubernetes
778,Docker
778,npm
780,Docker
780,Homebrew
780,Kubernetes
781,Docker
783,Docker
784,Docker
784,Kubernetes
785,npm
787,Docker
787,Kubernetes
788,Docker
788,Homebrew
788,Kubernetes
788,npm
790,Docker
790,Homebrew
790,Kubernetes
790,npm
791,Ansible
791,Chef
791,Docker
791,Puppet
791,Terraform
791,Yarn
791,npm
792,Docker
792,Kubernetes
793,Docker
793,Yarn
794,npm
795,Docker
795,Kubernetes
797,Docker
797,Homebrew
797,Yarn
799,Docker
799,Homebrew
799,Yarn
801,Docker
801,Kubernetes
802,Kubernetes
803,Docker
803,Unity 3D
806,Docker
806,Unreal Engine
807,Docker
808,Docker
809,Docker
810,Ansible
810,Kubernetes
810,Terraform
811,Docker
811,Homebrew
811,Kubernetes
811,Pulumi
812,Docker
812,Unity 3D
814,Docker
814,Homebrew
814,Yarn
815,Docker
816,Docker
816,Homebrew
816,Kubernetes
816,npm
817,Ansible
817,Docker
818,Docker
818,npm
819,Docker
819,Unity 3D
819,npm
820,Docker
824,Unity 3D
824,Yarn
825,Docker
825,Homebrew
826,Kubernetes
826,Terraform
827,Docker
828,Docker
828,Terraform
828,Yarn
828,npm
829,Docker
829,Kubernetes
829,Unreal Engine
829,npm
830,Docker
830,Kubernetes
830,Pulumi
830,Puppet
831,Yarn
832,Homebrew
834,Ansible
834,Docker
834,Kubernetes
834,Pulumi
834,Terraform
835,Docker
835,Homebrew
836,npm
837,Docker
837,npm
838,Docker
838,Terraform
839,Docker
839,Terraform
840,Docker
841,Ansible
841,Docker
841,Kubernetes
841,Terraform
841,Yarn
841,npm
842,Kubernetes
842,npm
843,Unreal Engine
844,Unity 3D
844,Unreal Engine
844,Yarn
845,Ansible
845,Docker
845,Terraform
847,Unity 3D
849,Kubernetes
849,Terraform
850,Docker
850,Unreal Engine
850,npm
851,Unity 3D
851,Unreal Engine
852,Ansible
852,Kubernetes
852,Terraform
855,Docker
855,Pulumi
857,Docker
857,Homebrew
857,Kubernetes
858,npm
859,Kubernetes
860,Docker
860,Homebrew
860,Pulumi
860,Terraform
860,npm
862,Docker
862,Homebrew
862,Yarn
862,npm
864,Docker
865,Yarn
865,npm
866,Docker
869,Docker
869,Unity 3D
869,Unreal Engine
869,npm
870,Unity 3D
870,Unreal Engine
871,Docker
874,Docker
874,Homebrew
875,Docker
875,Kubernetes
875,npm
876,Docker
876,Kubernetes
876,Yarn
877,Docker
877,Unreal Engine
878,Docker
878,Kubernetes
882,Docker
882,Kubernetes
882,Terraform
883,Docker
883,npm
884,Docker
884,Homebrew
884,Kubernetes
884,Terraform
884,Yarn
887,Docker
887,Kubernetes
887,Yarn
887,npm
888,Yarn
889,npm
890,Docker
890,Unity 3D
890,Unreal Engine
892,Unity 3D
894,Docker
894,npm
895,Docker
895,Homebrew
895,npm
898,Docker
902,Homebrew
904,Ansible
904,Docker
904,Homebrew
904,npm
905,Docker
905,Homebrew
905,Kubernetes
905,Terraform
908,Yarn
910,Unreal Engine
910,npm
911,Kubernetes
911,Pulumi
911,Unity 3D
911,Yarn
912,Docker
913,Docker
913,npm
915,Docker
915,Homebrew
915,Kubernetes
915,Terraform
916,Docker
916,npm
917,Ansible
917,Docker
917,Kubernetes
919,Yarn
922,Unity 3D
923,Docker
923,Kubernetes
924,Docker
924,Unreal Engine
924,npm
926,Docker
928,Docker
928,Kubernetes
930,Docker
930,npm
932,Docker
932,Homebrew
932,npm
935,Docker
935,Unity 3D
935,npm
938,Ansible
938,Docker
938,Kubernetes
939,Docker
939,Homebrew
939,Yarn
939,npm
940,Docker
940,Homebrew
940,npm
941,Ansible
941,Docker
941,Kubernetes
941,Terraform
942,Docker
942,Kubernetes
943,Docker
943,Unity 3D
943,Unreal Engine
944,Ansible
944,Docker
945,Docker
945,Kubernetes
945,Terraform
945,Yarn
945,npm
946,Yarn
946,npm
947,Homebrew
948,Unreal Engine
948,Yarn
948,npm
949,Docker
949,Homebrew
949,Kubernetes
949,Terraform
949,npm
950,Docker
950,Kubernetes
950,Terraform
950,npm
953,Docker
953,Kubernetes
956,Ansible
956,Docker
956,Kubernetes
956,Yarn
957,npm
961,Docker
961,Homebrew
962,Docker
962,Homebrew
962,Kubernetes
962,Terraform
964,Docker
964,Kubernetes
964,Terraform
966,Docker
966,Kubernetes
966,Yarn
966,npm
967,Docker
967,Yarn
968,Docker
969,Docker
969,Homebrew
970,npm
971,Ansible
971,Docker
972,Yarn
972,npm
974,Docker
975,Yarn
975,npm
976,Docker
976,Kubernetes
977,Kubernetes
977,npm
978,Docker
980,Homebrew
980,Kubernetes
981,Docker
982,Docker
982,Homebrew
984,Docker
984,npm
985,Kubernetes
985,Terraform
986,Kubernetes
986,Unity 3D
986,Unreal Engine
987,Docker
987,Homebrew
987,Kubernetes
987,npm
988,Docker
988,Terraform
989,Docker
989,Terraform
990,Unity 3D
991,Docker
991,Homebrew
992,Docker
992,Homebrew
992,Kubernetes
993,npm
994,Pulumi
994,Terraform
995,Docker
995,npm
996,Unreal Engine
996,npm
997,Docker
997,Kubernetes
1000,Unity 3D
1002,Docker
1002,Homebrew
1002,Puppet
1002,npm
1003,Docker
1003,Homebrew
1003,Kubernetes
1003,Yarn
1005,Docker
1005,Terraform
1005,Unity 3D
1005,Yarn
1006,Kubernetes
1007,Docker
1007,Homebrew
1007,Unity 3D
1007,npm
1008,Docker
1008,Homebrew
1008,Kubernetes
1008,Terraform
1008,Yarn
1008,npm
1009,Docker
1009,Kubernetes
1010,npm
1011,Docker
1012,Ansible
1012,Docker
1012,Kubernetes
1014,Docker
1015,Docker
1015,Unity 3D
1019,Docker
1019,Homebrew
1019,npm
1020,Docker
1020,Kubernetes
1020,npm
1021,Homebrew
1021,Kubernetes
1021,Yarn
1021,npm
1022,Homebrew
1022,Yarn
1024,Docker
1025,Docker
1025,Kubernetes
1025,Yarn
1026,Docker
1026,Homebrew
1026,Kubernetes
1026,Terraform
1026,Unreal Engine
1026,npm
1027,Docker
1028,Docker
1028,Homebrew
1028,Terraform
1029,Ansible
1029,Docker
1029,Kubernetes
1030,Docker
1031,Unity 3D
1031,Unreal Engine
1034,Kubernetes
1035,Docker
1035,npm
1036,Docker
1036,Kubernetes
1036,Terraform
1037,Docker
1037,Kubernetes
1037,Terraform
1038,Docker
1038,Kubernetes
1038,Yarn
1038,npm
1039,Ansible
1039,Docker
1039,Homebrew
1039,Terraform
1040,Ansible
1040,Homebrew
1040,npm
1041,Ansible
1041,Docker
1041,Terraform
1043,Ansible
1043,Docker
1043,Homebrew
1043,Kubernetes
1043,Puppet
1043,npm
1044,Docker
1044,Homebrew
1044,Kubernetes
1048,Yarn
1048,npm
1049,Unreal Engine
1050,Docker
1050,Homebrew
1050,Kubernetes
1050,Terraform
1053,npm
1054,Docker
1055,Docker
1056,Unity 3D
1057,Docker
1057,Homebrew
1057,Kubernetes
1058,Homebrew
1059,Docker
1059,Unreal Engine
1060,Docker
1060,Kubernetes
1060,Unreal Engine
1060,npm
1061,Ansible
1061,Chef
1061,Terraform
1062,Docker
1062,Kubernetes
1063,Homebrew
1063,Yarn
1063,npm
1064,npm
1067,Docker
1067,Homebrew
1067,Yarn
1067,npm
1070,Docker
1070,Homebrew
1070,Terraform
1071,npm
1072,Docker
1072,Homebrew
1073,Docker
1073,Homebrew
1073,Kubernetes
1074,Ansible
1074,Docker
1074,Kubernetes
1074,Unity 3D
1075,Docker
1079,Docker
1079,Terraform
1083,Docker
1083,Kubernetes
1084,Unity 3D
1084,Unreal Engine
1085,Kubernetes
1085,Unity 3D
1085,Unreal Engine
1085,npm
1088,Yarn
1088,npm
1089,Docker
1089,Kubernetes
1090,Ansible
1090,Chef
1090,Kubernetes
1091,Docker
1092,Yarn
1092,npm
1093,npm
1095,Docker
1096,Docker
1096,Homebrew
1096,Kubernetes
1098,Docker
1098,Homebrew
1098,Kubernetes
1098,Terraform
1100,Yarn
1100,npm
1102,Docker
1102,Terraform
1103,Docker
1103,Kubernetes
1103,Terraform
1104,Docker
1107,Docker
1107,Unity 3D
1108,Ansible
1108,Docker
1108,Kubernetes
1108,Terraform
1110,Docker
1111,Docker
1111,Kubernetes
1111,Terraform
1113,Ansible
1113,Docker
1113,Homebrew
1113,Kubernetes
1114,Docker
1115,Ansible
1115,Docker
1115,Kubernetes
1115,Pulumi
1116,Docker
1116,Homebrew
1116,Yarn
1119,Unity 3D
1119,Unreal Engine
1120,Docker
1120,Kubernetes
1123,Ansible
1123,Docker
1124,Docker
1124,Kubernetes
1126,Docker
1126,Homebrew
1126,Kubernetes
1126,Terraform
1128,Docker
1129,Docker
1129,Homebrew
1129,Pulumi
1129,npm
1130,Ansible
1130,Docker
1130,Homebrew
1130,Unreal Engine
1131,npm
1133,Ansible
1133,Docker
1134,Docker
1134,Homebrew
1134,Kubernetes
1135,Terraform
1137,Unity 3D
1138,Docker
1138,Homebrew
1138,Kubernetes
1138,Terraform
1139,Docker
1139,Homebrew
1139,Kubernetes
1140,Docker
1141,Homebrew
1141,Kubernetes
1143,Docker
1143,Terraform
1144,Docker
1144,Homebrew
1144,Kubernetes
1144,Unreal Engine
1145,Docker
1145,Kubernetes
1146,Homebrew
1146,npm
1149,npm
1150,Docker
1150,Homebrew
1150,Kubernetes
1152,Terraform
1154,Docker
1156,Ansible
1156,Docker
1156,Terraform
1156,Unity 3D
1156,Unreal Engine
1156,Yarn
1158,Docker
1158,Kubernetes
1158,Terraform
1159,Docker
1159,Kubernetes
1159,Unity 3D
1160,Docker
1162,Chef
1162,Docker
1162,Homebrew
1162,Kubernetes
1162,Terraform
1162,Yarn
1162,npm
1163,Docker
1163,Kubernetes
1163,Yarn
1163,npm
1164,Docker
1164,Kubernetes
1165,Docker
1165,Kubernetes
1165,Puppet
1167,Docker
1167,Kubernetes
1167,npm
1168,Docker
1168,Kubernetes
1168,Terraform
1168,npm
1169,Yarn
1171,Ansible
1171,Docker
1171,Unity 3D
1172,Kubernetes
1172,Pulumi
1173,Docker
1173,Kubernetes
1173,Pulumi
1173,Terraform
1173,Unreal Engine
1173,npm
1174,Docker
1175,Docker
1176,Docker
1177,Homebrew
1177,Yarn
1178,Ansible
1178,Docker
1178,Kubernetes
1178,Terraform
1179,Ansible
1179,Docker
1179,Homebrew
1179,Kubernetes
1179,Yarn
1179,npm
1181,Kubernetes
1181,Terraform
1181,Unity 3D
1181,Unreal Engine
1182,Docker
1182,npm
1184,Docker
1184,Kubernetes
1184,Yarn
1184,npm
1185,Docker
1185,Unity 3D
1185,Unreal Engine
1185,Yarn
1186,Unity 3D
1186,Unreal Engine
1188,Kubernetes
1189,Docker
1189,Kubernetes
1189,npm
1192,Unity 3D
1192,npm
1193,Docker
1193,Kubernetes
1193,Terraform
1194,Ansible
1194,Docker
1194,Kubernetes
1194,Puppet
1194,Terraform
1194,npm
1195,Docker
1195,Homebrew
1195,npm
1196,Docker
1196,Homebrew
1199,Docker
1199,npm
1202,Docker
1202,Kubernetes
1202,Unity 3D
1202,npm
1208,Unity 3D
1208,Unreal Engine
1209,Docker
1209,Kubernetes
1209,npm
1210,Pulumi
1211,Docker
1211,Kubernetes
1214,Docker
1215,Docker
1215,Yarn
1215,npm
1216,Docker
1216,Homebrew
1216,Kubernetes
1218,Docker
1218,Kubernetes
1218,npm
1219,Docker
1219,Kubernetes
1219,Yarn
1219,npm
1220,Docker
1220,Kubernetes
1220,Unity 3D
1220,Yarn
1220,npm
1221,Terraform
1223,Yarn
1224,Docker
1224,npm
1225,Docker
1225,npm
1226,Docker
1226,Homebrew
1227,Yarn
1228,Docker
1229,Docker
1229,Kubernetes
1229,npm
1230,Docker
1231,Ansible
1231,Docker
1232,Docker
1232,Homebrew
1234,Ansible
1234,Docker
1234,Kubernetes
1234,Terraform
1236,npm
1238,Kubernetes
1238,Terraform
1239,Docker
1239,npm
1241,Unity 3D
1241,npm
1245,Ansible
1245,Docker
1245,Kubernetes
1245,Terraform
1245,Yarn
1246,Docker
1246,Kubernetes
1246,Terraform
1247,Docker
1249,Docker
1250,Docker
1250,Terraform
1255,Ansible
1255,Docker
1255,Yarn
1257,Docker
1258,Docker
1258,Terraform
1262,Docker
1263,Docker
1266,Docker
1266,Kubernetes
1266,npm
1267,Docker
1268,Docker
1268,Unreal Engine
1269,Homebrew
1269,Yarn
1271,Homebrew
1271,Terraform
1274,Ansible
1274,Docker
1274,Kubernetes
1275,Docker
1275,npm
1278,Docker
1278,Homebrew
1278,Kubernetes
1278,Terraform
1278,npm
1280,Docker
1280,Kubernetes
1280,Terraform
1281,Docker
1281,Kubernetes
1281,Unreal Engine
1283,Docker
1283,Kubernetes
1283,Terraform
1284,Docker
1285,Docker
1285,Homebrew
1286,Unreal Engine
1287,Docker
1287,Kubernetes
1287,npm
1292,Docker
1292,Kubernetes
1293,Ansible
1293,Docker
1293,Kubernetes
1293,Pulumi
1293,Yarn
1294,Yarn
1299,Docker
1301,Docker
1301,Kubernetes
1304,Homebrew
1305,Docker
1305,Kubernetes
1306,Docker
1306,Kubernetes
1306,Unity 3D
1306,Unreal Engine
1306,npm
1307,Homebrew
1307,Yarn
1307,npm
1310,Homebrew
1310,Terraform
1311,Flow
1311,Yarn
1311,npm
1312,Docker
1313,Docker
1317,Docker
1318,Docker
1318,Kubernetes
1319,Docker
1319,Kubernetes
1319,Puppet
1319,Terraform
1320,Docker
1322,Docker
1322,Kubernetes
1322,Terraform
1323,Docker
1323,Homebrew
1323,Terraform
1324,Docker
1324,Homebrew
1324,Unity 3D
1324,Yarn
1325,Docker
1325,Unity 3D
1325,Unreal Engine
1326,Homebrew
1327,Docker
1327,Puppet
1327,npm
1328,Docker
1328,Unity 3D
1328,Unreal Engine
1328,npm
1329,Terraform
1330,Docker
1332,Docker
1332,Kubernetes
1333,npm
1334,Docker
1334,Homebrew
1334,Kubernetes
1334,Yarn
1334,npm
1335,Docker
1335,npm
1337,npm
1338,Ansible
1338,Docker
1338,Terraform
1338,npm
1339,Ansible
1339,npm
1340,Docker
1341,Docker
1341,Yarn
1341,npm
1343,Docker
1343,Homebrew
1343,Kubernetes
1344,Docker
1344,Kubernetes
1344,Yarn
1346,Docker
1346,Kubernetes
1349,Ansible
1349,Docker
1349,Kubernetes
1349,Terraform
1351,Pulumi
1352,Unity 3D
1352,Unreal Engine
1353,Docker
1353,Kubernetes
1355,Docker
1355,Homebrew
1355,Kubernetes
1355,Unity 3D
1355,Unreal Engine
1355,npm
1356,Homebrew
1357,Docker
1358,Docker
1358,Homebrew
1358,npm
1359,npm
1360,Kubernetes
1361,Docker
1361,Homebrew
1361,Yarn
1361,npm
1362,Ansible
1363,Docker
1363,Homebrew
1363,Kubernetes
1363,Yarn
1363,npm
1364,Kubernetes
1364,Terraform
1365,Ansible
1365,Docker
1365,Homebrew
1365,Kubernetes
1367,Yarn
1367,npm
1368,Kubernetes
1368,Terraform
1370,Docker
1370,Kubernetes
1372,Kubernetes
1372,Yarn
1373,Ansible
1373,Docker
1374,Ansible
1374,Docker
1374,Terraform
1374,npm
1377,Docker
1377,Kubernetes
1377,Unity 3D
1377,Unreal Engine
1378,Docker
1378,Kubernetes
1378,Yarn
1378,npm
1380,Docker
1380,Kubernetes
1381,Docker
1381,Homebrew
1381,Yarn
1381,npm
1383,Ansible
1383,Docker
1386,Docker
1386,Kubernetes
1386,Terraform
1386,Unity 3D
1386,Unreal Engine
1386,Yarn
1386,npm
1387,Docker
1387,Homebrew
1387,Yarn
1387,npm
1388,Docker
1389,Docker
1389,Kubernetes
1389,Yarn
1389,npm
1390,Ansible
1390,Docker
1390,npm
1394,Docker
1394,npm
1396,Homebrew
1398,Kubernetes
1399,Docker
1399,Yarn
1399,npm
1401,Docker
1401,Homebrew
1401,Kubernetes
1401,Terraform
1401,npm
1405,Docker
1406,Ansible
1406,Docker
1406,Kubernetes
1406,Pulumi
1406,Unreal Engine
1406,Yarn
1406,npm
1407,Ansible
1407,Kubernetes
1407,Terraform
1409,Docker
1409,Unity 3D
1409,Unreal Engine
1409,Yarn
1410,Docker
1411,Docker
1411,Kubernetes
1411,npm
1413,Ansible
1413,Docker
1414,Ansible
1414,Docker
1414,npm
1415,Docker
1415,npm
1418,Homebrew
1418,npm
1419,Docker
1419,Kubernetes
1420,Docker
1420,Yarn
1421,Docker
1427,Docker
1427,Kubernetes
1429,Homebrew
1429,Yarn
1430,Docker
1430,Homebrew
1430,npm
1436,Docker
1438,npm
1439,Ansible
1439,Docker
1439,Kubernetes
1440,Homebrew
1442,Docker
1443,Homebrew
1443,Kubernetes
1443,Terraform
1444,Docker
1444,npm
1445,Docker
1445,Kubernetes
1447,Kubernetes
1448,Docker
1448,Kubernetes
1448,Yarn
1451,Unity 3D
1451,Unreal Engine
1452,npm
1453,npm
1454,Docker
1455,Docker
1455,npm
1456,Docker
1456,Unity 3D
1456,Unreal Engine
1457,Docker
1459,Homebrew
1459,Unity 3D
1460,Docker
1460,Kubernetes
1460,Pulumi
1460,Terraform
1462,Docker
1462,Kubernetes
1463,Homebrew
1465,Docker
1465,Kubernetes
1466,Docker
1467,Docker
1467,Homebrew
1467,Kubernetes
1468,Unity 3D
1471,Docker
1471,Yarn
1471,npm
1472,Docker
1472,Homebrew
1472,Kubernetes
1472,Yarn
1473,Ansible
1473,Docker
1473,Homebrew
1473,Kubernetes
1473,Terraform
1473,Yarn
1473,npm
1475,Docker
1475,Homebrew
1475,Yarn
1475,npm
1476,Yarn
1477,Docker
1477,Kubernetes
1478,Docker
1479,Docker
1479,npm
1480,Docker
1480,Kubernetes
1480,npm
1481,Kubernetes
1483,Docker
1485,Docker
1485,Kubernetes
1485,Unity 3D
1486,Ansible
1486,Docker
1486,Homebrew
1486,Unity 3D
1486,Unreal Engine
1486,Yarn
1486,npm
1488,Docker
1489,Ansible
1489,Chef
1489,Docker
1489,Homebrew
1489,Terraform
1489,Yarn
1494,Ansible
1494,Docker
1494,Homebrew
1494,Kubernetes
1494,Terraform
1496,Ansible
1500,Unreal Engine
1501,Docker
1501,Kubernetes
1501,Terraform
1502,Docker
1502,Kubernetes
1502,npm
1503,Docker
1503,Terraform
1503,npm
1504,Docker
1504,Yarn
1504,npm
1507,Kubernetes
1507,Pulumi
1512,Docker
1512,Kubernetes
1513,Docker
1513,Kubernetes
1513,Unreal Engine
1515,Ansible
1515,Docker
1515,Kubernetes
1518,npm
1519,Docker
1519,Homebrew
1519,Terraform
1520,Docker
1520,Kubernetes
1521,Ansible
1521,Docker
1521,Kubernetes
1522,Docker
1522,Terraform
1523,Docker
1523,Yarn
1523,npm
1524,Docker
1524,Unity 3D
1524,Unreal Engine
1525,Homebrew
1525,Yarn
1526,Ansible
1526,Docker
1528,Unity 3D
1528,Unreal Engine
1529,Docker
1529,Homebrew
1529,Unity 3D
1529,Unreal Engine
1529,Yarn
1529,npm
1530,Docker
1530,Kubernetes
1531,Docker
1533,Kubernetes
1534,Docker
1535,Docker
1538,Yarn
1538,npm
1539,Yarn
1539,npm
1540,Docker
1540,Kubernetes
1542,Docker
1542,Kubernetes
