ResponseId,DatabaseHaveWorkedWith
2,Microsoft SQL Server
3,Microsoft SQL Server
4,Cloud Firestore
4,Elasticsearch
4,Firebase Realtime Database
4,Microsoft SQL Server
6,Cloud Firestore
6,Firebase Realtime Database
6,MongoDB
7,MongoDB
7,MySQL
10,Microsoft SQL Server
11,Couch DB
11,Couchbase
11,Microsoft SQL Server
11,MongoDB
11,MySQL
11,PostgreSQL
11,Redis
12,PostgreSQL
13,DynamoDB
13,PostgreSQL
14,Elasticsearch
14,MongoDB
14,Neo4J
14,PostgreSQL
15,Cloud Firestore
15,Firebase Realtime Database
15,Microsoft SQL Server
15,MongoDB
15,MySQL
15,SQLite
16,Elasticsearch
16,MySQL
17,Cassandra
17,PostgreSQL
18,Microsoft SQL Server
19,MySQL
20,MariaDB
21,MySQL
21,Redis
21,SQLite
22,Microsoft SQL Server
22,PostgreSQL
22,Redis
25,PostgreSQL
25,Redis
25,SQLite
26,MongoDB
26,MySQL
27,Microsoft SQL Server
27,PostgreSQL
29,Microsoft SQL Server
29,MySQL
29,Redis
31,Microsoft SQL Server
34,Microsoft SQL Server
34,MySQL
34,PostgreSQL
34,Redis
34,SQLite
35,MySQL
36,MongoDB
36,PostgreSQL
36,SQLite
37,MariaDB
37,MongoDB
37,MySQL
37,PostgreSQL
37,SQLite
38,SQLite
39,Elasticsearch
39,MariaDB
39,PostgreSQL
39,Redis
40,MongoDB
40,MySQL
40,SQLite
41,PostgreSQL
42,Microsoft SQL Server
42,MongoDB
42,MySQL
42,Oracle
42,PostgreSQL
44,MySQL
45,MongoDB
45,MySQL
46,MongoDB
46,SQLite
47,Cassandra
47,MySQL
48,PostgreSQL
49,PostgreSQL
51,DynamoDB
51,Elasticsearch
51,MariaDB
51,Oracle
51,PostgreSQL
51,SQLite
53,Microsoft SQL Server
54,Elasticsearch
54,Microsoft SQL Server
54,PostgreSQL
54,Redis
54,SQLite
55,Elasticsearch
55,Microsoft SQL Server
55,MySQL
55,PostgreSQL
55,Redis
57,PostgreSQL
59,SQLite
60,DynamoDB
60,Elasticsearch
60,MariaDB
60,MongoDB
60,PostgreSQL
60,Redis
61,PostgreSQL
62,Cassandra
62,Couchbase
62,MariaDB
62,MySQL
62,PostgreSQL
62,SQLite
63,Cloud Firestore
63,MongoDB
63,MySQL
63,PostgreSQL
63,Redis
63,SQLite
64,MySQL
64,Oracle
65,MongoDB
65,MySQL
66,IBM DB2
66,MariaDB
66,Microsoft SQL Server
66,MySQL
67,Microsoft SQL Server
67,MySQL
68,MySQL
68,PostgreSQL
68,SQLite
69,MongoDB
69,MySQL
69,Oracle
69,PostgreSQL
69,SQLite
70,MySQL
70,SQLite
72,Microsoft SQL Server
72,MongoDB
72,Redis
73,SQLite
74,Microsoft SQL Server
75,MySQL
75,Oracle
75,Redis
76,Couchbase
76,Microsoft SQL Server
78,MySQL
79,DynamoDB
79,MySQL
79,PostgreSQL
79,Redis
80,Microsoft SQL Server
80,PostgreSQL
82,MySQL
83,Firebase Realtime Database
83,MariaDB
83,MySQL
83,PostgreSQL
83,Redis
85,MariaDB
85,MySQL
87,Cassandra
87,DynamoDB
87,Firebase Realtime Database
87,MariaDB
87,Microsoft SQL Server
87,Redis
88,PostgreSQL
90,MongoDB
90,SQLite
91,DynamoDB
91,Microsoft SQL Server
91,PostgreSQL
93,Cloud Firestore
93,Firebase Realtime Database
94,PostgreSQL
94,SQLite
95,SQLite
96,Couch DB
96,Elasticsearch
96,PostgreSQL
96,Redis
97,DynamoDB
97,Elasticsearch
97,Microsoft SQL Server
97,MySQL
97,Oracle
97,Redis
99,MySQL
99,PostgreSQL
99,SQLite
101,PostgreSQL
102,MongoDB
102,MySQL
103,PostgreSQL
104,Elasticsearch
104,MongoDB
104,PostgreSQL
104,Redis
105,PostgreSQL
105,Redis
106,Cloud Firestore
106,Firebase Realtime Database
106,MongoDB
106,PostgreSQL
106,Redis
107,MySQL
107,PostgreSQL
108,Microsoft SQL Server
109,Microsoft SQL Server
109,MySQL
109,PostgreSQL
109,Redis
109,SQLite
110,Firebase Realtime Database
110,MongoDB
110,PostgreSQL
111,Microsoft SQL Server
111,SQLite
112,MongoDB
112,PostgreSQL
113,MariaDB
113,Microsoft SQL Server
113,MySQL
114,Oracle
115,MySQL
118,Microsoft SQL Server
118,MongoDB
119,Microsoft SQL Server
119,MongoDB
120,PostgreSQL
120,Redis
121,Cloud Firestore
121,PostgreSQL
121,Redis
122,Cloud Firestore
122,MariaDB
122,Microsoft SQL Server
122,MongoDB
122,MySQL
122,PostgreSQL
123,MariaDB
123,Microsoft SQL Server
123,MySQL
124,Couchbase
124,PostgreSQL
124,Redis
126,Microsoft SQL Server
126,MongoDB
126,MySQL
126,Oracle
126,PostgreSQL
126,SQLite
127,MariaDB
127,MySQL
127,PostgreSQL
130,Oracle
131,Couchbase
133,MariaDB
133,PostgreSQL
133,Redis
135,Couchbase
136,DynamoDB
136,SQLite
138,MongoDB
138,MySQL
139,Cassandra
139,Couchbase
139,DynamoDB
139,MariaDB
140,Elasticsearch
140,PostgreSQL
142,MongoDB
142,MySQL
143,Elasticsearch
143,PostgreSQL
143,Redis
143,SQLite
144,MySQL
145,Couchbase
147,Couchbase
147,MongoDB
147,Redis
148,Couchbase
149,Microsoft SQL Server
151,Oracle
151,PostgreSQL
151,Redis
151,SQLite
152,DynamoDB
152,Firebase Realtime Database
152,MariaDB
152,MongoDB
152,MySQL
152,PostgreSQL
152,Redis
152,SQLite
153,Elasticsearch
153,Microsoft SQL Server
153,PostgreSQL
153,Redis
153,SQLite
154,Cloud Firestore
154,Couch DB
154,Couchbase
154,Elasticsearch
154,MongoDB
154,SQLite
155,Couchbase
156,Microsoft SQL Server
156,Oracle
156,SQLite
157,PostgreSQL
158,Cassandra
158,Elasticsearch
158,MongoDB
158,Redis
159,Microsoft SQL Server
159,Redis
160,Elasticsearch
160,Microsoft SQL Server
160,MongoDB
161,Couchbase
162,Couchbase
163,DynamoDB
163,MySQL
164,Microsoft SQL Server
164,MongoDB
164,Redis
165,Couchbase
166,MongoDB
166,PostgreSQL
166,Redis
166,SQLite
168,MongoDB
168,MySQL
168,Neo4J
168,PostgreSQL
168,SQLite
170,Elasticsearch
170,PostgreSQL
170,Redis
172,Couchbase
173,MongoDB
173,MySQL
174,MariaDB
174,MongoDB
174,MySQL
174,Oracle
174,SQLite
175,Microsoft SQL Server
175,MySQL
175,Oracle
176,SQLite
177,Microsoft SQL Server
177,MySQL
177,PostgreSQL
178,Elasticsearch
178,MongoDB
178,MySQL
179,DynamoDB
179,Elasticsearch
179,MySQL
179,Redis
180,Elasticsearch
180,Microsoft SQL Server
180,MySQL
180,PostgreSQL
180,Redis
180,SQLite
181,Cassandra
181,DynamoDB
181,Oracle
182,Cassandra
182,Couchbase
182,MariaDB
182,Microsoft SQL Server
182,MongoDB
182,MySQL
182,Oracle
182,SQLite
183,Couchbase
184,Couchbase
185,Couchbase
186,MariaDB
186,MongoDB
186,PostgreSQL
186,SQLite
187,Microsoft SQL Server
187,SQLite
188,MySQL
188,SQLite
189,Elasticsearch
189,PostgreSQL
189,SQLite
191,Microsoft SQL Server
191,PostgreSQL
191,SQLite
192,MongoDB
192,MySQL
192,PostgreSQL
192,Redis
193,MongoDB
193,MySQL
193,PostgreSQL
193,Redis
194,Couchbase
195,Couchbase
196,Elasticsearch
196,MongoDB
196,MySQL
196,PostgreSQL
196,Redis
197,Neo4J
197,PostgreSQL
199,PostgreSQL
201,MariaDB
201,MongoDB
202,MariaDB
202,MySQL
202,PostgreSQL
202,SQLite
203,PostgreSQL
205,Microsoft SQL Server
206,Couchbase
206,DynamoDB
206,Elasticsearch
206,MongoDB
207,Microsoft SQL Server
208,Couchbase
209,Couchbase
211,Microsoft SQL Server
211,MySQL
211,PostgreSQL
212,Couchbase
213,MariaDB
213,MySQL
213,PostgreSQL
213,SQLite
214,Microsoft SQL Server
214,MySQL
214,SQLite
215,Microsoft SQL Server
215,MySQL
215,SQLite
216,MariaDB
216,SQLite
217,Couchbase
218,Microsoft SQL Server
219,Couchbase
220,Couchbase
220,Microsoft SQL Server
220,MySQL
221,Couchbase
221,Microsoft SQL Server
221,MySQL
221,Oracle
221,PostgreSQL
221,SQLite
222,Microsoft SQL Server
225,Microsoft SQL Server
225,Oracle
226,Couchbase
227,PostgreSQL
228,Microsoft SQL Server
229,DynamoDB
229,PostgreSQL
229,Redis
229,SQLite
231,PostgreSQL
231,Redis
232,Microsoft SQL Server
232,MySQL
233,Microsoft SQL Server
234,MongoDB
235,Couchbase
235,Elasticsearch
235,Microsoft SQL Server
235,Oracle
236,PostgreSQL
237,Microsoft SQL Server
237,MongoDB
237,PostgreSQL
237,Redis
238,Microsoft SQL Server
239,PostgreSQL
239,SQLite
240,Microsoft SQL Server
240,MySQL
241,MariaDB
241,MongoDB
241,MySQL
241,Oracle
241,PostgreSQL
241,SQLite
244,Microsoft SQL Server
245,MongoDB
246,MySQL
247,Microsoft SQL Server
248,Couchbase
249,SQLite
250,MySQL
250,PostgreSQL
250,SQLite
251,SQLite
252,Firebase Realtime Database
253,DynamoDB
253,Microsoft SQL Server
254,DynamoDB
256,Elasticsearch
256,Neo4J
256,SQLite
257,Firebase Realtime Database
257,MariaDB
257,MySQL
257,Oracle
257,PostgreSQL
257,Redis
257,SQLite
258,PostgreSQL
258,SQLite
259,Elasticsearch
259,MongoDB
259,MySQL
259,Redis
260,Microsoft SQL Server
261,Microsoft SQL Server
262,PostgreSQL
263,SQLite
264,Elasticsearch
264,PostgreSQL
265,DynamoDB
265,Elasticsearch
265,MongoDB
265,MySQL
265,PostgreSQL
265,Redis
267,MySQL
267,PostgreSQL
267,Redis
268,MongoDB
268,MySQL
268,SQLite
269,Elasticsearch
269,Microsoft SQL Server
269,Redis
271,Couchbase
271,PostgreSQL
271,SQLite
272,Elasticsearch
272,MariaDB
272,PostgreSQL
272,SQLite
273,MariaDB
273,Microsoft SQL Server
273,MySQL
273,PostgreSQL
274,DynamoDB
274,PostgreSQL
274,Redis
275,Microsoft SQL Server
275,MongoDB
275,Oracle
275,Redis
276,Couchbase
277,Microsoft SQL Server
277,PostgreSQL
277,Redis
278,DynamoDB
278,Elasticsearch
278,Microsoft SQL Server
279,Microsoft SQL Server
279,Redis
279,SQLite
280,Redis
281,MySQL
281,Redis
283,Elasticsearch
283,MongoDB
283,MySQL
283,Redis
284,MariaDB
284,MongoDB
284,MySQL
284,SQLite
285,Microsoft SQL Server
286,PostgreSQL
286,SQLite
287,DynamoDB
287,MariaDB
287,MySQL
288,DynamoDB
288,Microsoft SQL Server
288,Neo4J
288,Redis
288,SQLite
290,Microsoft SQL Server
290,SQLite
291,SQLite
292,Cassandra
292,MySQL
292,PostgreSQL
293,MariaDB
293,MongoDB
293,Oracle
293,PostgreSQL
293,SQLite
294,PostgreSQL
295,Couchbase
295,Elasticsearch
295,PostgreSQL
296,MongoDB
297,PostgreSQL
299,Microsoft SQL Server
300,Neo4J
300,PostgreSQL
301,Firebase Realtime Database
301,SQLite
302,Cloud Firestore
302,MongoDB
303,PostgreSQL
304,MySQL
305,Microsoft SQL Server
305,MongoDB
306,SQLite
307,Couchbase
308,PostgreSQL
308,Redis
310,IBM DB2
311,Elasticsearch
311,MariaDB
311,Microsoft SQL Server
312,MongoDB
312,MySQL
312,PostgreSQL
313,Microsoft SQL Server
314,MongoDB
315,DynamoDB
315,PostgreSQL
315,Redis
316,Couchbase
316,Elasticsearch
316,PostgreSQL
317,Microsoft SQL Server
318,Cloud Firestore
318,SQLite
321,Firebase Realtime Database
321,MongoDB
321,MySQL
322,Couch DB
323,IBM DB2
323,PostgreSQL
325,Couchbase
325,DynamoDB
325,Elasticsearch
325,MariaDB
325,MongoDB
325,MySQL
325,PostgreSQL
325,Redis
325,SQLite
326,MySQL
327,PostgreSQL
328,Firebase Realtime Database
328,PostgreSQL
328,SQLite
329,MariaDB
329,MySQL
329,PostgreSQL
329,SQLite
330,Microsoft SQL Server
330,PostgreSQL
331,Microsoft SQL Server
333,MariaDB
333,MongoDB
333,MySQL
333,PostgreSQL
333,SQLite
335,Elasticsearch
335,MySQL
335,Oracle
335,PostgreSQL
335,SQLite
336,PostgreSQL
337,PostgreSQL
338,PostgreSQL
339,Microsoft SQL Server
340,Microsoft SQL Server
341,Firebase Realtime Database
341,MySQL
342,MariaDB
342,Oracle
343,SQLite
344,DynamoDB
345,Couchbase
345,Microsoft SQL Server
346,DynamoDB
346,MongoDB
346,MySQL
346,PostgreSQL
346,Redis
347,MySQL
347,PostgreSQL
348,MySQL
348,SQLite
349,MySQL
349,Oracle
349,PostgreSQL
350,MongoDB
353,PostgreSQL
354,Microsoft SQL Server
354,SQLite
357,Oracle
358,Firebase Realtime Database
358,MongoDB
358,MySQL
358,SQLite
360,MariaDB
360,MySQL
360,SQLite
361,MySQL
361,PostgreSQL
362,SQLite
363,Microsoft SQL Server
363,MySQL
363,PostgreSQL
363,SQLite
365,PostgreSQL
365,SQLite
366,Cassandra
366,Couchbase
366,DynamoDB
366,MySQL
366,Neo4J
366,PostgreSQL
367,SQLite
368,PostgreSQL
369,Firebase Realtime Database
369,MariaDB
370,Elasticsearch
370,MariaDB
370,Microsoft SQL Server
370,MongoDB
370,PostgreSQL
370,Redis
370,SQLite
373,Microsoft SQL Server
373,Oracle
374,PostgreSQL
375,Couchbase
378,MySQL
378,PostgreSQL
378,Redis
378,SQLite
380,Microsoft SQL Server
380,MySQL
380,Oracle
380,SQLite
381,Couchbase
381,Microsoft SQL Server
381,MongoDB
381,MySQL
381,Oracle
381,PostgreSQL
382,PostgreSQL
382,SQLite
383,MariaDB
383,SQLite
384,MongoDB
384,MySQL
384,SQLite
385,DynamoDB
385,Elasticsearch
385,MySQL
385,PostgreSQL
385,Redis
386,DynamoDB
386,PostgreSQL
387,DynamoDB
387,Microsoft SQL Server
387,PostgreSQL
388,DynamoDB
388,MySQL
389,Microsoft SQL Server
390,MongoDB
391,Microsoft SQL Server
391,Redis
391,SQLite
392,SQLite
393,Microsoft SQL Server
393,MongoDB
393,Oracle
394,MySQL
395,Elasticsearch
395,MySQL
395,PostgreSQL
395,Redis
396,Microsoft SQL Server
396,MongoDB
396,MySQL
396,SQLite
397,Microsoft SQL Server
399,MySQL
399,PostgreSQL
399,SQLite
400,PostgreSQL
400,Redis
401,Elasticsearch
401,Microsoft SQL Server
401,PostgreSQL
402,Elasticsearch
402,MongoDB
402,PostgreSQL
402,Redis
403,MongoDB
404,MongoDB
404,MySQL
405,PostgreSQL
405,SQLite
406,DynamoDB
406,Elasticsearch
406,MongoDB
406,PostgreSQL
407,Microsoft SQL Server
407,MongoDB
408,MongoDB
408,Redis
409,Redis
410,PostgreSQL
410,Redis
411,MariaDB
412,PostgreSQL
412,Redis
413,Couchbase
414,Elasticsearch
414,PostgreSQL
414,SQLite
415,MariaDB
415,Neo4J
415,Oracle
415,PostgreSQL
415,SQLite
416,PostgreSQL
416,SQLite
417,Couchbase
418,MariaDB
418,MongoDB
418,MySQL
418,Neo4J
421,MongoDB
421,PostgreSQL
421,Redis
421,SQLite
422,DynamoDB
422,MongoDB
422,MySQL
422,PostgreSQL
422,Redis
422,SQLite
423,MySQL
423,PostgreSQL
425,MySQL
426,DynamoDB
426,Redis
426,SQLite
427,Elasticsearch
427,MongoDB
427,MySQL
427,PostgreSQL
428,MariaDB
428,Microsoft SQL Server
428,MongoDB
428,MySQL
428,PostgreSQL
428,Redis
428,SQLite
429,MySQL
429,Redis
430,MongoDB
430,PostgreSQL
430,SQLite
431,SQLite
432,Microsoft SQL Server
433,Microsoft SQL Server
433,SQLite
436,Microsoft SQL Server
436,MongoDB
436,MySQL
438,SQLite
439,MongoDB
440,Cassandra
440,Microsoft SQL Server
440,MongoDB
440,MySQL
441,PostgreSQL
441,SQLite
442,MariaDB
442,Microsoft SQL Server
442,MongoDB
442,MySQL
442,PostgreSQL
442,Redis
443,PostgreSQL
443,Redis
443,SQLite
445,Oracle
446,MongoDB
446,MySQL
447,DynamoDB
447,MySQL
447,PostgreSQL
447,Redis
448,PostgreSQL
448,SQLite
449,Cassandra
449,DynamoDB
449,Elasticsearch
449,MariaDB
449,PostgreSQL
449,Redis
451,SQLite
453,MariaDB
453,Microsoft SQL Server
453,MySQL
454,PostgreSQL
454,Redis
455,PostgreSQL
455,Redis
455,SQLite
456,MongoDB
456,MySQL
456,PostgreSQL
456,Redis
456,SQLite
457,MongoDB
457,SQLite
460,Elasticsearch
460,MongoDB
460,MySQL
462,PostgreSQL
463,DynamoDB
463,Elasticsearch
463,PostgreSQL
464,Cassandra
464,Microsoft SQL Server
464,PostgreSQL
465,Couchbase
465,SQLite
466,SQLite
467,MongoDB
467,MySQL
467,PostgreSQL
468,Microsoft SQL Server
468,Redis
468,SQLite
469,PostgreSQL
470,Microsoft SQL Server
470,MongoDB
470,MySQL
470,Neo4J
470,PostgreSQL
470,Redis
470,SQLite
471,MariaDB
471,MySQL
471,SQLite
472,SQLite
473,IBM DB2
473,Redis
474,SQLite
475,Microsoft SQL Server
476,Firebase Realtime Database
476,MongoDB
476,PostgreSQL
476,Redis
479,PostgreSQL
479,SQLite
481,Oracle
481,PostgreSQL
482,MariaDB
482,MongoDB
482,MySQL
482,PostgreSQL
482,SQLite
483,PostgreSQL
484,Couch DB
484,Couchbase
484,DynamoDB
484,MySQL
484,Oracle
484,Redis
484,SQLite
485,MongoDB
486,MariaDB
486,MySQL
486,PostgreSQL
486,Redis
486,SQLite
487,PostgreSQL
487,SQLite
488,Oracle
488,PostgreSQL
488,SQLite
490,MongoDB
490,MySQL
490,PostgreSQL
490,SQLite
491,Elasticsearch
491,MySQL
491,PostgreSQL
491,Redis
492,DynamoDB
492,PostgreSQL
493,MariaDB
493,Microsoft SQL Server
493,PostgreSQL
493,SQLite
494,MySQL
495,PostgreSQL
496,Microsoft SQL Server
496,PostgreSQL
497,Couchbase
500,Microsoft SQL Server
503,Microsoft SQL Server
503,MySQL
503,PostgreSQL
503,SQLite
504,MySQL
504,SQLite
505,Elasticsearch
505,MariaDB
505,Microsoft SQL Server
505,MongoDB
505,MySQL
505,PostgreSQL
505,Redis
505,SQLite
506,MariaDB
507,Elasticsearch
507,MongoDB
507,SQLite
508,MySQL
509,PostgreSQL
510,Microsoft SQL Server
511,MongoDB
511,MySQL
511,Neo4J
511,PostgreSQL
511,Redis
514,Couchbase
515,MySQL
517,Microsoft SQL Server
519,MySQL
519,PostgreSQL
519,Redis
520,MariaDB
520,MySQL
520,PostgreSQL
520,Redis
520,SQLite
521,Microsoft SQL Server
521,SQLite
522,Elasticsearch
522,MongoDB
522,Oracle
522,PostgreSQL
522,Redis
523,PostgreSQL
523,Redis
524,Elasticsearch
524,MongoDB
524,PostgreSQL
524,Redis
525,Couchbase
526,Cloud Firestore
526,Firebase Realtime Database
526,MongoDB
526,PostgreSQL
527,MySQL
528,MySQL
529,MariaDB
529,PostgreSQL
530,MariaDB
530,Microsoft SQL Server
530,MySQL
530,SQLite
531,Microsoft SQL Server
531,Neo4J
532,SQLite
533,MySQL
534,DynamoDB
534,Microsoft SQL Server
536,PostgreSQL
537,Elasticsearch
537,MongoDB
537,PostgreSQL
538,Microsoft SQL Server
538,MySQL
538,Redis
538,SQLite
539,PostgreSQL
540,Elasticsearch
540,PostgreSQL
540,SQLite
541,DynamoDB
541,MongoDB
541,PostgreSQL
541,Redis
541,SQLite
543,Couchbase
545,PostgreSQL
545,SQLite
546,Redis
547,Microsoft SQL Server
547,SQLite
548,SQLite
549,Microsoft SQL Server
549,MySQL
550,Microsoft SQL Server
551,DynamoDB
551,MariaDB
551,MongoDB
551,MySQL
551,PostgreSQL
551,Redis
551,SQLite
552,Elasticsearch
552,MongoDB
552,MySQL
552,PostgreSQL
552,Redis
552,SQLite
553,Microsoft SQL Server
554,DynamoDB
554,Firebase Realtime Database
554,MongoDB
554,MySQL
554,PostgreSQL
555,MongoDB
555,SQLite
556,PostgreSQL
557,MySQL
558,Microsoft SQL Server
559,Oracle
560,PostgreSQL
560,SQLite
561,Oracle
561,PostgreSQL
562,MongoDB
562,Oracle
562,PostgreSQL
563,DynamoDB
563,Elasticsearch
563,MongoDB
564,Couchbase
564,SQLite
565,Microsoft SQL Server
565,PostgreSQL
565,Redis
565,SQLite
566,SQLite
567,MariaDB
567,MySQL
567,Redis
567,SQLite
568,MariaDB
568,PostgreSQL
568,SQLite
569,MariaDB
569,MySQL
570,Couchbase
573,Elasticsearch
573,MongoDB
573,PostgreSQL
573,Redis
573,SQLite
574,MongoDB
575,Couchbase
577,PostgreSQL
578,SQLite
579,PostgreSQL
580,Couchbase
580,MySQL
581,Microsoft SQL Server
581,Oracle
582,Microsoft SQL Server
583,PostgreSQL
583,SQLite
584,Elasticsearch
584,Microsoft SQL Server
584,PostgreSQL
584,Redis
584,SQLite
586,Microsoft SQL Server
586,MySQL
587,Cloud Firestore
587,Firebase Realtime Database
587,PostgreSQL
589,DynamoDB
589,Microsoft SQL Server
590,DynamoDB
591,Oracle
592,Cassandra
592,Elasticsearch
592,MariaDB
592,MySQL
592,PostgreSQL
592,Redis
592,SQLite
594,Microsoft SQL Server
595,MariaDB
595,Microsoft SQL Server
595,MySQL
595,Neo4J
595,Oracle
596,MariaDB
596,Redis
597,MySQL
597,PostgreSQL
598,MongoDB
598,MySQL
599,Firebase Realtime Database
599,MariaDB
599,MySQL
601,MongoDB
601,PostgreSQL
601,Redis
602,MariaDB
602,MySQL
602,Redis
602,SQLite
603,MongoDB
603,Redis
604,PostgreSQL
607,SQLite
608,Elasticsearch
608,MongoDB
608,Redis
611,PostgreSQL
612,Redis
612,SQLite
613,Elasticsearch
613,Oracle
614,DynamoDB
614,Elasticsearch
614,PostgreSQL
614,Redis
615,Elasticsearch
615,PostgreSQL
615,Redis
616,Cloud Firestore
616,MongoDB
616,Oracle
617,Microsoft SQL Server
617,PostgreSQL
617,SQLite
618,Microsoft SQL Server
619,PostgreSQL
620,SQLite
621,Microsoft SQL Server
622,MySQL
623,Microsoft SQL Server
623,Redis
624,PostgreSQL
624,Redis
624,SQLite
625,MariaDB
625,MongoDB
625,MySQL
627,SQLite
628,MySQL
628,PostgreSQL
629,MongoDB
630,Microsoft SQL Server
630,PostgreSQL
630,Redis
630,SQLite
631,Couchbase
632,MySQL
633,DynamoDB
633,PostgreSQL
633,Redis
634,Microsoft SQL Server
634,MongoDB
635,MariaDB
635,MongoDB
635,MySQL
635,SQLite
636,MariaDB
636,MySQL
636,PostgreSQL
636,SQLite
637,Microsoft SQL Server
638,MariaDB
638,MySQL
640,Oracle
641,DynamoDB
641,MySQL
641,PostgreSQL
642,DynamoDB
642,MongoDB
643,PostgreSQL
643,SQLite
644,MySQL
644,PostgreSQL
645,MongoDB
645,MySQL
647,Oracle
647,PostgreSQL
647,SQLite
649,MySQL
649,PostgreSQL
650,Redis
650,SQLite
651,Microsoft SQL Server
652,MariaDB
652,MySQL
653,MariaDB
653,MySQL
653,PostgreSQL
653,Redis
653,SQLite
654,Couchbase
655,Elasticsearch
655,PostgreSQL
655,Redis
656,MongoDB
656,SQLite
657,Microsoft SQL Server
657,PostgreSQL
657,Redis
657,SQLite
658,MariaDB
658,Microsoft SQL Server
658,MongoDB
658,MySQL
658,PostgreSQL
658,Redis
659,PostgreSQL
659,SQLite
660,MySQL
660,Oracle
660,PostgreSQL
660,SQLite
662,PostgreSQL
662,SQLite
663,Microsoft SQL Server
664,MySQL
664,PostgreSQL
664,Redis
665,DynamoDB
665,MySQL
665,Redis
666,PostgreSQL
666,SQLite
667,Elasticsearch
667,Redis
668,Microsoft SQL Server
668,MySQL
669,MySQL
671,Microsoft SQL Server
672,PostgreSQL
672,Redis
674,Couchbase
674,MongoDB
674,MySQL
674,PostgreSQL
674,SQLite
675,Firebase Realtime Database
675,PostgreSQL
675,Redis
675,SQLite
676,Microsoft SQL Server
676,Oracle
677,Elasticsearch
677,MySQL
677,PostgreSQL
677,SQLite
678,Microsoft SQL Server
678,Oracle
678,Redis
679,Couchbase
682,Firebase Realtime Database
682,MongoDB
682,MySQL
682,PostgreSQL
682,Redis
683,PostgreSQL
683,Redis
684,Cassandra
684,DynamoDB
684,Elasticsearch
684,MongoDB
684,PostgreSQL
684,Redis
685,DynamoDB
685,MariaDB
685,Microsoft SQL Server
685,MongoDB
685,MySQL
685,PostgreSQL
685,Redis
685,SQLite
686,Microsoft SQL Server
688,MySQL
689,MySQL
689,Oracle
691,Elasticsearch
691,MariaDB
691,Oracle
691,PostgreSQL
693,MongoDB
694,Redis
694,SQLite
695,MongoDB
695,MySQL
695,PostgreSQL
696,MariaDB
696,PostgreSQL
697,MariaDB
697,MongoDB
697,MySQL
698,MariaDB
698,Microsoft SQL Server
698,MongoDB
698,Oracle
698,SQLite
699,Couchbase
700,Firebase Realtime Database
700,MongoDB
700,PostgreSQL
700,Redis
701,DynamoDB
701,MySQL
702,Microsoft SQL Server
702,MySQL
702,Redis
703,Microsoft SQL Server
704,Elasticsearch
704,MariaDB
704,MySQL
704,PostgreSQL
706,Couchbase
706,Elasticsearch
706,Microsoft SQL Server
706,MongoDB
706,MySQL
706,Oracle
706,PostgreSQL
706,SQLite
707,Microsoft SQL Server
708,Couchbase
708,Microsoft SQL Server
708,MySQL
708,Oracle
709,Oracle
709,PostgreSQL
709,Redis
710,MariaDB
711,Oracle
711,PostgreSQL
713,MariaDB
713,Microsoft SQL Server
713,PostgreSQL
714,PostgreSQL
714,SQLite
715,Microsoft SQL Server
715,Oracle
715,PostgreSQL
715,Redis
715,SQLite
716,MariaDB
716,PostgreSQL
716,SQLite
717,Couchbase
717,MySQL
717,PostgreSQL
719,Microsoft SQL Server
719,SQLite
720,Oracle
721,Cassandra
721,Couchbase
721,DynamoDB
721,Elasticsearch
721,MariaDB
721,Neo4J
721,PostgreSQL
721,Redis
721,SQLite
722,MongoDB
722,MySQL
722,Redis
723,MariaDB
723,MongoDB
723,PostgreSQL
723,SQLite
724,MongoDB
724,PostgreSQL
725,PostgreSQL
725,SQLite
726,Elasticsearch
726,Microsoft SQL Server
726,PostgreSQL
727,DynamoDB
727,MySQL
727,Oracle
727,PostgreSQL
728,MySQL
728,PostgreSQL
729,DynamoDB
729,Elasticsearch
729,MariaDB
729,Microsoft SQL Server
729,PostgreSQL
729,Redis
729,SQLite
730,DynamoDB
730,MongoDB
730,PostgreSQL
730,Redis
731,PostgreSQL
731,Redis
731,SQLite
732,Microsoft SQL Server
733,MariaDB
733,PostgreSQL
733,Redis
735,MongoDB
736,PostgreSQL
738,Cloud Firestore
738,Microsoft SQL Server
738,PostgreSQL
739,Microsoft SQL Server
740,PostgreSQL
741,PostgreSQL
741,SQLite
743,Cloud Firestore
743,Firebase Realtime Database
744,MariaDB
744,PostgreSQL
745,PostgreSQL
746,MariaDB
746,Redis
747,IBM DB2
747,PostgreSQL
747,Redis
747,SQLite
748,Firebase Realtime Database
748,Redis
748,SQLite
749,Elasticsearch
749,IBM DB2
749,Microsoft SQL Server
749,Redis
751,DynamoDB
751,Redis
752,Elasticsearch
752,MariaDB
753,PostgreSQL
754,SQLite
756,Elasticsearch
756,PostgreSQL
756,Redis
756,SQLite
757,MongoDB
758,Microsoft SQL Server
758,PostgreSQL
758,SQLite
759,Elasticsearch
759,MySQL
760,Microsoft SQL Server
761,MariaDB
762,MariaDB
762,MySQL
763,MariaDB
763,MySQL
763,PostgreSQL
763,Redis
763,SQLite
764,MongoDB
764,MySQL
764,PostgreSQL
764,Redis
766,MongoDB
766,PostgreSQL
766,Redis
766,SQLite
767,Elasticsearch
767,Microsoft SQL Server
767,PostgreSQL
767,Redis
767,SQLite
768,MySQL
768,PostgreSQL
769,Microsoft SQL Server
769,SQLite
770,PostgreSQL
771,PostgreSQL
772,Elasticsearch
772,PostgreSQL
773,Cloud Firestore
773,PostgreSQL
773,Redis
774,PostgreSQL
774,Redis
774,SQLite
775,MySQL
776,Couch DB
776,PostgreSQL
776,SQLite
777,Elasticsearch
777,Neo4J
777,PostgreSQL
777,Redis
777,SQLite
778,Redis
778,SQLite
779,Elasticsearch
779,MySQL
779,Redis
779,SQLite
780,Elasticsearch
780,PostgreSQL
780,Redis
781,Oracle
782,DynamoDB
783,PostgreSQL
783,SQLite
784,PostgreSQL
784,Redis
784,SQLite
786,PostgreSQL
786,SQLite
787,DynamoDB
788,Elasticsearch
788,MariaDB
788,MySQL
788,PostgreSQL
788,Redis
788,SQLite
790,Couchbase
790,MySQL
791,Neo4J
791,PostgreSQL
791,SQLite
792,Cassandra
792,Elasticsearch
792,Oracle
792,PostgreSQL
792,Redis
793,SQLite
794,MongoDB
795,MariaDB
795,MySQL
795,Oracle
795,PostgreSQL
796,Elasticsearch
796,Neo4J
796,PostgreSQL
797,DynamoDB
797,PostgreSQL
798,SQLite
799,Firebase Realtime Database
802,Firebase Realtime Database
802,MongoDB
802,PostgreSQL
803,MySQL
803,SQLite
804,MySQL
805,PostgreSQL
806,Microsoft SQL Server
806,PostgreSQL
806,Redis
806,SQLite
807,PostgreSQL
807,Redis
808,MySQL
808,PostgreSQL
809,MariaDB
809,MySQL
809,Redis
809,SQLite
810,DynamoDB
810,PostgreSQL
811,Microsoft SQL Server
814,MariaDB
814,MySQL
814,PostgreSQL
814,SQLite
815,Couchbase
816,MariaDB
816,MongoDB
816,MySQL
816,PostgreSQL
816,Redis
816,SQLite
817,PostgreSQL
817,Redis
817,SQLite
818,Firebase Realtime Database
818,MongoDB
818,PostgreSQL
819,MongoDB
819,MySQL
819,SQLite
820,PostgreSQL
820,Redis
823,DynamoDB
823,Elasticsearch
823,MariaDB
823,Microsoft SQL Server
823,MySQL
823,PostgreSQL
823,SQLite
825,MariaDB
825,MongoDB
825,PostgreSQL
825,Redis
826,PostgreSQL
826,SQLite
828,PostgreSQL
829,MariaDB
829,MongoDB
829,MySQL
829,PostgreSQL
829,Redis
829,SQLite
830,MariaDB
830,PostgreSQL
830,Redis
830,SQLite
831,MongoDB
832,Elasticsearch
832,PostgreSQL
832,SQLite
833,SQLite
834,PostgreSQL
835,MariaDB
835,MySQL
835,PostgreSQL
835,SQLite
836,MongoDB
837,Microsoft SQL Server
837,MongoDB
837,MySQL
837,PostgreSQL
838,Elasticsearch
838,MySQL
838,PostgreSQL
839,DynamoDB
839,MySQL
840,Firebase Realtime Database
840,MariaDB
840,MongoDB
840,PostgreSQL
840,Redis
840,SQLite
841,MariaDB
841,MongoDB
841,MySQL
841,PostgreSQL
841,Redis
841,SQLite
842,PostgreSQL
842,SQLite
843,Microsoft SQL Server
843,SQLite
844,MariaDB
844,MySQL
844,PostgreSQL
844,Redis
845,Microsoft SQL Server
846,Microsoft SQL Server
847,MySQL
849,PostgreSQL
849,Redis
851,Microsoft SQL Server
852,Cassandra
852,DynamoDB
852,Elasticsearch
852,Microsoft SQL Server
852,Redis
852,SQLite
853,Firebase Realtime Database
853,Redis
853,SQLite
854,MySQL
854,PostgreSQL
855,DynamoDB
855,Microsoft SQL Server
855,PostgreSQL
855,SQLite
857,Elasticsearch
857,PostgreSQL
858,MySQL
858,PostgreSQL
858,SQLite
859,PostgreSQL
859,SQLite
860,Couchbase
860,DynamoDB
860,Elasticsearch
860,MySQL
860,PostgreSQL
862,MongoDB
862,PostgreSQL
864,Microsoft SQL Server
864,PostgreSQL
864,Redis
865,MongoDB
867,SQLite
868,Couchbase
870,MongoDB
870,Oracle
871,Elasticsearch
871,Oracle
871,PostgreSQL
873,Couchbase
873,MongoDB
874,Elasticsearch
874,Microsoft SQL Server
874,MySQL
874,PostgreSQL
875,Microsoft SQL Server
875,MySQL
875,PostgreSQL
876,PostgreSQL
876,Redis
876,SQLite
877,MySQL
877,Oracle
877,Redis
877,SQLite
878,PostgreSQL
878,Redis
879,Elasticsearch
879,MariaDB
879,Microsoft SQL Server
879,Oracle
879,SQLite
881,MongoDB
881,Redis
882,MySQL
882,Redis
883,MariaDB
883,MySQL
884,Cloud Firestore
884,Elasticsearch
884,MySQL
884,PostgreSQL
884,SQLite
885,SQLite
887,Elasticsearch
887,PostgreSQL
888,PostgreSQL
889,MySQL
890,MariaDB
890,MongoDB
890,Redis
890,SQLite
891,DynamoDB
891,IBM DB2
891,MariaDB
891,Microsoft SQL Server
891,Oracle
891,PostgreSQL
891,SQLite
892,MongoDB
892,SQLite
893,PostgreSQL
894,MongoDB
894,Redis
895,DynamoDB
895,Elasticsearch
895,MariaDB
895,MySQL
895,Redis
896,PostgreSQL
896,Redis
897,PostgreSQL
897,Redis
898,PostgreSQL
899,Microsoft SQL Server
899,SQLite
900,SQLite
902,Cassandra
902,PostgreSQL
903,SQLite
904,MariaDB
904,MySQL
904,PostgreSQL
904,Redis
904,SQLite
905,Elasticsearch
905,MariaDB
905,MongoDB
905,Redis
907,MongoDB
907,MySQL
908,Microsoft SQL Server
908,SQLite
910,PostgreSQL
911,DynamoDB
912,PostgreSQL
913,Cloud Firestore
913,MongoDB
914,SQLite
915,Couchbase
916,PostgreSQL
917,Cassandra
917,Couch DB
917,PostgreSQL
917,Redis
918,MongoDB
920,SQLite
921,PostgreSQL
921,SQLite
923,PostgreSQL
923,Redis
924,MongoDB
924,MySQL
925,PostgreSQL
925,Redis
925,SQLite
926,Elasticsearch
926,SQLite
927,PostgreSQL
928,Couch DB
928,Elasticsearch
928,PostgreSQL
928,Redis
928,SQLite
929,SQLite
930,IBM DB2
930,Microsoft SQL Server
931,MariaDB
931,MySQL
931,SQLite
932,MySQL
932,PostgreSQL
932,Redis
933,MongoDB
933,Neo4J
933,SQLite
936,Microsoft SQL Server
936,Redis
936,SQLite
937,MySQL
938,Elasticsearch
938,PostgreSQL
938,Redis
939,Firebase Realtime Database
941,PostgreSQL
941,Redis
941,SQLite
943,MongoDB
944,PostgreSQL
944,SQLite
945,Elasticsearch
945,MariaDB
945,Microsoft SQL Server
945,MongoDB
945,PostgreSQL
946,MySQL
947,Couchbase
948,Microsoft SQL Server
948,Oracle
949,DynamoDB
949,Elasticsearch
949,IBM DB2
949,MongoDB
949,MySQL
949,Oracle
949,PostgreSQL
949,Redis
950,Cassandra
950,Cloud Firestore
950,DynamoDB
950,MongoDB
950,MySQL
950,PostgreSQL
950,Redis
950,SQLite
951,MongoDB
951,PostgreSQL
951,Redis
953,Microsoft SQL Server
953,PostgreSQL
954,PostgreSQL
956,MariaDB
956,MySQL
956,Redis
956,SQLite
958,MariaDB
958,Microsoft SQL Server
958,MongoDB
958,SQLite
959,Couchbase
960,PostgreSQL
961,DynamoDB
962,DynamoDB
962,MongoDB
962,SQLite
963,PostgreSQL
964,Cloud Firestore
964,PostgreSQL
965,MariaDB
965,MySQL
966,Microsoft SQL Server
967,MySQL
968,MySQL
968,PostgreSQL
968,Redis
968,SQLite
969,PostgreSQL
970,Microsoft SQL Server
971,PostgreSQL
972,Couch DB
973,MariaDB
974,Microsoft SQL Server
974,MySQL
974,Oracle
975,SQLite
976,PostgreSQL
977,Elasticsearch
977,Neo4J
977,PostgreSQL
977,Redis
977,SQLite
979,DynamoDB
979,PostgreSQL
980,Elasticsearch
980,Microsoft SQL Server
980,SQLite
981,PostgreSQL
981,SQLite
984,MariaDB
984,Microsoft SQL Server
984,SQLite
985,MySQL
985,PostgreSQL
986,Cloud Firestore
986,MariaDB
986,MySQL
986,PostgreSQL
986,SQLite
987,PostgreSQL
987,Redis
988,PostgreSQL
988,Redis
989,DynamoDB
989,Elasticsearch
989,PostgreSQL
989,Redis
989,SQLite
990,Microsoft SQL Server
991,PostgreSQL
992,DynamoDB
992,Oracle
992,PostgreSQL
992,Redis
993,Microsoft SQL Server
994,MySQL
994,PostgreSQL
994,Redis
994,SQLite
995,MySQL
996,MongoDB
996,PostgreSQL
997,Microsoft SQL Server
998,MariaDB
1000,Microsoft SQL Server
1000,Redis
1002,MariaDB
1002,Microsoft SQL Server
1002,MySQL
1002,PostgreSQL
1002,SQLite
1003,Elasticsearch
1003,PostgreSQL
1004,MySQL
1004,Redis
1005,PostgreSQL
1006,Cassandra
1007,Cloud Firestore
1007,Firebase Realtime Database
1007,MySQL
1007,PostgreSQL
1007,SQLite
1008,Cloud Firestore
1008,PostgreSQL
1009,Elasticsearch
1009,MariaDB
1009,MySQL
1009,Redis
1009,SQLite
1011,PostgreSQL
1012,Cassandra
1012,Elasticsearch
1012,MongoDB
1012,MySQL
1012,Redis
1014,Cloud Firestore
1014,MariaDB
1014,PostgreSQL
1014,Redis
1014,SQLite
1015,Microsoft SQL Server
1015,MySQL
1016,SQLite
1017,MySQL
1019,Microsoft SQL Server
1019,MongoDB
1019,MySQL
1019,Redis
1019,SQLite
1020,MariaDB
1020,MongoDB
1020,MySQL
1020,PostgreSQL
1020,Redis
1021,Cloud Firestore
1021,Firebase Realtime Database
1021,Microsoft SQL Server
1022,Cloud Firestore
1022,Firebase Realtime Database
1023,Microsoft SQL Server
1023,PostgreSQL
1023,SQLite
1024,DynamoDB
1024,PostgreSQL
1024,Redis
1024,SQLite
1025,Cloud Firestore
1025,Microsoft SQL Server
1025,PostgreSQL
1025,SQLite
1026,Firebase Realtime Database
1026,MySQL
1026,PostgreSQL
1026,SQLite
1027,Oracle
1027,PostgreSQL
1027,Redis
1027,SQLite
1029,Cassandra
1029,MariaDB
1029,Redis
1029,SQLite
1030,PostgreSQL
1031,Cloud Firestore
1032,MariaDB
1032,MySQL
1032,SQLite
1033,SQLite
1034,MongoDB
1034,PostgreSQL
1035,PostgreSQL
1035,SQLite
1036,DynamoDB
1036,Firebase Realtime Database
1036,Oracle
1037,DynamoDB
1037,Elasticsearch
1037,Firebase Realtime Database
1037,MySQL
1037,PostgreSQL
1037,Redis
1038,Microsoft SQL Server
1038,MySQL
1038,PostgreSQL
1038,Redis
1039,MySQL
1039,Redis
1039,SQLite
1040,Oracle
1041,DynamoDB
1041,Microsoft SQL Server
1043,Cloud Firestore
1043,Firebase Realtime Database
1043,MariaDB
1043,MySQL
1043,PostgreSQL
1043,Redis
1043,SQLite
1044,MySQL
1044,SQLite
1045,MySQL
1045,SQLite
1046,MySQL
1046,SQLite
1048,Elasticsearch
1048,MongoDB
1048,MySQL
1048,PostgreSQL
1050,MySQL
1050,PostgreSQL
1050,Redis
1050,SQLite
1051,DynamoDB
1051,Redis
1052,DynamoDB
1052,Microsoft SQL Server
1052,PostgreSQL
1053,Microsoft SQL Server
1053,SQLite
1054,MySQL
1054,PostgreSQL
1054,Redis
1054,SQLite
1055,MariaDB
1055,Microsoft SQL Server
1055,MySQL
1055,Oracle
1055,PostgreSQL
1057,Couchbase
1057,Elasticsearch
1057,MariaDB
1057,MySQL
1057,Neo4J
1057,PostgreSQL
1057,Redis
1057,SQLite
1058,MySQL
1058,PostgreSQL
1059,MongoDB
1059,PostgreSQL
1060,DynamoDB
1060,MariaDB
1060,MySQL
1060,PostgreSQL
1060,Redis
1060,SQLite
1061,MongoDB
1061,PostgreSQL
1061,Redis
1062,DynamoDB
1062,Elasticsearch
1062,MongoDB
1062,MySQL
1062,Neo4J
1062,PostgreSQL
1064,Firebase Realtime Database
1064,PostgreSQL
1067,MongoDB
1067,Redis
1069,SQLite
1070,PostgreSQL
1072,Firebase Realtime Database
1072,MongoDB
1072,MySQL
1073,Cloud Firestore
1073,MySQL
1073,PostgreSQL
1074,Redis
1075,SQLite
1076,Microsoft SQL Server
1077,Microsoft SQL Server
1077,MySQL
1077,SQLite
1078,Microsoft SQL Server
1078,Oracle
1078,PostgreSQL
1079,PostgreSQL
1079,Redis
1080,MySQL
1081,MariaDB
1081,Microsoft SQL Server
1081,Oracle
1081,SQLite
1082,Microsoft SQL Server
1082,MySQL
1085,SQLite
1086,PostgreSQL
1088,MySQL
1088,SQLite
1090,Microsoft SQL Server
1091,SQLite
1092,MongoDB
1092,SQLite
1093,MongoDB
1094,MySQL
1094,PostgreSQL
1094,SQLite
1095,MongoDB
1096,MariaDB
1096,MongoDB
1096,MySQL
1097,DynamoDB
1097,Elasticsearch
1097,MariaDB
1097,MongoDB
1097,MySQL
1097,PostgreSQL
1097,Redis
1098,MySQL
1098,PostgreSQL
1099,Microsoft SQL Server
1099,MySQL
1099,SQLite
1100,Cloud Firestore
1100,Firebase Realtime Database
1100,Microsoft SQL Server
1101,MongoDB
1101,PostgreSQL
1101,Redis
1102,PostgreSQL
1103,PostgreSQL
1103,Redis
1104,MariaDB
1104,Microsoft SQL Server
1104,Oracle
1105,Couch DB
1107,Cloud Firestore
1107,MongoDB
1107,PostgreSQL
1107,Redis
1108,Microsoft SQL Server
1108,PostgreSQL
1109,SQLite
1110,Cassandra
1110,MariaDB
1110,PostgreSQL
1110,SQLite
1113,Elasticsearch
1113,PostgreSQL
1113,Redis
1115,Cloud Firestore
1115,Elasticsearch
1115,PostgreSQL
1115,Redis
1116,Couch DB
1116,Neo4J
1116,PostgreSQL
1119,SQLite
1120,PostgreSQL
1120,SQLite
1121,Couch DB
1121,Couchbase
1121,Elasticsearch
1121,Microsoft SQL Server
1121,MongoDB
1121,MySQL
1122,PostgreSQL
1122,Redis
1122,SQLite
1123,Couchbase
1123,PostgreSQL
1124,MySQL
1124,Oracle
1124,Redis
1126,DynamoDB
1126,PostgreSQL
1127,Microsoft SQL Server
1127,MySQL
1128,PostgreSQL
1128,SQLite
1129,PostgreSQL
1129,Redis
1130,MariaDB
1130,Microsoft SQL Server
1130,MySQL
1130,PostgreSQL
1131,Oracle
1134,MySQL
1135,MariaDB
1135,MongoDB
1135,MySQL
1135,PostgreSQL
1135,Redis
1137,Cloud Firestore
1137,MySQL
1138,MariaDB
1138,Microsoft SQL Server
1139,IBM DB2
1139,Oracle
1140,Oracle
1140,PostgreSQL
1141,PostgreSQL
1141,Redis
1143,Microsoft SQL Server
1143,MySQL
1143,SQLite
1144,Microsoft SQL Server
1145,Microsoft SQL Server
1145,PostgreSQL
1145,Redis
1145,SQLite
1146,PostgreSQL
1149,Cloud Firestore
1149,MongoDB
1149,PostgreSQL
1150,PostgreSQL
1152,Oracle
1154,Elasticsearch
1154,PostgreSQL
1155,Microsoft SQL Server
1156,MongoDB
1156,PostgreSQL
1157,MySQL
1157,SQLite
1158,Elasticsearch
1158,MariaDB
1158,PostgreSQL
1158,Redis
1159,Elasticsearch
1159,MongoDB
1159,MySQL
1159,PostgreSQL
1159,Redis
1160,MariaDB
1160,PostgreSQL
1160,Redis
1160,SQLite
1162,DynamoDB
1162,MongoDB
1162,PostgreSQL
1162,Redis
1163,Couchbase
1163,PostgreSQL
1164,Elasticsearch
1164,Microsoft SQL Server
1165,Microsoft SQL Server
1165,PostgreSQL
1166,MariaDB
1166,Redis
1166,SQLite
1167,Elasticsearch
1167,PostgreSQL
1168,Elasticsearch
1168,MySQL
1168,PostgreSQL
1168,SQLite
1169,SQLite
1170,Microsoft SQL Server
1171,MariaDB
1172,MongoDB
1172,PostgreSQL
1173,Cloud Firestore
1173,Firebase Realtime Database
1173,MariaDB
1173,MySQL
1173,PostgreSQL
1173,Redis
1173,SQLite
1174,Cloud Firestore
1174,Microsoft SQL Server
1174,PostgreSQL
1175,PostgreSQL
1176,Elasticsearch
1176,MariaDB
1177,MySQL
1177,PostgreSQL
1177,Redis
1178,Elasticsearch
1178,Microsoft SQL Server
1179,MariaDB
1179,MySQL
1179,PostgreSQL
1179,Redis
1179,SQLite
1180,Couchbase
1180,PostgreSQL
1180,SQLite
1181,MariaDB
1181,PostgreSQL
1182,DynamoDB
1182,PostgreSQL
1182,Redis
1184,Elasticsearch
1184,MariaDB
1184,MongoDB
1184,MySQL
1184,Redis
1185,SQLite
1186,PostgreSQL
1187,SQLite
1188,Elasticsearch
1188,PostgreSQL
1189,Couchbase
1191,DynamoDB
1191,MySQL
1191,PostgreSQL
1192,PostgreSQL
1193,PostgreSQL
1193,Redis
1194,Elasticsearch
1194,MariaDB
1194,MongoDB
1194,MySQL
1194,PostgreSQL
1194,Redis
1194,SQLite
1196,PostgreSQL
1196,SQLite
1197,DynamoDB
1197,Elasticsearch
1199,PostgreSQL
1199,SQLite
1202,Cloud Firestore
1202,Elasticsearch
1202,MariaDB
1202,MongoDB
1202,PostgreSQL
1206,Firebase Realtime Database
1206,MySQL
1206,SQLite
1207,Microsoft SQL Server
1207,Oracle
1207,SQLite
1210,MongoDB
1210,PostgreSQL
1210,Redis
1211,MariaDB
1211,Microsoft SQL Server
1211,PostgreSQL
1211,Redis
1211,SQLite
1212,Oracle
