ResponseId,PlatformHaveWorkedWith
4,Firebase
4,Microsoft Azure
7,AWS
7,Google Cloud
7,Heroku
9,Digital Ocean
9,Firebase
10,AWS
10,Microsoft Azure
11,AWS
11,Microsoft Azure
12,AWS
13,AWS
13,Heroku
14,AWS
14,Digital Ocean
14,Heroku
15,AWS
15,Firebase
15,Google Cloud
15,Heroku
16,Google Cloud
16,VMware
17,AWS
17,Google Cloud
20,Firebase
21,Google Cloud
21,OVH
21,VMware
22,Google Cloud
22,Microsoft Azure
24,AWS
25,AWS
25,Microsoft Azure
26,AWS
27,Microsoft Azure
29,Microsoft Azure
31,Microsoft Azure
32,AWS
32,Google Cloud
32,OVH
32,VMware
34,AWS
34,Heroku
34,OVH
36,AWS
36,VMware
37,AWS
37,Heroku
37,Linode
39,Microsoft Azure
39,VMware
40,AWS
40,Managed Hosting
40,Microsoft Azure
41,AWS
41,Google Cloud
42,AWS
42,Microsoft Azure
51,AWS
52,AWS
52,Google Cloud
52,IBM Cloud Or Watson
52,Microsoft Azure
52,Oracle Cloud Infrastructure
53,AWS
54,Microsoft Azure
55,AWS
55,Microsoft Azure
55,VMware
57,Microsoft Azure
60,AWS
60,Google Cloud
60,OpenStack
61,Heroku
62,OVH
63,Firebase
63,Google Cloud
63,Heroku
66,AWS
67,AWS
67,Firebase
67,Google Cloud
67,VMware
68,AWS
69,Digital Ocean
70,Firebase
70,Google Cloud
71,Google Cloud
72,Google Cloud
72,Microsoft Azure
72,VMware
73,AWS
73,Google Cloud
76,Microsoft Azure
79,AWS
80,Microsoft Azure
80,VMware
83,Heroku
84,AWS
87,AWS
87,Firebase
87,Google Cloud
87,Linode
87,Microsoft Azure
90,Heroku
91,AWS
93,AWS
93,Firebase
93,Google Cloud
96,AWS
96,Google Cloud
96,Heroku
97,AWS
97,Firebase
97,Google Cloud
97,Microsoft Azure
99,Microsoft Azure
102,Microsoft Azure
104,Firebase
105,AWS
105,Heroku
106,Digital Ocean
106,Firebase
106,Heroku
109,AWS
109,Microsoft Azure
110,Firebase
110,Heroku
111,Microsoft Azure
111,VMware
113,AWS
113,Google Cloud
113,Managed Hosting
113,VMware
114,Digital Ocean
114,Firebase
114,IBM Cloud Or Watson
115,AWS
116,AWS
117,Microsoft Azure
118,Heroku
118,Microsoft Azure
119,Microsoft Azure
121,Google Cloud
122,AWS
122,Firebase
122,Heroku
123,Firebase
124,AWS
124,Digital Ocean
124,Google Cloud
126,Microsoft Azure
127,Digital Ocean
127,Google Cloud
127,Heroku
130,Digital Ocean
131,AWS
131,Google Cloud
133,AWS
133,Managed Hosting
134,AWS
135,AWS
135,Google Cloud
136,AWS
138,AWS
139,AWS
139,Google Cloud
139,IBM Cloud Or Watson
141,AWS
141,Microsoft Azure
142,AWS
143,AWS
143,Digital Ocean
143,Google Cloud
145,AWS
151,Oracle Cloud Infrastructure
152,AWS
152,Digital Ocean
152,Firebase
152,Google Cloud
152,Heroku
153,AWS
154,AWS
154,Firebase
154,Google Cloud
154,Microsoft Azure
155,AWS
155,Firebase
155,Google Cloud
155,Heroku
156,AWS
156,Microsoft Azure
158,AWS
158,Google Cloud
158,Microsoft Azure
161,AWS
162,AWS
162,Google Cloud
163,AWS
164,Digital Ocean
164,Microsoft Azure
166,Digital Ocean
166,Heroku
167,AWS
168,Google Cloud
170,AWS
171,AWS
172,AWS
173,Google Cloud
173,Heroku
173,Managed Hosting
175,AWS
175,Microsoft Azure
175,VMware
177,Firebase
177,Google Cloud
178,OpenStack
179,AWS
180,AWS
180,Microsoft Azure
181,AWS
182,AWS
182,Google Cloud
182,Microsoft Azure
183,AWS
183,Google Cloud
183,Microsoft Azure
187,Microsoft Azure
188,AWS
189,AWS
191,Microsoft Azure
192,AWS
192,Digital Ocean
193,Microsoft Azure
194,AWS
194,Microsoft Azure
194,VMware
195,AWS
195,Digital Ocean
196,AWS
196,Microsoft Azure
198,AWS
199,AWS
199,Digital Ocean
200,Microsoft Azure
201,AWS
201,Firebase
202,Digital Ocean
202,Heroku
202,Managed Hosting
206,AWS
206,Google Cloud
206,Microsoft Azure
208,Heroku
209,AWS
210,Microsoft Azure
212,AWS
212,Google Cloud
212,Microsoft Azure
215,Microsoft Azure
217,AWS
217,Google Cloud
217,Microsoft Azure
218,AWS
218,Managed Hosting
218,Microsoft Azure
218,OVH
218,VMware
219,AWS
219,Linode
220,AWS
220,VMware
221,AWS
221,Google Cloud
222,Microsoft Azure
223,AWS
226,AWS
226,Microsoft Azure
228,Microsoft Azure
229,AWS
232,AWS
234,AWS
234,Microsoft Azure
235,AWS
235,Google Cloud
235,Microsoft Azure
235,OpenStack
236,Firebase
237,AWS
237,Google Cloud
237,Microsoft Azure
239,AWS
239,Digital Ocean
239,Linode
241,VMware
245,Managed Hosting
246,Google Cloud
246,Linode
247,Colocation
247,Microsoft Azure
247,VMware
248,AWS
250,Managed Hosting
253,AWS
254,AWS
256,Google Cloud
257,AWS
257,Digital Ocean
257,Google Cloud
257,Linode
257,Microsoft Azure
257,VMware
258,Digital Ocean
259,AWS
260,Microsoft Azure
264,Google Cloud
265,AWS
266,Microsoft Azure
267,AWS
268,AWS
268,Heroku
268,Oracle Cloud Infrastructure
269,AWS
269,Google Cloud
269,Microsoft Azure
270,Heroku
271,AWS
271,OVH
272,Microsoft Azure
273,VMware
274,AWS
275,AWS
275,Microsoft Azure
276,AWS
277,AWS
277,Google Cloud
277,VMware
278,AWS
278,Microsoft Azure
279,AWS
279,Microsoft Azure
280,AWS
280,Heroku
281,Digital Ocean
283,AWS
285,Microsoft Azure
287,AWS
288,AWS
292,AWS
292,Digital Ocean
295,Digital Ocean
295,OVH
296,AWS
297,AWS
298,Microsoft Azure
299,Microsoft Azure
300,Digital Ocean
300,Google Cloud
301,Firebase
302,Google Cloud
304,AWS
305,AWS
305,Digital Ocean
305,Microsoft Azure
306,Firebase
306,Heroku
307,AWS
307,Google Cloud
307,Microsoft Azure
308,AWS
308,Heroku
310,IBM Cloud Or Watson
311,AWS
311,Microsoft Azure
312,AWS
313,Microsoft Azure
315,AWS
315,Google Cloud
316,AWS
316,Digital Ocean
318,Firebase
318,Google Cloud
320,Firebase
321,Firebase
321,Google Cloud
322,IBM Cloud Or Watson
325,AWS
325,Digital Ocean
325,Google Cloud
325,Microsoft Azure
325,OVH
326,Microsoft Azure
328,Digital Ocean
328,Firebase
328,Heroku
331,Microsoft Azure
336,AWS
336,Google Cloud
337,AWS
338,AWS
339,Microsoft Azure
340,Microsoft Azure
341,OVH
342,Microsoft Azure
343,AWS
343,Google Cloud
343,Microsoft Azure
344,AWS
345,AWS
345,Microsoft Azure
346,AWS
347,AWS
347,Digital Ocean
347,Google Cloud
347,VMware
348,Microsoft Azure
349,AWS
349,Oracle Cloud Infrastructure
353,AWS
353,Google Cloud
354,Google Cloud
356,Firebase
358,AWS
358,Digital Ocean
358,Firebase
358,Heroku
360,Linode
360,Microsoft Azure
361,AWS
363,AWS
363,Microsoft Azure
365,AWS
365,Heroku
365,Linode
365,Microsoft Azure
366,AWS
369,Firebase
370,AWS
370,VMware
371,AWS
371,Digital Ocean
372,Google Cloud
373,Firebase
374,AWS
376,Microsoft Azure
377,Google Cloud
378,Digital Ocean
378,Google Cloud
378,OVH
380,Microsoft Azure
380,VMware
381,Google Cloud
384,Microsoft Azure
385,AWS
385,Digital Ocean
386,AWS
387,AWS
388,AWS
388,Digital Ocean
390,Heroku
390,Microsoft Azure
391,Google Cloud
391,Microsoft Azure
392,OpenStack
393,Microsoft Azure
394,AWS
394,Digital Ocean
395,AWS
395,Google Cloud
395,OVH
396,Digital Ocean
396,Firebase
396,Google Cloud
396,Heroku
396,IBM Cloud Or Watson
397,Microsoft Azure
398,Oracle Cloud Infrastructure
399,AWS
399,Digital Ocean
399,Managed Hosting
401,AWS
401,Google Cloud
402,AWS
402,VMware
403,AWS
404,AWS
404,Microsoft Azure
405,AWS
406,AWS
407,Google Cloud
408,AWS
408,Heroku
410,AWS
410,Digital Ocean
410,Heroku
412,AWS
412,Digital Ocean
412,Linode
413,AWS
413,Google Cloud
414,AWS
415,AWS
415,OVH
418,Google Cloud
421,Heroku
422,AWS
422,Linode
423,Heroku
426,AWS
426,Google Cloud
427,AWS
427,Digital Ocean
427,Google Cloud
428,AWS
428,Digital Ocean
428,Firebase
428,Google Cloud
428,Microsoft Azure
428,OVH
428,VMware
429,AWS
429,Digital Ocean
429,Google Cloud
430,AWS
430,Digital Ocean
430,Linode
430,OVH
432,AWS
439,Microsoft Azure
440,AWS
440,Microsoft Azure
441,AWS
441,Google Cloud
442,AWS
442,Digital Ocean
443,Microsoft Azure
446,VMware
447,AWS
448,AWS
448,Google Cloud
448,OVH
448,OpenStack
448,VMware
449,AWS
449,Firebase
449,Google Cloud
453,AWS
453,Digital Ocean
453,IBM Cloud Or Watson
453,Microsoft Azure
453,VMware
454,AWS
454,Microsoft Azure
455,AWS
455,Digital Ocean
455,Firebase
455,Google Cloud
455,Microsoft Azure
457,Digital Ocean
457,Oracle Cloud Infrastructure
458,Google Cloud
460,AWS
460,Microsoft Azure
463,AWS
463,Google Cloud
465,AWS
467,AWS
467,Microsoft Azure
468,Managed Hosting
468,Microsoft Azure
468,VMware
469,Google Cloud
470,Google Cloud
470,Linode
470,Microsoft Azure
471,Google Cloud
472,Digital Ocean
475,Microsoft Azure
476,Firebase
476,Heroku
476,Linode
483,AWS
484,AWS
484,Digital Ocean
484,Google Cloud
484,Microsoft Azure
485,Microsoft Azure
485,Oracle Cloud Infrastructure
486,Heroku
487,Digital Ocean
487,Heroku
487,IBM Cloud Or Watson
488,AWS
488,Digital Ocean
488,Google Cloud
489,Managed Hosting
490,AWS
490,Digital Ocean
490,Microsoft Azure
492,AWS
493,Microsoft Azure
496,Microsoft Azure
497,AWS
497,Microsoft Azure
499,Microsoft Azure
500,Digital Ocean
501,Microsoft Azure
503,Managed Hosting
503,Microsoft Azure
505,AWS
505,Digital Ocean
505,Google Cloud
505,Managed Hosting
505,Microsoft Azure
508,Linode
508,Microsoft Azure
509,AWS
510,Microsoft Azure
511,AWS
511,Heroku
512,Google Cloud
514,AWS
515,Digital Ocean
519,AWS
522,AWS
522,Microsoft Azure
523,Digital Ocean
524,AWS
525,AWS
526,Firebase
526,Google Cloud
526,Heroku
526,Microsoft Azure
527,AWS
528,AWS
529,AWS
529,OVH
530,Managed Hosting
531,Microsoft Azure
533,Heroku
536,AWS
536,Digital Ocean
538,AWS
538,Microsoft Azure
539,AWS
539,Google Cloud
540,AWS
541,AWS
543,AWS
545,AWS
545,Microsoft Azure
548,Linode
549,Microsoft Azure
549,OpenStack
551,AWS
551,Managed Hosting
552,Google Cloud
552,Heroku
552,OVH
553,Microsoft Azure
554,AWS
554,Firebase
558,AWS
558,Microsoft Azure
561,Microsoft Azure
562,Google Cloud
563,AWS
563,OVH
564,AWS
564,Google Cloud
564,Microsoft Azure
565,AWS
566,Digital Ocean
566,Microsoft Azure
566,Oracle Cloud Infrastructure
566,VMware
568,OVH
570,Digital Ocean
570,Linode
572,OVH
573,AWS
573,Managed Hosting
574,AWS
575,AWS
575,VMware
577,AWS
578,Google Cloud
579,AWS
579,Google Cloud
579,Oracle Cloud Infrastructure
580,AWS
583,AWS
583,Heroku
584,Digital Ocean
586,AWS
587,Firebase
589,AWS
590,AWS
591,Microsoft Azure
592,AWS
592,Google Cloud
592,Managed Hosting
593,Firebase
593,Google Cloud
594,Microsoft Azure
595,AWS
595,VMware
596,Google Cloud
598,Google Cloud
599,AWS
599,Firebase
599,VMware
601,Digital Ocean
602,AWS
602,Linode
603,Heroku
605,AWS
605,Firebase
605,Google Cloud
606,AWS
607,AWS
607,Heroku
608,AWS
608,Heroku
611,Microsoft Azure
612,Google Cloud
613,OVH
614,AWS
614,Digital Ocean
614,OVH
615,AWS
616,AWS
616,Google Cloud
617,Microsoft Azure
618,Microsoft Azure
619,AWS
619,Microsoft Azure
621,Microsoft Azure
622,Digital Ocean
623,Microsoft Azure
625,AWS
626,Oracle Cloud Infrastructure
627,Digital Ocean
628,Heroku
629,AWS
630,AWS
630,Google Cloud
630,Oracle Cloud Infrastructure
631,AWS
632,AWS
633,AWS
634,Microsoft Azure
635,Managed Hosting
636,AWS
636,OpenStack
637,Microsoft Azure
638,Microsoft Azure
641,AWS
642,AWS
645,Heroku
646,Digital Ocean
647,Google Cloud
647,Managed Hosting
649,Firebase
649,Google Cloud
649,Heroku
650,AWS
650,Google Cloud
650,Managed Hosting
652,Managed Hosting
653,Digital Ocean
653,OVH
653,OpenStack
653,VMware
654,AWS
654,Digital Ocean
654,Google Cloud
654,Microsoft Azure
655,AWS
655,Digital Ocean
655,Google Cloud
656,Firebase
656,Microsoft Azure
657,AWS
657,Microsoft Azure
658,AWS
658,Microsoft Azure
659,Digital Ocean
660,Digital Ocean
660,Heroku
662,Microsoft Azure
663,Microsoft Azure
664,Colocation
664,Digital Ocean
664,Google Cloud
665,AWS
667,Microsoft Azure
668,VMware
669,AWS
669,Google Cloud
671,AWS
671,Digital Ocean
671,Heroku
671,Microsoft Azure
672,Digital Ocean
674,AWS
674,Google Cloud
675,AWS
675,Firebase
675,Heroku
677,Google Cloud
678,AWS
679,AWS
679,Managed Hosting
680,Linode
682,AWS
682,Digital Ocean
682,Firebase
682,Heroku
683,AWS
684,AWS
684,Digital Ocean
684,Google Cloud
685,AWS
686,Microsoft Azure
691,AWS
691,VMware
693,AWS
694,Firebase
694,Google Cloud
695,AWS
696,AWS
696,Digital Ocean
699,AWS
699,Google Cloud
701,AWS
702,AWS
704,AWS
706,AWS
706,Firebase
706,Google Cloud
706,Heroku
706,Microsoft Azure
706,VMware
708,AWS
709,Microsoft Azure
711,AWS
711,Digital Ocean
711,Heroku
711,Microsoft Azure
715,AWS
715,Microsoft Azure
716,Managed Hosting
717,AWS
717,Microsoft Azure
719,Microsoft Azure
721,AWS
721,Digital Ocean
721,Google Cloud
721,Managed Hosting
721,Microsoft Azure
721,OpenStack
721,VMware
722,AWS
723,AWS
723,Firebase
724,Google Cloud
726,Colocation
726,Digital Ocean
726,Google Cloud
726,Microsoft Azure
727,AWS
727,Heroku
728,Heroku
728,OVH
729,AWS
729,Digital Ocean
729,VMware
730,AWS
730,Digital Ocean
730,Google Cloud
730,Heroku
730,Microsoft Azure
732,Heroku
732,Microsoft Azure
734,AWS
734,Google Cloud
734,Heroku
736,AWS
736,Digital Ocean
738,Firebase
739,Microsoft Azure
740,AWS
741,Microsoft Azure
743,Firebase
743,Google Cloud
743,Heroku
744,Digital Ocean
745,AWS
745,Digital Ocean
747,AWS
747,VMware
748,Firebase
749,AWS
750,AWS
750,Heroku
751,AWS
752,AWS
752,Google Cloud
752,Microsoft Azure
752,OVH
752,VMware
753,AWS
755,Google Cloud
757,Microsoft Azure
758,Colocation
759,AWS
760,Microsoft Azure
761,Digital Ocean
762,Managed Hosting
763,Digital Ocean
763,OpenStack
764,AWS
766,Google Cloud
767,AWS
768,AWS
768,Google Cloud
769,Microsoft Azure
770,AWS
771,OpenStack
772,Google Cloud
772,Heroku
773,Firebase
773,Google Cloud
773,Heroku
774,AWS
774,Google Cloud
775,Microsoft Azure
776,AWS
776,Digital Ocean
776,Firebase
776,Google Cloud
777,VMware
778,Google Cloud
780,Microsoft Azure
782,AWS
784,AWS
784,Microsoft Azure
786,AWS
787,AWS
787,Google Cloud
788,AWS
788,Linode
788,Managed Hosting
790,AWS
791,AWS
792,Google Cloud
792,Oracle Cloud Infrastructure
792,VMware
795,AWS
795,Heroku
795,OpenStack
796,AWS
797,AWS
799,Firebase
801,AWS
802,Heroku
803,AWS
803,Google Cloud
803,Microsoft Azure
805,Google Cloud
806,Heroku
808,AWS
809,AWS
809,Digital Ocean
810,AWS
810,Google Cloud
810,Managed Hosting
811,Microsoft Azure
812,Heroku
814,AWS
814,Google Cloud
816,AWS
816,Digital Ocean
816,Heroku
818,AWS
818,Firebase
818,Heroku
819,Microsoft Azure
820,AWS
822,AWS
823,AWS
825,Digital Ocean
826,AWS
826,Google Cloud
827,AWS
827,Heroku
828,AWS
830,Colocation
830,Digital Ocean
830,Google Cloud
830,OpenStack
833,AWS
834,AWS
834,Digital Ocean
835,Digital Ocean
838,AWS
839,AWS
840,AWS
840,Google Cloud
840,Linode
841,AWS
842,AWS
842,Digital Ocean
843,AWS
844,AWS
844,Digital Ocean
844,Heroku
844,Managed Hosting
845,Microsoft Azure
846,Microsoft Azure
847,Heroku
849,AWS
850,Firebase
850,Google Cloud
850,Heroku
850,Oracle Cloud Infrastructure
851,AWS
852,AWS
853,AWS
853,Firebase
853,Microsoft Azure
854,Microsoft Azure
855,AWS
857,AWS
857,Heroku
858,AWS
858,Digital Ocean
858,Google Cloud
859,Digital Ocean
860,AWS
860,Google Cloud
860,OpenStack
862,Digital Ocean
862,OVH
864,Digital Ocean
865,AWS
869,AWS
869,Microsoft Azure
870,Digital Ocean
870,VMware
871,AWS
873,AWS
874,AWS
874,Digital Ocean
874,Firebase
874,Heroku
874,Microsoft Azure
878,AWS
879,Digital Ocean
879,Google Cloud
879,Microsoft Azure
880,Linode
881,AWS
882,OpenStack
883,AWS
883,Digital Ocean
884,AWS
884,Google Cloud
890,AWS
890,Google Cloud
890,Heroku
890,Microsoft Azure
891,AWS
893,Heroku
896,Digital Ocean
896,Google Cloud
898,Heroku
902,AWS
902,Digital Ocean
904,Digital Ocean
904,Linode
905,Google Cloud
905,Managed Hosting
905,Microsoft Azure
906,Digital Ocean
908,AWS
910,Heroku
911,AWS
913,AWS
913,Firebase
913,Heroku
915,AWS
915,Google Cloud
915,Microsoft Azure
916,AWS
916,Linode
919,Digital Ocean
920,Microsoft Azure
923,Google Cloud
924,Digital Ocean
925,Colocation
925,Google Cloud
928,AWS
928,Google Cloud
928,VMware
929,AWS
929,Google Cloud
929,Microsoft Azure
930,Microsoft Azure
932,Digital Ocean
935,AWS
936,Microsoft Azure
938,AWS
938,Managed Hosting
939,AWS
939,Digital Ocean
939,Firebase
939,Google Cloud
940,AWS
940,Google Cloud
941,AWS
941,Google Cloud
942,Digital Ocean
943,AWS
943,Digital Ocean
943,Heroku
944,Microsoft Azure
945,Digital Ocean
945,Google Cloud
945,Microsoft Azure
946,AWS
946,Heroku
946,Microsoft Azure
948,Microsoft Azure
949,AWS
949,Digital Ocean
950,AWS
950,Firebase
950,Google Cloud
950,Heroku
953,Microsoft Azure
954,AWS
954,Microsoft Azure
956,AWS
956,Microsoft Azure
958,Microsoft Azure
959,AWS
961,AWS
962,AWS
962,Digital Ocean
962,Google Cloud
962,Microsoft Azure
962,OVH
963,AWS
963,Microsoft Azure
964,AWS
964,Firebase
964,Google Cloud
964,Microsoft Azure
965,AWS
965,Linode
966,AWS
966,Microsoft Azure
969,AWS
970,Microsoft Azure
971,AWS
971,Digital Ocean
972,Google Cloud
972,Heroku
973,Digital Ocean
974,AWS
975,Heroku
977,AWS
977,Microsoft Azure
977,OVH
979,AWS
980,Heroku
980,Managed Hosting
980,Microsoft Azure
983,Google Cloud
983,Microsoft Azure
984,Digital Ocean
984,Microsoft Azure
985,Google Cloud
985,Microsoft Azure
986,Firebase
986,Heroku
986,Microsoft Azure
987,Microsoft Azure
988,AWS
989,AWS
990,Microsoft Azure
991,Digital Ocean
991,Heroku
992,AWS
992,OVH
994,AWS
994,Microsoft Azure
996,Digital Ocean
997,Microsoft Azure
999,Firebase
1000,Google Cloud
1000,Microsoft Azure
1002,AWS
1002,Digital Ocean
1002,Google Cloud
1002,Managed Hosting
1002,Microsoft Azure
1002,OVH
1002,VMware
1004,Digital Ocean
1004,OVH
1005,AWS
1006,AWS
1006,Microsoft Azure
1006,VMware
1007,Digital Ocean
1007,Google Cloud
1007,Heroku
1008,AWS
1008,Digital Ocean
1008,Firebase
1008,Google Cloud
1008,Linode
1008,Microsoft Azure
1009,AWS
1009,Google Cloud
1010,AWS
1011,AWS
1014,Firebase
1015,Microsoft Azure
1017,Google Cloud
1017,Microsoft Azure
1019,Digital Ocean
1020,Digital Ocean
1021,Firebase
1021,Microsoft Azure
1022,AWS
1022,Firebase
1024,AWS
1025,Microsoft Azure
1026,AWS
1026,Firebase
1026,Heroku
1027,OVH
1028,AWS
1028,Digital Ocean
1029,Colocation
1029,Linode
1029,Managed Hosting
1030,AWS
1031,AWS
1031,Firebase
1033,AWS
1034,AWS
1036,AWS
1036,Firebase
1037,AWS
1038,AWS
1038,Microsoft Azure
1039,Heroku
1041,AWS
1041,Microsoft Azure
1043,AWS
1043,Digital Ocean
1043,Firebase
1043,Google Cloud
1043,IBM Cloud Or Watson
1044,VMware
1046,AWS
1050,AWS
1050,Google Cloud
1050,Heroku
1051,AWS
1052,AWS
1054,Heroku
1057,Microsoft Azure
1057,OpenStack
1057,VMware
1058,AWS
1059,Google Cloud
1059,VMware
1060,AWS
1060,Digital Ocean
1060,Google Cloud
1061,Digital Ocean
1061,Heroku
1062,AWS
1064,Firebase
1064,Heroku
1067,AWS
1069,Google Cloud
1070,AWS
1070,Microsoft Azure
1071,Heroku
1072,Heroku
1073,Google Cloud
1076,AWS
1078,AWS
1079,AWS
1081,Microsoft Azure
1082,Managed Hosting
1083,Heroku
1085,Heroku
1088,AWS
1092,Firebase
1092,Heroku
1094,Google Cloud
1094,OVH
1097,AWS
1097,Digital Ocean
1097,Microsoft Azure
1098,AWS
1100,Firebase
1100,Heroku
1101,Google Cloud
1101,Heroku
1102,AWS
1103,Heroku
1107,Firebase
1107,Google Cloud
1107,Heroku
1108,AWS
1109,Microsoft Azure
1110,OVH
1113,AWS
1113,Digital Ocean
1115,AWS
1115,Colocation
1115,Digital Ocean
1115,Google Cloud
1116,Digital Ocean
1116,OVH
1118,VMware
1120,Digital Ocean
1120,Linode
1121,AWS
1121,Heroku
1121,Microsoft Azure
1121,VMware
1124,Managed Hosting
1124,Microsoft Azure
1126,AWS
1126,Digital Ocean
1126,Google Cloud
1126,Heroku
1126,Linode
1126,Microsoft Azure
1126,OVH
1129,AWS
1130,VMware
1134,AWS
1134,Digital Ocean
1134,Firebase
1135,AWS
1135,Digital Ocean
1135,Firebase
1135,Heroku
1135,Linode
1135,Managed Hosting
1136,AWS
1136,Google Cloud
1136,Heroku
1136,Oracle Cloud Infrastructure
1137,AWS
1137,Firebase
1138,Microsoft Azure
1139,AWS
1139,Digital Ocean
1139,Google Cloud
1139,VMware
1141,AWS
1141,Google Cloud
1143,AWS
1143,Microsoft Azure
1144,AWS
1146,Digital Ocean
1146,Google Cloud
1149,Microsoft Azure
1149,VMware
1152,IBM Cloud Or Watson
1154,AWS
1155,Microsoft Azure
1156,AWS
1156,OVH
1157,Google Cloud
1158,Digital Ocean
1159,AWS
1159,Managed Hosting
1162,AWS
1164,Microsoft Azure
1165,Microsoft Azure
1166,Google Cloud
1168,AWS
1172,AWS
1173,AWS
1173,Digital Ocean
1173,Firebase
1173,Google Cloud
1173,Microsoft Azure
1174,Digital Ocean
1174,Firebase
1174,Google Cloud
1174,Microsoft Azure
1175,AWS
1175,Google Cloud
1175,Microsoft Azure
1175,VMware
1177,Google Cloud
1178,AWS
1179,AWS
1179,Linode
1181,Google Cloud
1181,Microsoft Azure
1182,AWS
1184,AWS
1184,Google Cloud
1184,Heroku
1186,AWS
1188,AWS
1189,AWS
1189,Microsoft Azure
1191,AWS
1191,Digital Ocean
1192,AWS
1193,AWS
1194,AWS
1194,Google Cloud
1194,Heroku
1194,IBM Cloud Or Watson
1194,Managed Hosting
1194,VMware
1196,Linode
1197,AWS
1198,VMware
1202,Firebase
1202,Google Cloud
1206,Firebase
1207,AWS
1210,Google Cloud
1213,AWS
1214,Digital Ocean
1215,AWS
1215,Managed Hosting
1216,Digital Ocean
1216,Google Cloud
1216,Microsoft Azure
1218,AWS
1218,Google Cloud
1219,Firebase
1219,Google Cloud
1219,Heroku
1219,Microsoft Azure
1219,OpenStack
1220,AWS
1221,AWS
1221,Digital Ocean
1223,Firebase
1224,AWS
1224,Digital Ocean
1224,Microsoft Azure
1224,OpenStack
1226,AWS
1226,Digital Ocean
1226,Microsoft Azure
1228,AWS
1228,Digital Ocean
1228,Google Cloud
1228,Linode
1228,Microsoft Azure
1228,VMware
1229,Microsoft Azure
1232,AWS
1232,Google Cloud
1234,AWS
1235,AWS
1235,Microsoft Azure
1236,Managed Hosting
1238,AWS
1238,Digital Ocean
1241,Managed Hosting
1241,VMware
1242,OVH
1244,AWS
1244,Google Cloud
1245,Google Cloud
1245,Heroku
1246,AWS
1247,AWS
1247,Digital Ocean
1248,AWS
1250,Digital Ocean
1250,Google Cloud
1252,Microsoft Azure
1253,Firebase
1254,Google Cloud
1256,Digital Ocean
1257,AWS
1258,AWS
1259,Digital Ocean
1261,Firebase
1261,Google Cloud
1262,Digital Ocean
1263,Digital Ocean
1263,Microsoft Azure
1264,AWS
1264,Colocation
1264,Linode
1266,AWS
1266,Digital Ocean
1266,Google Cloud
1268,OVH
1269,AWS
1270,AWS
1271,AWS
1271,Digital Ocean
1271,Heroku
1274,AWS
1274,Digital Ocean
1274,Heroku
1274,Managed Hosting
1274,OVH
1275,AWS
1275,Heroku
1276,AWS
1277,AWS
1278,Digital Ocean
1278,Google Cloud
1278,Microsoft Azure
1280,Google Cloud
1282,AWS
1283,AWS
1284,AWS
1285,AWS
1285,Google Cloud
1285,Microsoft Azure
1287,Microsoft Azure
1289,Managed Hosting
1290,AWS
1290,Microsoft Azure
1293,Digital Ocean
1293,Firebase
1293,Google Cloud
1293,Microsoft Azure
1294,Google Cloud
1295,AWS
1295,Microsoft Azure
1295,OVH
1296,AWS
1296,Microsoft Azure
1298,Managed Hosting
1299,AWS
1299,Microsoft Azure
1301,Digital Ocean
1304,AWS
1304,Heroku
1304,Microsoft Azure
1304,VMware
1306,OVH
1306,VMware
1307,AWS
1307,Heroku
1308,AWS
1310,AWS
1311,Firebase
1311,Google Cloud
1311,Microsoft Azure
1312,AWS
1312,Digital Ocean
1312,VMware
1313,Digital Ocean
1313,Heroku
1313,Managed Hosting
1316,Google Cloud
1318,Microsoft Azure
1319,Microsoft Azure
1321,AWS
1322,AWS
1322,VMware
1323,AWS
1324,AWS
1324,Firebase
1324,Google Cloud
1324,Heroku
1327,AWS
1327,VMware
1328,AWS
1328,Digital Ocean
1328,Firebase
1328,Google Cloud
1328,Heroku
1328,IBM Cloud Or Watson
1328,Microsoft Azure
1329,AWS
1329,Heroku
1329,Microsoft Azure
1330,AWS
1330,Digital Ocean
1331,AWS
1332,Microsoft Azure
1334,AWS
1334,Digital Ocean
1334,Heroku
1334,Microsoft Azure
1334,VMware
1335,AWS
1338,AWS
1339,Linode
1340,AWS
1341,Heroku
1343,AWS
1343,Managed Hosting
1343,VMware
1344,Digital Ocean
1344,Firebase
1344,Microsoft Azure
1344,OVH
1345,AWS
1345,Firebase
1345,Google Cloud
1345,VMware
1346,AWS
1349,AWS
1349,Microsoft Azure
1351,AWS
1351,Digital Ocean
1351,VMware
1352,AWS
1352,Firebase
1352,Google Cloud
1352,Microsoft Azure
1355,Microsoft Azure
1357,Heroku
1358,AWS
1359,AWS
1359,Heroku
1360,AWS
1360,Microsoft Azure
1361,Digital Ocean
1363,AWS
1364,AWS
1365,Heroku
1366,Microsoft Azure
1367,AWS
1367,Digital Ocean
1367,Google Cloud
1368,AWS
1368,Digital Ocean
1370,Microsoft Azure
1374,AWS
1374,Google Cloud
1374,Microsoft Azure
1377,Google Cloud
1378,AWS
1379,AWS
1379,Colocation
1379,Google Cloud
1380,AWS
1381,Heroku
1383,AWS
1383,Digital Ocean
1383,Microsoft Azure
1383,VMware
1384,AWS
1384,Microsoft Azure
1385,AWS
1385,Microsoft Azure
1388,AWS
1389,Firebase
1390,Firebase
1390,Google Cloud
1391,Digital Ocean
1393,AWS
1393,Linode
1396,AWS
1396,Linode
1396,Microsoft Azure
1398,AWS
1398,Google Cloud
1401,AWS
1401,Digital Ocean
1401,Google Cloud
1401,Managed Hosting
1401,OVH
1403,AWS
1403,Google Cloud
1403,VMware
1404,AWS
1406,Managed Hosting
1406,OVH
1407,AWS
1407,Digital Ocean
1407,Firebase
1409,Firebase
1414,AWS
1415,Google Cloud
1415,Heroku
1416,VMware
1417,Google Cloud
1418,AWS
1418,Digital Ocean
1418,Firebase
1418,Heroku
1418,Linode
1420,AWS
1422,AWS
1422,IBM Cloud Or Watson
1424,Digital Ocean
1424,Microsoft Azure
1427,AWS
1427,Heroku
1427,Microsoft Azure
1428,AWS
1428,Digital Ocean
1429,AWS
1430,AWS
1430,Microsoft Azure
1433,AWS
1433,Google Cloud
1433,Managed Hosting
1436,AWS
1436,Firebase
1436,Google Cloud
1436,Heroku
1436,Microsoft Azure
1438,Microsoft Azure
1439,AWS
1439,Google Cloud
1440,Google Cloud
1442,AWS
1443,AWS
1443,Colocation
1443,Digital Ocean
1443,VMware
1444,Managed Hosting
1445,Microsoft Azure
1446,Microsoft Azure
1447,Digital Ocean
1448,AWS
1450,AWS
1450,Microsoft Azure
1455,AWS
1455,Microsoft Azure
1456,Microsoft Azure
1457,AWS
1459,Firebase
1459,Heroku
1460,AWS
1460,Microsoft Azure
1462,Google Cloud
1464,Microsoft Azure
1467,AWS
1467,Firebase
1471,Microsoft Azure
1472,Heroku
1472,Microsoft Azure
1473,AWS
1473,Colocation
1473,Google Cloud
1473,Heroku
1473,Managed Hosting
1473,OVH
1473,OpenStack
1473,VMware
1476,Firebase
1477,Digital Ocean
1477,Google Cloud
1478,Digital Ocean
1479,AWS
1479,OVH
1480,Linode
1480,OVH
1482,Firebase
1482,Google Cloud
1484,AWS
1485,AWS
1486,AWS
1486,Firebase
1486,Google Cloud
1486,Heroku
1486,VMware
1488,Microsoft Azure
1489,AWS
1489,Colocation
1489,Oracle Cloud Infrastructure
1490,Linode
1493,Microsoft Azure
1494,AWS
1494,Google Cloud
1494,IBM Cloud Or Watson
1494,Managed Hosting
1494,Microsoft Azure
1496,Google Cloud
1497,AWS
1498,AWS
1500,AWS
1500,Oracle Cloud Infrastructure
1501,AWS
1501,Google Cloud
1503,AWS
1505,Google Cloud
1505,Microsoft Azure
1507,Microsoft Azure
1508,IBM Cloud Or Watson
1508,Microsoft Azure
1511,AWS
1511,Digital Ocean
1511,Heroku
1513,Microsoft Azure
1514,Digital Ocean
1514,Microsoft Azure
1515,AWS
1516,VMware
1517,AWS
1519,AWS
1520,AWS
1520,Google Cloud
1520,Microsoft Azure
