ResponseId,ToolsTechHaveWorkedWith
4,npm
5,Homebrew
6,Homebrew
6,npm
7,npm
10,Docker
10,Terraform
10,npm
11,Docker
11,Homebrew
11,Kubernetes
12,Docker
13,Docker
13,Homebrew
13,Yarn
13,npm
14,Docker
14,Yarn
14,npm
15,npm
16,Docker
16,npm
17,Docker
17,Homebrew
17,Kubernetes
20,Docker
20,npm
21,Docker
21,Kubernetes
22,Docker
22,Kubernetes
22,Terraform
22,Yarn
22,npm
25,Kubernetes
25,Terraform
25,npm
27,Docker
27,Yarn
27,npm
29,npm
34,Docker
34,Kubernetes
34,npm
36,Ansible
36,Docker
36,Terraform
36,npm
37,Docker
37,Homebrew
37,Yarn
37,npm
39,Ansible
39,Docker
39,Terraform
41,Docker
42,Docker
42,Yarn
42,npm
43,npm
44,Docker
45,Yarn
45,npm
46,npm
47,Docker
47,Homebrew
47,Kubernetes
47,Yarn
47,npm
49,Ansible
49,Docker
49,npm
51,Docker
51,Homebrew
51,Unity 3D
52,Ansible
52,Docker
52,Homebrew
52,Kubernetes
52,Puppet
52,Terraform
52,npm
53,npm
54,Ansible
54,Docker
54,Homebrew
54,Kubernetes
54,Terraform
55,Docker
55,npm
56,Docker
57,Docker
57,Flow
57,Kubernetes
57,Unity 3D
57,npm
58,Docker
58,Homebrew
59,Docker
59,npm
60,Ansible
60,Docker
60,Kubernetes
60,Terraform
60,Unity 3D
60,Unreal Engine
60,Yarn
60,npm
61,Docker
61,Puppet
62,Docker
62,Kubernetes
62,npm
63,Docker
63,Homebrew
63,npm
64,Unity 3D
67,Docker
67,Terraform
67,npm
68,Docker
68,Yarn
68,npm
69,Docker
69,Kubernetes
69,Puppet
71,Docker
71,Kubernetes
71,Yarn
71,npm
73,Docker
73,Terraform
73,Yarn
73,npm
76,Docker
76,Kubernetes
77,Homebrew
78,Docker
79,Docker
79,Terraform
79,npm
81,Yarn
81,npm
83,Docker
83,Yarn
84,Docker
84,npm
87,Ansible
87,Docker
87,Kubernetes
88,Docker
88,npm
91,Docker
91,Terraform
93,Docker
93,Homebrew
93,npm
95,Docker
96,Ansible
96,Docker
96,Kubernetes
96,Terraform
96,Yarn
96,npm
97,Kubernetes
97,npm
99,npm
101,Docker
101,Homebrew
101,npm
102,Docker
102,npm
103,npm
104,Docker
105,Docker
105,Homebrew
105,Yarn
106,Docker
106,Kubernetes
106,npm
109,Docker
109,Terraform
109,npm
110,Docker
112,Ansible
112,Docker
112,Kubernetes
114,Yarn
114,npm
118,Homebrew
118,npm
119,Ansible
119,Chef
119,Docker
119,Terraform
120,Ansible
120,Docker
120,Kubernetes
120,npm
121,Docker
121,Homebrew
121,Terraform
122,Docker
122,Terraform
122,npm
124,Ansible
124,Docker
124,Kubernetes
124,Terraform
124,Yarn
124,npm
125,Docker
126,Docker
126,Kubernetes
126,Yarn
127,npm
128,Unity 3D
130,Docker
131,Kubernetes
131,Terraform
132,Chef
132,Docker
132,npm
133,Docker
133,Kubernetes
134,Yarn
135,Docker
135,Homebrew
136,Unity 3D
138,Docker
138,Homebrew
138,Kubernetes
139,Chef
139,Homebrew
139,Kubernetes
140,Kubernetes
140,npm
141,npm
142,Docker
142,npm
143,Docker
143,Kubernetes
143,Terraform
143,Yarn
143,npm
147,Homebrew
147,npm
148,Terraform
148,npm
149,npm
151,Docker
151,Kubernetes
151,Yarn
151,npm
152,Docker
152,Homebrew
152,Kubernetes
152,Yarn
152,npm
153,Docker
153,Terraform
154,Docker
154,Homebrew
154,Kubernetes
154,Puppet
154,npm
155,Docker
155,Kubernetes
155,Yarn
155,npm
156,Docker
158,Docker
158,Kubernetes
158,Terraform
158,Yarn
158,npm
159,Yarn
159,npm
160,Docker
160,Unreal Engine
161,Ansible
161,Kubernetes
162,Docker
162,npm
164,Docker
165,Docker
165,Homebrew
166,Docker
166,Yarn
166,npm
167,Ansible
167,Docker
168,Docker
168,Yarn
168,npm
170,Docker
170,Homebrew
170,Kubernetes
170,Terraform
170,npm
171,Docker
171,Unity 3D
172,Docker
172,Homebrew
173,Docker
173,Yarn
173,npm
177,npm
178,Docker
178,Kubernetes
178,npm
179,Docker
179,Kubernetes
180,Docker
180,npm
181,Docker
181,Kubernetes
181,Terraform
182,Docker
182,Homebrew
182,Kubernetes
182,npm
183,Docker
183,Kubernetes
183,Terraform
184,Docker
184,Homebrew
184,Unity 3D
184,npm
185,Docker
185,Homebrew
185,npm
186,Ansible
186,Docker
188,Docker
188,Homebrew
188,npm
189,Docker
189,Homebrew
189,Kubernetes
191,Docker
192,Docker
192,Terraform
193,Docker
193,Homebrew
193,Kubernetes
193,Yarn
193,npm
194,Ansible
194,Docker
194,Homebrew
194,Kubernetes
194,Terraform
195,Docker
195,Homebrew
195,Pulumi
195,Terraform
195,Unreal Engine
195,npm
196,Docker
196,Kubernetes
197,Homebrew
197,Yarn
197,npm
198,Docker
198,Kubernetes
198,Terraform
199,Docker
199,Pulumi
201,npm
202,Docker
202,npm
203,Docker
204,Docker
205,npm
206,Docker
206,Homebrew
206,Kubernetes
206,npm
207,npm
209,Docker
209,Kubernetes
209,Terraform
210,Docker
210,Yarn
212,Docker
212,Homebrew
212,Kubernetes
212,Terraform
212,npm
214,Docker
214,npm
216,Homebrew
216,Yarn
216,npm
217,Kubernetes
217,Terraform
218,Ansible
218,Docker
219,Docker
219,Homebrew
219,Kubernetes
220,Docker
221,Docker
221,Kubernetes
222,Docker
223,npm
224,Ansible
224,Unity 3D
226,Docker
227,Docker
228,Docker
228,npm
229,Docker
229,Terraform
231,npm
234,Docker
234,Kubernetes
235,Ansible
235,Docker
235,Kubernetes
235,Terraform
237,Ansible
237,Docker
237,Kubernetes
237,Terraform
239,Homebrew
241,Kubernetes
244,npm
245,Docker
246,Docker
246,Homebrew
246,npm
247,Docker
247,Kubernetes
248,Kubernetes
248,Yarn
249,Docker
249,Unreal Engine
250,npm
252,Unity 3D
253,Terraform
254,Ansible
254,Docker
254,Terraform
256,Docker
256,Homebrew
257,Docker
257,Kubernetes
257,Terraform
257,Unity 3D
257,npm
258,npm
259,Docker
260,Docker
260,Yarn
260,npm
262,Docker
262,Homebrew
264,Docker
264,Homebrew
264,Yarn
265,Ansible
265,Docker
265,Kubernetes
265,Terraform
265,Yarn
265,npm
266,Docker
267,Ansible
267,Docker
267,Kubernetes
267,Terraform
267,Yarn
268,npm
269,Docker
269,Homebrew
269,Kubernetes
269,Terraform
269,Yarn
269,npm
270,Docker
270,Homebrew
270,npm
271,Docker
271,Homebrew
271,npm
272,Docker
272,Kubernetes
272,npm
273,Docker
273,Kubernetes
274,Ansible
274,Docker
274,Terraform
274,npm
276,Docker
276,npm
277,Ansible
277,Docker
277,Kubernetes
278,Docker
278,Yarn
278,npm
281,Docker
281,Kubernetes
281,npm
283,Docker
283,Homebrew
283,npm
284,Unity 3D
285,Terraform
285,npm
286,Docker
286,Yarn
286,npm
287,Docker
287,Yarn
287,npm
288,Docker
288,Homebrew
288,Kubernetes
288,Terraform
290,npm
291,Yarn
291,npm
292,Docker
292,Kubernetes
292,Terraform
292,Unity 3D
293,Docker
293,Unity 3D
293,npm
296,Docker
296,Kubernetes
297,Docker
297,Homebrew
299,Docker
299,Kubernetes
299,Unity 3D
299,npm
300,Docker
300,Kubernetes
302,Docker
302,Homebrew
302,Yarn
302,npm
303,Homebrew
305,Docker
305,Homebrew
305,npm
306,npm
307,Docker
307,Homebrew
307,Kubernetes
307,npm
308,Docker
308,Terraform
308,Unity 3D
310,Ansible
310,Docker
310,Homebrew
311,Docker
311,Kubernetes
311,Yarn
311,npm
312,Homebrew
312,Yarn
312,npm
313,Docker
313,npm
314,Docker
314,npm
315,Docker
315,Homebrew
315,Kubernetes
316,Homebrew
316,Terraform
318,Homebrew
318,npm
321,Docker
321,Kubernetes
321,Unity 3D
322,Chef
322,Docker
322,Kubernetes
322,Terraform
324,Docker
324,Homebrew
325,Docker
325,Homebrew
325,Kubernetes
325,Unreal Engine
325,npm
326,Docker
327,Docker
327,Kubernetes
327,npm
328,Yarn
329,Docker
330,Docker
330,npm
331,Docker
331,Kubernetes
331,Puppet
331,Terraform
331,npm
332,Yarn
332,npm
333,Ansible
333,Docker
334,Docker
335,Ansible
335,Docker
335,Puppet
336,Terraform
336,Yarn
336,npm
337,Docker
337,npm
338,Homebrew
338,npm
339,Yarn
339,npm
342,npm
343,Docker
343,Homebrew
343,Kubernetes
344,Docker
344,Homebrew
344,npm
345,Docker
345,Homebrew
345,Kubernetes
346,Ansible
346,Docker
346,Homebrew
346,Terraform
346,npm
347,Docker
347,Homebrew
347,Kubernetes
347,npm
348,Docker
349,Docker
349,Homebrew
350,npm
351,Docker
353,Docker
353,Kubernetes
354,Docker
354,Kubernetes
354,Terraform
354,npm
358,Docker
358,Homebrew
358,npm
360,Docker
360,npm
361,Docker
361,Yarn
361,npm
362,Docker
362,Homebrew
362,Yarn
363,Ansible
363,Docker
363,Kubernetes
363,Terraform
364,Docker
364,Homebrew
364,Kubernetes
365,Docker
365,Kubernetes
365,Terraform
365,npm
367,Homebrew
368,Docker
368,npm
369,Ansible
369,npm
370,Ansible
370,Docker
370,npm
371,Docker
372,Kubernetes
373,Docker
373,npm
374,Docker
374,Homebrew
374,Terraform
374,Yarn
374,npm
378,Docker
380,Docker
380,Kubernetes
380,npm
381,Docker
381,Homebrew
381,Kubernetes
381,Yarn
382,npm
383,Docker
385,Docker
385,Terraform
385,Yarn
385,npm
386,Docker
386,Yarn
386,npm
387,Puppet
387,npm
388,Docker
388,Terraform
388,npm
390,Docker
391,Docker
391,Yarn
392,Docker
392,Kubernetes
392,Terraform
392,Yarn
392,npm
393,Yarn
393,npm
394,Docker
394,Kubernetes
395,Docker
395,Kubernetes
395,Terraform
395,Unity 3D
395,Unreal Engine
395,npm
396,Docker
396,Kubernetes
396,npm
397,npm
399,Ansible
399,Docker
399,Kubernetes
400,Ansible
401,Docker
401,Kubernetes
402,Docker
402,Homebrew
402,Kubernetes
402,Yarn
402,npm
403,Docker
403,Homebrew
403,npm
405,Ansible
405,Docker
405,Kubernetes
405,Yarn
405,npm
406,Docker
406,Homebrew
406,npm
408,Docker
408,Kubernetes
408,Unreal Engine
408,npm
409,Unity 3D
409,Unreal Engine
409,npm
410,Docker
410,Yarn
411,Docker
411,npm
412,Docker
413,Terraform
414,Docker
415,Docker
415,Unity 3D
415,Unreal Engine
415,Yarn
415,npm
416,npm
418,Ansible
418,Docker
418,Kubernetes
418,Unity 3D
418,npm
419,npm
421,Docker
421,Homebrew
421,Kubernetes
421,Terraform
421,npm
422,Homebrew
423,Homebrew
423,npm
426,Docker
426,Kubernetes
426,npm
427,Docker
427,Homebrew
427,Kubernetes
427,Terraform
428,Docker
428,Unity 3D
428,Unreal Engine
428,npm
429,Docker
429,Yarn
429,npm
432,Puppet
436,npm
437,Docker
438,Docker
438,npm
439,Docker
439,Homebrew
439,Kubernetes
439,Terraform
440,Ansible
440,Docker
440,Homebrew
440,npm
441,Docker
441,Kubernetes
442,Docker
442,Kubernetes
442,Yarn
442,npm
443,Ansible
443,Docker
443,Kubernetes
444,Ansible
444,Docker
444,Terraform
444,Yarn
444,npm
445,npm
446,Yarn
447,Docker
447,Homebrew
447,Yarn
447,npm
448,Ansible
448,Docker
448,Kubernetes
449,Ansible
449,Docker
449,Kubernetes
451,Docker
451,Unreal Engine
451,npm
454,Homebrew
454,npm
455,Docker
455,Homebrew
457,Docker
457,Yarn
457,npm
458,Kubernetes
460,Homebrew
460,Yarn
460,npm
461,Homebrew
461,npm
462,Docker
462,Yarn
463,Docker
463,Homebrew
464,Docker
464,Kubernetes
465,Docker
465,npm
467,Docker
467,Homebrew
467,Kubernetes
467,Terraform
467,Yarn
467,npm
468,Docker
468,Homebrew
468,Kubernetes
468,npm
469,Ansible
469,Docker
469,Homebrew
469,Kubernetes
469,npm
470,Ansible
470,Docker
470,Kubernetes
470,npm
471,Ansible
471,Docker
471,Kubernetes
472,Docker
473,Docker
473,npm
474,Homebrew
474,Yarn
474,npm
475,Docker
475,Homebrew
475,Kubernetes
476,Docker
476,Homebrew
476,Unity 3D
476,Yarn
476,npm
477,Docker
478,Docker
478,Homebrew
479,npm
482,Unity 3D
482,Unreal Engine
482,npm
483,Docker
483,Terraform
484,Docker
484,Homebrew
484,Kubernetes
484,Yarn
484,npm
485,Docker
485,Kubernetes
486,Docker
486,npm
487,Docker
487,npm
488,Ansible
488,Docker
488,Homebrew
488,Kubernetes
488,Terraform
490,Docker
490,Homebrew
490,Kubernetes
490,Terraform
490,Yarn
490,npm
491,Docker
492,Chef
492,Docker
492,Homebrew
492,npm
493,Unity 3D
493,npm
497,Docker
497,Homebrew
497,Terraform
498,Docker
498,Terraform
499,Homebrew
499,Yarn
500,Docker
500,npm
502,Homebrew
503,Terraform
503,npm
504,Docker
505,Docker
505,Kubernetes
505,Terraform
505,Unity 3D
505,Unreal Engine
505,npm
506,Homebrew
506,npm
507,Unity 3D
507,npm
509,Docker
510,Docker
511,Docker
511,Unity 3D
511,npm
512,Yarn
512,npm
514,Docker
516,Docker
516,Kubernetes
518,Homebrew
519,Ansible
519,Docker
519,Homebrew
519,npm
520,Ansible
520,Docker
521,Docker
522,Docker
522,Kubernetes
522,Terraform
523,Docker
523,Kubernetes
523,npm
524,Docker
524,Homebrew
524,Yarn
524,npm
526,Docker
526,Kubernetes
526,Unity 3D
526,npm
527,Ansible
527,Docker
527,Homebrew
527,Yarn
528,Docker
529,Docker
529,Yarn
529,npm
531,Docker
531,npm
532,Homebrew
533,Yarn
533,npm
536,Ansible
536,Docker
537,Kubernetes
538,Docker
538,Homebrew
538,Kubernetes
538,npm
539,Docker
539,Homebrew
539,Kubernetes
539,Yarn
540,Docker
540,npm
541,Docker
541,Homebrew
541,npm
545,Docker
545,Unity 3D
545,Unreal Engine
545,npm
546,Kubernetes
547,npm
548,Homebrew
551,Ansible
551,Chef
551,Docker
551,Kubernetes
551,Terraform
551,npm
552,Ansible
552,Docker
553,Docker
553,Kubernetes
555,Docker
555,Unity 3D
555,npm
556,Yarn
558,Docker
558,Kubernetes
558,Terraform
558,Unity 3D
558,npm
559,Ansible
560,Docker
560,Homebrew
560,Yarn
560,npm
561,Docker
561,Kubernetes
562,Docker
562,Kubernetes
563,Yarn
563,npm
564,Docker
564,Homebrew
564,Kubernetes
564,Terraform
565,Docker
565,Homebrew
565,Kubernetes
565,Yarn
565,npm
566,Docker
566,Homebrew
567,Docker
568,Docker
568,Yarn
568,npm
570,Homebrew
571,Docker
571,Homebrew
572,Docker
572,Yarn
572,npm
573,Docker
573,Kubernetes
573,Terraform
573,npm
574,Docker
574,Terraform
574,npm
575,Ansible
575,Docker
575,Kubernetes
576,Docker
576,Unity 3D
576,Yarn
576,npm
577,Docker
577,Kubernetes
577,Pulumi
577,Yarn
577,npm
579,Docker
580,Homebrew
580,Kubernetes
581,Docker
581,npm
582,Docker
583,Ansible
583,Docker
583,Homebrew
584,Docker
584,Terraform
584,Yarn
584,npm
585,Docker
590,Unity 3D
590,Yarn
590,npm
591,Docker
591,Homebrew
591,Kubernetes
591,Yarn
592,Ansible
592,Docker
592,Kubernetes
592,Yarn
592,npm
593,Docker
593,Puppet
593,Unity 3D
593,Unreal Engine
593,Yarn
593,npm
594,Docker
594,Kubernetes
594,Terraform
596,Docker
596,Homebrew
596,npm
597,Yarn
597,npm
601,Docker
601,Yarn
602,Docker
602,Yarn
602,npm
605,Docker
605,Homebrew
605,Terraform
605,Yarn
605,npm
606,Homebrew
607,Yarn
607,npm
608,Docker
610,Unreal Engine
611,Docker
611,npm
612,Ansible
612,Docker
612,npm
613,Docker
613,Kubernetes
613,npm
614,Ansible
614,Docker
614,Kubernetes
614,Terraform
615,Ansible
615,Docker
615,Kubernetes
615,npm
616,Docker
616,Homebrew
616,Kubernetes
617,Unreal Engine
619,Docker
619,Homebrew
619,Kubernetes
619,Terraform
621,npm
622,npm
623,Docker
623,Homebrew
623,npm
624,Docker
625,Ansible
625,Docker
626,Docker
626,npm
627,Docker
627,Homebrew
627,Terraform
627,npm
628,Docker
628,Homebrew
628,Kubernetes
629,Docker
629,Homebrew
629,Kubernetes
629,Terraform
629,Yarn
629,npm
630,Docker
630,Kubernetes
630,Terraform
630,npm
632,Ansible
632,Homebrew
632,Terraform
632,npm
633,Docker
634,Docker
634,npm
635,Ansible
635,Docker
635,Yarn
635,npm
636,Docker
636,Kubernetes
636,Terraform
636,npm
637,npm
638,Docker
639,Unity 3D
640,Docker
640,Kubernetes
640,npm
641,Docker
641,Homebrew
641,Kubernetes
641,Terraform
642,Docker
642,Terraform
644,Yarn
644,npm
645,Docker
645,npm
647,Docker
647,Kubernetes
649,Docker
649,Homebrew
649,npm
650,Docker
650,Homebrew
650,Yarn
650,npm
651,Docker
652,npm
653,Ansible
653,Docker
653,Kubernetes
653,Puppet
654,Docker
654,Homebrew
654,Kubernetes
654,Pulumi
654,Terraform
655,Ansible
655,Docker
655,Homebrew
655,Terraform
655,Yarn
656,Yarn
656,npm
657,Docker
657,Homebrew
657,Unity 3D
657,Yarn
657,npm
658,Docker
658,Homebrew
658,Kubernetes
658,Yarn
658,npm
659,Homebrew
659,npm
660,Ansible
660,Docker
660,Homebrew
660,Yarn
660,npm
662,Docker
662,Kubernetes
662,npm
664,Docker
664,Kubernetes
664,Puppet
664,Terraform
664,npm
665,Docker
665,Homebrew
665,npm
666,Docker
666,npm
667,Docker
667,Kubernetes
668,npm
669,Docker
671,npm
672,Docker
672,Kubernetes
674,Docker
674,Homebrew
674,Kubernetes
674,Terraform
674,npm
675,Docker
675,Homebrew
675,Terraform
675,Yarn
675,npm
677,Ansible
677,Docker
677,Yarn
677,npm
680,Docker
680,npm
682,Docker
682,Yarn
682,npm
683,Docker
684,Docker
684,Kubernetes
684,npm
685,Ansible
685,Docker
685,Kubernetes
685,Yarn
685,npm
686,Unity 3D
691,Homebrew
691,Kubernetes
692,Docker
692,Unity 3D
693,Homebrew
693,Kubernetes
694,Docker
694,npm
695,Docker
695,Homebrew
695,npm
696,Docker
696,Homebrew
696,Kubernetes
696,Terraform
696,npm
697,Docker
698,npm
699,Docker
699,Homebrew
699,Kubernetes
699,Terraform
699,npm
700,Docker
701,Docker
701,Puppet
701,Terraform
701,Yarn
701,npm
702,Homebrew
702,Yarn
704,Docker
704,Homebrew
704,Terraform
704,npm
706,Ansible
706,Chef
706,Docker
706,Homebrew
706,Kubernetes
706,npm
707,Docker
707,npm
708,Ansible
708,Docker
708,npm
709,Docker
709,Kubernetes
709,Puppet
709,npm
710,Docker
710,npm
711,Docker
711,Homebrew
711,Kubernetes
711,npm
712,Docker
712,Homebrew
712,npm
713,Docker
714,Docker
715,Docker
715,Kubernetes
716,Yarn
717,Docker
717,Homebrew
717,npm
719,npm
721,Ansible
721,Chef
721,Docker
721,Kubernetes
721,Terraform
722,Docker
723,Docker
723,Homebrew
723,Kubernetes
723,npm
724,Homebrew
724,npm
725,Unity 3D
726,Ansible
726,Docker
726,Kubernetes
726,Terraform
728,Unity 3D
728,Unreal Engine
728,npm
729,Ansible
729,Chef
729,Docker
729,Homebrew
729,npm
730,Docker
730,Kubernetes
730,Unity 3D
731,Yarn
731,npm
732,Docker
732,Kubernetes
733,Docker
733,Yarn
733,npm
734,Docker
734,Kubernetes
734,Terraform
735,npm
736,Terraform
736,Yarn
736,npm
737,Docker
737,Unity 3D
737,Unreal Engine
740,Docker
741,Docker
741,Unity 3D
741,Unreal Engine
741,npm
743,Unity 3D
743,Yarn
743,npm
744,Docker
746,Docker
746,Kubernetes
747,Docker
747,npm
748,npm
749,Docker
750,Docker
750,Homebrew
751,Docker
751,Homebrew
751,npm
752,Docker
752,Kubernetes
753,Docker
755,npm
756,Docker
756,Unity 3D
757,Docker
758,Yarn
759,Docker
759,Kubernetes
759,Yarn
759,npm
761,Docker
761,Homebrew
762,Docker
763,Ansible
763,Docker
763,Kubernetes
763,Puppet
763,npm
764,Ansible
764,Docker
764,Kubernetes
765,npm
766,Docker
766,Kubernetes
766,Terraform
766,Unity 3D
766,npm
767,Ansible
767,Docker
767,Homebrew
767,Kubernetes
767,Puppet
767,Terraform
767,Yarn
767,npm
768,Docker
768,Kubernetes
768,Terraform
768,npm
769,Docker
769,npm
770,Yarn
770,npm
771,Docker
771,npm
772,Docker
772,Kubernetes
772,npm
773,Docker
773,Homebrew
773,npm
774,Ansible
774,Docker
774,Kubernetes
775,Docker
775,Homebrew
775,npm
776,Docker
776,Flow
776,Homebrew
776,Kubernetes
776,Yarn
776,npm
777,Ansible
777,Docker
777,Kubernetes
777,Unity 3D
777,npm
778,Docker
778,Kubernetes
778,npm
780,Ansible
780,Docker
780,Homebrew
780,Kubernetes
780,npm
781,Docker
783,Docker
784,Docker
784,Kubernetes
785,Unity 3D
785,Unreal Engine
785,npm
787,Docker
787,Homebrew
787,Kubernetes
788,Ansible
788,Chef
788,Docker
788,Homebrew
788,Kubernetes
788,Terraform
788,Yarn
788,npm
790,Docker
790,Homebrew
791,Docker
791,Homebrew
791,Terraform
792,Ansible
792,Docker
792,Kubernetes
793,Docker
793,Yarn
793,npm
794,npm
795,Docker
795,Homebrew
795,Kubernetes
796,Docker
797,Docker
797,Homebrew
797,npm
799,Homebrew
799,Yarn
799,npm
800,Docker
801,Docker
801,Kubernetes
802,Docker
802,npm
803,Docker
803,npm
805,Docker
805,Homebrew
805,Kubernetes
805,Pulumi
805,Terraform
805,npm
806,Docker
806,Kubernetes
806,Unreal Engine
807,Docker
807,Homebrew
807,Yarn
808,Docker
808,npm
809,Docker
809,Homebrew
809,npm
810,Docker
810,Kubernetes
810,Puppet
811,Docker
811,Homebrew
812,Docker
812,Unity 3D
813,Unity 3D
813,npm
814,Homebrew
814,Unity 3D
814,Yarn
814,npm
815,Docker
815,Kubernetes
816,Docker
816,Homebrew
816,Kubernetes
816,Unreal Engine
816,npm
817,Ansible
817,Docker
818,Docker
818,npm
819,Docker
819,npm
820,Docker
820,Kubernetes
822,Docker
824,Yarn
825,Docker
825,Homebrew
825,Yarn
825,npm
826,Ansible
826,Docker
826,Kubernetes
826,Terraform
826,npm
827,Docker
827,npm
828,Docker
828,Terraform
828,Yarn
828,npm
829,Docker
829,Homebrew
829,npm
830,Ansible
830,Docker
830,Kubernetes
830,Puppet
830,Yarn
830,npm
831,Yarn
831,npm
832,Docker
832,Homebrew
833,Unity 3D
834,Ansible
834,Docker
834,Kubernetes
834,Pulumi
834,Terraform
835,Docker
835,Homebrew
836,npm
837,Docker
837,npm
838,Docker
838,Terraform
838,npm
839,Docker
839,Terraform
840,Docker
841,Docker
841,Yarn
841,npm
842,Kubernetes
842,Yarn
842,npm
843,Unity 3D
843,Unreal Engine
844,Docker
844,Homebrew
844,Unity 3D
844,Yarn
844,npm
845,Docker
847,npm
849,Ansible
849,Docker
849,Homebrew
849,Kubernetes
849,Terraform
850,Docker
850,npm
851,Unreal Engine
852,Ansible
852,Kubernetes
852,Terraform
854,Docker
854,Kubernetes
854,Terraform
854,Unity 3D
854,npm
855,Docker
855,Pulumi
855,npm
857,Docker
857,Homebrew
857,npm
858,Ansible
858,Docker
858,Homebrew
858,Kubernetes
858,Pulumi
858,Terraform
858,Yarn
858,npm
859,Kubernetes
859,npm
860,Docker
860,Homebrew
860,Terraform
860,Yarn
860,npm
862,Docker
862,Homebrew
862,Yarn
862,npm
864,Docker
864,npm
865,Yarn
865,npm
866,Docker
866,npm
867,npm
869,Docker
869,Unity 3D
869,Unreal Engine
869,npm
870,Docker
871,Ansible
871,Docker
874,Docker
874,Homebrew
874,npm
875,Kubernetes
875,npm
876,Docker
876,Yarn
876,npm
877,Docker
877,Unity 3D
877,Unreal Engine
878,Docker
878,npm
881,npm
882,Docker
882,Kubernetes
883,Docker
883,npm
884,Docker
884,Homebrew
884,Terraform
884,Yarn
884,npm
886,Docker
887,Docker
887,Yarn
887,npm
888,Yarn
888,npm
889,npm
890,Docker
890,Unity 3D
890,Unreal Engine
890,Yarn
891,Docker
891,Kubernetes
891,Terraform
892,Unity 3D
893,npm
894,Docker
894,npm
895,Docker
895,Homebrew
895,Yarn
895,npm
896,Docker
896,Kubernetes
896,Yarn
898,Docker
902,Docker
902,Homebrew
902,npm
904,Docker
904,Homebrew
905,Docker
905,Homebrew
905,Kubernetes
905,Terraform
908,Homebrew
908,Yarn
908,npm
910,npm
911,Kubernetes
911,Pulumi
911,Unity 3D
911,Yarn
912,Docker
912,Yarn
913,npm
914,Unity 3D
914,npm
915,Docker
915,Homebrew
915,Kubernetes
916,Docker
916,npm
917,Ansible
917,Docker
917,Kubernetes
917,Yarn
917,npm
919,Yarn
922,Unity 3D
923,Docker
923,Kubernetes
923,Terraform
924,Docker
924,Unity 3D
924,Unreal Engine
924,npm
925,Docker
925,Kubernetes
925,Yarn
925,npm
926,Docker
928,Docker
928,Kubernetes
928,Yarn
928,npm
930,Docker
930,Yarn
930,npm
931,Docker
931,Homebrew
931,Yarn
931,npm
932,Docker
932,Homebrew
932,Unreal Engine
932,npm
933,Docker
935,Docker
935,Homebrew
935,npm
938,Ansible
938,Docker
938,Kubernetes
939,Homebrew
939,Yarn
939,npm
940,Docker
940,Homebrew
940,Terraform
940,Yarn
940,npm
941,Ansible
941,Docker
942,npm
943,Docker
943,Unity 3D
943,Yarn
943,npm
944,Ansible
944,Docker
945,Docker
945,Kubernetes
945,Terraform
945,Yarn
945,npm
946,Unity 3D
946,Unreal Engine
946,Yarn
946,npm
947,Homebrew
948,npm
949,Ansible
949,Docker
949,Homebrew
949,Kubernetes
949,Terraform
949,npm
950,Ansible
950,Docker
950,Terraform
950,Yarn
950,npm
951,Docker
951,Homebrew
951,Yarn
951,npm
952,Unity 3D
952,Unreal Engine
953,Docker
953,Kubernetes
954,Docker
954,Yarn
954,npm
955,Ansible
955,Docker
956,Ansible
956,Docker
956,Kubernetes
956,Pulumi
956,Terraform
956,Yarn
956,npm
957,npm
958,npm
961,Docker
961,Homebrew
962,Docker
962,Homebrew
962,Terraform
963,Terraform
964,Docker
964,Terraform
965,npm
966,Docker
966,Yarn
966,npm
967,Homebrew
967,Yarn
967,npm
968,Docker
968,Kubernetes
968,npm
969,Docker
969,Homebrew
970,npm
971,Docker
972,Yarn
972,npm
973,Yarn
973,npm
974,Docker
974,npm
975,Yarn
976,Docker
976,Homebrew
976,Kubernetes
977,Docker
977,Kubernetes
977,npm
978,Docker
980,Docker
980,Homebrew
980,Kubernetes
980,Yarn
980,npm
981,Docker
981,npm
982,Docker
982,Homebrew
984,Docker
984,npm
985,Ansible
985,Docker
985,Terraform
985,npm
986,Docker
986,Yarn
986,npm
987,Docker
987,Homebrew
987,Kubernetes
987,npm
988,Docker
988,Kubernetes
988,Terraform
989,Ansible
989,Docker
989,Kubernetes
989,Terraform
990,npm
991,Homebrew
992,Ansible
992,Docker
992,Homebrew
992,Kubernetes
993,Docker
993,npm
994,Ansible
994,Docker
994,Kubernetes
994,Terraform
994,npm
995,Docker
995,npm
996,npm
997,Docker
997,Kubernetes
997,Terraform
998,Docker
999,Unity 3D
999,Unreal Engine
1000,npm
1002,Docker
1002,Homebrew
1002,Puppet
1002,npm
1003,Docker
1003,Homebrew
1003,Kubernetes
1003,Yarn
1003,npm
1004,Ansible
1004,Yarn
1004,npm
1005,Docker
1005,Terraform
1005,Unity 3D
1005,npm
1006,Docker
1006,Kubernetes
1007,Docker
1007,Homebrew
1007,Unity 3D
1007,Yarn
1007,npm
1008,Docker
1008,Homebrew
1008,Terraform
1008,Yarn
1008,npm
1009,Docker
1009,Kubernetes
1009,npm
1010,npm
1011,npm
1012,Docker
1012,Kubernetes
1013,Unity 3D
1014,Docker
1014,Kubernetes
1015,Docker
1015,Unity 3D
1016,npm
1019,Homebrew
1019,npm
1020,Docker
1020,npm
1021,Homebrew
1021,Yarn
1021,npm
1022,Homebrew
1022,Yarn
1022,npm
1024,Docker
1024,Homebrew
1024,npm
1025,Docker
1025,Yarn
1025,npm
1026,Docker
1026,Homebrew
1026,Kubernetes
1026,Unreal Engine
1026,npm
1027,Docker
1027,Kubernetes
1027,npm
1028,Docker
1028,Homebrew
1028,Terraform
1029,Ansible
1029,Docker
1029,Kubernetes
1030,Chef
1030,Docker
1030,Kubernetes
1031,Unity 3D
1031,Unreal Engine
1034,npm
1035,Docker
1035,Unity 3D
1035,npm
1036,Docker
1037,Docker
1037,Terraform
1037,npm
1038,Docker
1038,Yarn
1038,npm
1039,Docker
1039,Homebrew
1039,Yarn
1040,Ansible
1040,Homebrew
1040,npm
1041,Docker
1043,Ansible
1043,Docker
1043,Homebrew
1043,Kubernetes
1043,Puppet
1043,npm
1044,Docker
1044,Homebrew
1044,Kubernetes
1044,Yarn
1044,npm
1046,Homebrew
1046,Terraform
1048,Yarn
1048,npm
1049,Unreal Engine
1050,Docker
1050,Homebrew
1050,Kubernetes
1050,Terraform
1051,Docker
1052,Docker
1052,Terraform
1052,npm
1053,npm
1054,Docker
1055,Docker
1055,npm
1056,Unity 3D
1057,Docker
1057,Homebrew
1057,Kubernetes
1057,Unity 3D
1057,Unreal Engine
1058,Homebrew
1059,Docker
1059,Homebrew
1059,Unity 3D
1059,npm
1060,Docker
1060,Kubernetes
1060,npm
1061,Docker
1061,Unreal Engine
1062,Docker
1062,Kubernetes
1063,Homebrew
1063,Yarn
1063,npm
1064,npm
1065,Docker
1066,Docker
1066,npm
1067,Docker
1067,Homebrew
1067,Yarn
1067,npm
1070,Docker
1070,Homebrew
1070,Terraform
1070,npm
1071,npm
1072,Docker
1072,Homebrew
1072,Unity 3D
1072,npm
1073,Docker
1073,Homebrew
1073,Kubernetes
1073,npm
1074,Ansible
1074,Docker
1074,Unity 3D
1075,Docker
1079,Docker
1080,npm
1081,npm
1083,Docker
1084,Unity 3D
1084,Unreal Engine
1085,Docker
1087,Docker
1088,Yarn
1088,npm
1089,Docker
1089,Kubernetes
1090,Chef
1090,npm
1091,Docker
1092,Yarn
1092,npm
1093,npm
1095,Docker
1096,Yarn
1097,Docker
1097,Homebrew
1097,npm
1098,Docker
1098,Homebrew
1098,Kubernetes
1098,Terraform
1098,Yarn
1100,npm
1101,Docker
1101,Homebrew
1101,Kubernetes
1101,Yarn
1101,npm
1102,Ansible
1102,Docker
1102,Homebrew
1102,Terraform
1102,Yarn
1102,npm
1103,Docker
1103,Homebrew
1103,Yarn
1104,Docker
1106,Homebrew
1107,Docker
1107,Unity 3D
1108,Docker
1110,Docker
1111,Docker
1112,Docker
1113,Docker
1113,Homebrew
1114,Docker
1115,Ansible
1115,Docker
1115,Homebrew
1115,Kubernetes
1115,Terraform
1116,Docker
1116,Yarn
1116,npm
1119,Docker
1119,Unity 3D
1120,Docker
1121,Docker
1121,Homebrew
1121,Yarn
1121,npm
1122,Docker
1122,npm
1123,Ansible
1123,Docker
1124,Docker
1124,Kubernetes
1124,Yarn
1126,Docker
1126,Homebrew
1126,Kubernetes
1126,Yarn
1126,npm
1128,Docker
1128,Kubernetes
1128,Unity 3D
1128,npm
1129,Docker
1129,Homebrew
1129,Pulumi
1129,npm
1130,Homebrew
1130,Unreal Engine
1131,Docker
1131,Yarn
1131,npm
1133,Docker
1134,Docker
1134,Homebrew
1134,Kubernetes
1134,npm
1135,Docker
1135,Kubernetes
1135,Yarn
1135,npm
1137,Docker
1137,Unity 3D
1137,Unreal Engine
1138,Docker
1138,Homebrew
1139,Docker
1139,Homebrew
1140,Docker
1141,Docker
1141,Homebrew
1141,Kubernetes
1141,Yarn
1141,npm
1143,Docker
1143,Unreal Engine
1143,npm
1144,Homebrew
1145,Docker
1145,Kubernetes
1146,Docker
1146,Homebrew
1146,npm
1149,npm
1150,Homebrew
1150,npm
1152,Homebrew
1154,Docker
1155,Unity 3D
1156,Ansible
1156,Docker
1156,Terraform
1156,Unity 3D
1156,Yarn
1157,Ansible
1158,Docker
1159,Ansible
1159,Docker
1159,npm
1160,Docker
1161,Unreal Engine
1162,Chef
1162,Docker
1162,Homebrew
1162,Kubernetes
1162,Terraform
1162,Yarn
1162,npm
1163,Ansible
1163,Docker
1163,npm
1164,Docker
1164,Kubernetes
1164,Puppet
1165,npm
1166,npm
1167,Docker
1167,Kubernetes
1167,npm
1168,Docker
1168,Kubernetes
1168,Terraform
1168,npm
1169,Yarn
1171,Ansible
1171,Docker
1171,Unity 3D
1171,npm
1172,Kubernetes
1172,Pulumi
1172,Terraform
1172,npm
1173,Docker
1173,Terraform
1173,Unity 3D
1173,Unreal Engine
1173,npm
1174,Docker
1174,npm
1175,Docker
1176,npm
1177,Homebrew
1177,Yarn
1178,Ansible
1179,Docker
1179,Homebrew
1179,Kubernetes
1179,npm
1180,Ansible
1180,Docker
1181,Docker
1181,Kubernetes
1181,Terraform
1181,Yarn
1181,npm
1182,Docker
1182,Terraform
1182,npm
1184,npm
1185,Docker
1185,Yarn
1186,Terraform
1186,Unity 3D
1186,Unreal Engine
1186,npm
1187,Ansible
1188,Docker
1188,Terraform
1188,npm
1189,Docker
1189,Kubernetes
1189,npm
1191,Docker
1191,npm
1192,Docker
1192,Unity 3D
1192,npm
1193,Ansible
1193,Docker
1193,Homebrew
1193,Terraform
1194,Docker
1194,npm
1195,Docker
1195,Homebrew
1195,npm
1196,Homebrew
1197,Docker
1197,Homebrew
1197,Kubernetes
1199,Docker
1199,npm
1200,Yarn
1200,npm
1202,Docker
1202,Kubernetes
1202,npm
1208,Unity 3D
1209,npm
1210,Ansible
1210,Docker
1210,Homebrew
1210,Kubernetes
1210,Yarn
1211,Docker
1211,Kubernetes
1211,npm
1213,Docker
1213,Kubernetes
1214,Docker
1215,Docker
1215,Yarn
1215,npm
1216,Docker
1216,Homebrew
1216,Kubernetes
1216,npm
1218,Docker
1218,Kubernetes
1218,npm
1219,Docker
1219,Kubernetes
1219,Yarn
1219,npm
1220,Unity 3D
1220,Yarn
1220,npm
1221,Docker
1221,Yarn
1221,npm
1223,Docker
1223,Yarn
1223,npm
1224,Docker
1224,npm
1225,Docker
1225,npm
1226,Docker
1226,Homebrew
1226,Yarn
1226,npm
1227,Yarn
1227,npm
1228,Docker
1228,npm
1229,Docker
1229,Kubernetes
1229,npm
1230,Docker
1231,Ansible
1231,Docker
1232,Docker
1232,Homebrew
1232,Kubernetes
1234,Ansible
1234,Docker
1234,Kubernetes
1235,Docker
1236,Ansible
1236,Docker
1236,npm
1238,Kubernetes
1238,Terraform
1238,npm
1239,Docker
1239,npm
1241,Homebrew
1244,Docker
1244,Homebrew
1244,Puppet
1244,Terraform
1244,Unity 3D
1244,npm
1245,Docker
1245,Kubernetes
1245,Terraform
1245,Yarn
1245,npm
1246,Docker
1246,Terraform
1247,Docker
1247,Kubernetes
1249,Docker
1250,Homebrew
1250,npm
1255,Ansible
1255,Docker
1256,npm
1257,Docker
1258,Docker
1258,Terraform
1261,Docker
1262,Docker
1262,Yarn
1262,npm
1263,Docker
1263,npm
1264,Docker
1264,npm
1266,Docker
1266,npm
1267,Docker
1268,Docker
1268,npm
1269,Homebrew
1269,Yarn
1269,npm
1271,Homebrew
1271,Unity 3D
1271,Yarn
1271,npm
1272,Unity 3D
1274,Ansible
1274,Docker
1274,Kubernetes
1274,npm
1275,Docker
1275,Homebrew
1275,Kubernetes
1275,Terraform
1275,Yarn
1275,npm
1276,Docker
1276,Homebrew
1276,Terraform
1277,npm
1278,Docker
1278,Homebrew
1278,Kubernetes
1278,npm
1279,Ansible
1279,Docker
1280,Docker
1280,Kubernetes
1281,Ansible
1281,Docker
1282,Docker
1282,Kubernetes
1283,Ansible
1284,Docker
1285,Ansible
1285,Docker
1285,Homebrew
1286,Unreal Engine
